-- Moli baseline seed data (exported 2026-06-11)
-- Database: moli
-- Excludes audit tables: sys_login_log, sys_operation_log
-- Prerequisite: 00_schema.sql

SET NAMES utf8mb4;
SET FOREIGN_KEY_CHECKS = 0;

-- operation_component_deploy_info: 8 rows
INSERT INTO `operation_component_deploy_info` (`id`, `create_id`, `create_time`, `update_id`, `update_time`, `component_name`, `server_ip`, `account`, `password`, `deploy_path`, `port`, `version`, `environment`, `remark`) VALUES (301, 1, '2026-06-10 00:28:39', 1, '2026-06-10 00:28:39', 'MySQL', '10.0.3.20', 'root', 'change-me', '/var/lib/mysql', '3306', '8.0.36', 4, 'moli 业务库');
INSERT INTO `operation_component_deploy_info` (`id`, `create_id`, `create_time`, `update_id`, `update_time`, `component_name`, `server_ip`, `account`, `password`, `deploy_path`, `port`, `version`, `environment`, `remark`) VALUES (302, 1, '2026-06-10 00:28:39', 1, '2026-06-10 00:28:39', 'Redis', '10.0.3.30', '-', 'change-me', '/var/lib/redis', '6379', '7.2', 4, 'Session / 验证码缓存');
INSERT INTO `operation_component_deploy_info` (`id`, `create_id`, `create_time`, `update_id`, `update_time`, `component_name`, `server_ip`, `account`, `password`, `deploy_path`, `port`, `version`, `environment`, `remark`) VALUES (303, 1, '2026-06-10 00:28:39', 1, '2026-06-10 00:28:39', 'Nginx', '52.62.xxx.xxx', 'root', 'change-me', '/etc/nginx', '443', '1.24', 4, 'HTTPS 反向代理');
INSERT INTO `operation_component_deploy_info` (`id`, `create_id`, `create_time`, `update_id`, `update_time`, `component_name`, `server_ip`, `account`, `password`, `deploy_path`, `port`, `version`, `environment`, `remark`) VALUES (304, 1, '2026-06-10 00:28:39', 1, '2026-06-10 00:28:39', 'MinIO', '127.0.0.1', 'minioadmin', 'change-me', '/data/minio', '9000', 'RELEASE.2024', 1, '开发环境文件存储');
INSERT INTO `operation_component_deploy_info` (`id`, `create_id`, `create_time`, `update_id`, `update_time`, `component_name`, `server_ip`, `account`, `password`, `deploy_path`, `port`, `version`, `environment`, `remark`) VALUES (305, 1, '2026-06-10 00:28:39', 1, '2026-06-10 00:28:39', 'Java Runtime', '52.62.xxx.xxx', 'ec2-user', '-', '/usr/lib/jvm/java-11-amazon-corretto', '-', '11', 4, 'Spring Boot 运行环境');
INSERT INTO `operation_component_deploy_info` (`id`, `create_id`, `create_time`, `update_id`, `update_time`, `component_name`, `server_ip`, `account`, `password`, `deploy_path`, `port`, `version`, `environment`, `remark`) VALUES (306, 1, '2026-06-10 00:28:39', 1, '2026-06-10 00:28:39', 'Redis', '127.0.0.1', '-', 'change-me', '/var/lib/redis', '6379', '7.2', 1, '本地开发 Redis');
INSERT INTO `operation_component_deploy_info` (`id`, `create_id`, `create_time`, `update_id`, `update_time`, `component_name`, `server_ip`, `account`, `password`, `deploy_path`, `port`, `version`, `environment`, `remark`) VALUES (307, 1, '2026-06-10 00:28:39', 1, '2026-06-10 00:28:39', 'MySQL', '127.0.0.1', 'root', 'change-me', '/var/lib/mysql', '3306', '8.0.36', 1, '本地 moli 库');
INSERT INTO `operation_component_deploy_info` (`id`, `create_id`, `create_time`, `update_id`, `update_time`, `component_name`, `server_ip`, `account`, `password`, `deploy_path`, `port`, `version`, `environment`, `remark`) VALUES (308, 1, '2026-06-10 00:28:39', 1, '2026-06-10 00:28:39', 'Systemd', '52.62.xxx.xxx', 'root', '-', '/etc/systemd/system/moli-server.service', '-', '-', 4, '后端进程托管');

-- operation_platform_info: 6 rows
INSERT INTO `operation_platform_info` (`id`, `create_id`, `create_time`, `update_id`, `update_time`, `platform_name`, `url`, `account`, `password`, `environment`, `remark`) VALUES (101, 1, '2026-06-10 00:28:39', 1, '2026-06-10 00:28:39', 'AWS 控制台', 'https://console.aws.amazon.com', 'ops@wu-jinsen.com', 'change-me', 4, '悉尼区域 ap-southeast-2，EC2/RDS/S3 管理');
INSERT INTO `operation_platform_info` (`id`, `create_id`, `create_time`, `update_id`, `update_time`, `platform_name`, `url`, `account`, `password`, `environment`, `remark`) VALUES (102, 1, '2026-06-10 00:28:39', 1, '2026-06-10 00:28:39', 'GitHub', 'https://github.com/wujinsen/moli-project-single', 'wujinsen', 'change-me', 4, '后端代码仓库');
INSERT INTO `operation_platform_info` (`id`, `create_id`, `create_time`, `update_id`, `update_time`, `platform_name`, `url`, `account`, `password`, `environment`, `remark`) VALUES (103, 1, '2026-06-10 00:28:39', 1, '2026-06-10 00:28:39', 'Jenkins', 'https://jenkins.wu-jinsen.com', 'jenkins', 'change-me', 4, 'CI/CD 构建与部署');
INSERT INTO `operation_platform_info` (`id`, `create_id`, `create_time`, `update_id`, `update_time`, `platform_name`, `url`, `account`, `password`, `environment`, `remark`) VALUES (104, 1, '2026-06-10 00:28:39', 1, '2026-06-10 00:28:39', 'MinIO 控制台', 'http://localhost:9000', 'minioadmin', 'change-me', 1, '本地/开发环境对象存储');
INSERT INTO `operation_platform_info` (`id`, `create_id`, `create_time`, `update_id`, `update_time`, `platform_name`, `url`, `account`, `password`, `environment`, `remark`) VALUES (105, 1, '2026-06-10 00:28:39', 1, '2026-06-10 00:28:39', 'Swagger 文档', 'http://localhost:9080/swagger-ui.html', '-', '-', 1, '开发环境 API 文档');
INSERT INTO `operation_platform_info` (`id`, `create_id`, `create_time`, `update_id`, `update_time`, `platform_name`, `url`, `account`, `password`, `environment`, `remark`) VALUES (106, 1, '2026-06-10 00:28:39', 1, '2026-06-10 00:28:39', 'Route 53 / DNS', 'https://console.aws.amazon.com/route53', 'ops@wu-jinsen.com', 'change-me', 4, 'wu-jinsen.com 域名解析');

-- operation_project_deploy_info: 6 rows
INSERT INTO `operation_project_deploy_info` (`id`, `create_id`, `create_time`, `update_id`, `update_time`, `server_id`, `server_ip`, `inner_ip`, `url`, `project_name`, `deploy_path`, `port`, `environment`, `remark`) VALUES (401, 1, '2026-06-10 00:28:39', 1, '2026-06-10 00:28:39', 201, '127.0.0.1', '127.0.0.1', 'http://localhost:9080', 'moli-server', '/opt/moli/moli-server', '9080', 1, '棠羽管理系统后端，Spring Boot');
INSERT INTO `operation_project_deploy_info` (`id`, `create_id`, `create_time`, `update_id`, `update_time`, `server_id`, `server_ip`, `inner_ip`, `url`, `project_name`, `deploy_path`, `port`, `environment`, `remark`) VALUES (402, 1, '2026-06-10 00:28:39', 1, '2026-06-10 00:28:39', 204, '52.62.xxx.xxx', '172.31.30.10', 'https://api.wu-jinsen.com', 'moli-server', '/opt/moli/moli-server', '9080', 4, '生产后端 JAR 部署');
INSERT INTO `operation_project_deploy_info` (`id`, `create_id`, `create_time`, `update_id`, `update_time`, `server_id`, `server_ip`, `inner_ip`, `url`, `project_name`, `deploy_path`, `port`, `environment`, `remark`) VALUES (403, 1, '2026-06-10 00:28:39', 1, '2026-06-10 00:28:39', 204, '52.62.xxx.xxx', '172.31.30.10', 'https://admin.wu-jinsen.com', 'moli-admin', '/usr/share/nginx/html/admin', '443', 4, '管理后台前端静态资源');
INSERT INTO `operation_project_deploy_info` (`id`, `create_id`, `create_time`, `update_id`, `update_time`, `server_id`, `server_ip`, `inner_ip`, `url`, `project_name`, `deploy_path`, `port`, `environment`, `remark`) VALUES (404, 1, '2026-06-10 00:28:39', 1, '2026-06-10 00:28:39', 202, '10.0.1.10', '172.31.10.10', 'http://10.0.1.10:9080', 'moli-server', '/opt/moli/moli-server', '9080', 2, '测试环境后端');
INSERT INTO `operation_project_deploy_info` (`id`, `create_id`, `create_time`, `update_id`, `update_time`, `server_id`, `server_ip`, `inner_ip`, `url`, `project_name`, `deploy_path`, `port`, `environment`, `remark`) VALUES (405, 1, '2026-06-10 00:28:39', 1, '2026-06-10 00:28:39', 203, '10.0.2.10', '172.31.20.10', 'http://10.0.2.10:9080', 'moli-server', '/opt/moli/moli-server', '9080', 3, '预发布环境后端');
INSERT INTO `operation_project_deploy_info` (`id`, `create_id`, `create_time`, `update_id`, `update_time`, `server_id`, `server_ip`, `inner_ip`, `url`, `project_name`, `deploy_path`, `port`, `environment`, `remark`) VALUES (406, 1, '2026-06-10 00:28:39', 1, '2026-06-10 00:28:39', 201, '127.0.0.1', '127.0.0.1', 'http://localhost:9528', 'moli-admin', '/dev/moli-admin', '9528', 1, '本地前端开发服务');

-- operation_server_component: 10 rows
INSERT INTO `operation_server_component` (`id`, `server_id`, `component_id`) VALUES (9101, 201, 306);
INSERT INTO `operation_server_component` (`id`, `server_id`, `component_id`) VALUES (9102, 201, 307);
INSERT INTO `operation_server_component` (`id`, `server_id`, `component_id`) VALUES (9103, 201, 304);
INSERT INTO `operation_server_component` (`id`, `server_id`, `component_id`) VALUES (9104, 204, 303);
INSERT INTO `operation_server_component` (`id`, `server_id`, `component_id`) VALUES (9105, 204, 305);
INSERT INTO `operation_server_component` (`id`, `server_id`, `component_id`) VALUES (9106, 204, 308);
INSERT INTO `operation_server_component` (`id`, `server_id`, `component_id`) VALUES (9107, 205, 301);
INSERT INTO `operation_server_component` (`id`, `server_id`, `component_id`) VALUES (9108, 206, 302);
INSERT INTO `operation_server_component` (`id`, `server_id`, `component_id`) VALUES (9109, 202, 301);
INSERT INTO `operation_server_component` (`id`, `server_id`, `component_id`) VALUES (9110, 202, 302);

-- operation_server_info: 6 rows
INSERT INTO `operation_server_info` (`id`, `create_id`, `create_time`, `update_id`, `update_time`, `server_name`, `ip`, `inner_ip`, `port`, `environment`, `remark`) VALUES (201, 1, '2026-06-10 00:28:39', 1, '2026-06-10 00:28:39', 'moli-backend-dev', '127.0.0.1', '127.0.0.1', '9080', 1, '本地开发机，跑 moli-server + Redis');
INSERT INTO `operation_server_info` (`id`, `create_id`, `create_time`, `update_id`, `update_time`, `server_name`, `ip`, `inner_ip`, `port`, `environment`, `remark`) VALUES (202, 1, '2026-06-10 00:28:39', 1, '2026-06-10 00:28:39', 'moli-backend-test', '10.0.1.10', '172.31.10.10', '9080', 2, '测试环境 EC2');
INSERT INTO `operation_server_info` (`id`, `create_id`, `create_time`, `update_id`, `update_time`, `server_name`, `ip`, `inner_ip`, `port`, `environment`, `remark`) VALUES (203, 1, '2026-06-10 00:28:39', 1, '2026-06-10 00:28:39', 'moli-backend-pre', '10.0.2.10', '172.31.20.10', '9080', 3, '预发布环境 EC2');
INSERT INTO `operation_server_info` (`id`, `create_id`, `create_time`, `update_id`, `update_time`, `server_name`, `ip`, `inner_ip`, `port`, `environment`, `remark`) VALUES (204, 1, '2026-06-10 00:28:39', 1, '2026-06-10 00:28:39', 'moli-backend-pro', '52.62.xxx.xxx', '172.31.30.10', '443', 4, '生产 EC2，Nginx 反代 api.wu-jinsen.com');
INSERT INTO `operation_server_info` (`id`, `create_id`, `create_time`, `update_id`, `update_time`, `server_name`, `ip`, `inner_ip`, `port`, `environment`, `remark`) VALUES (205, 1, '2026-06-10 00:28:39', 1, '2026-06-10 00:28:39', 'moli-mysql-pro', '10.0.3.20', '172.31.30.20', '3306', 4, 'RDS MySQL 或自建数据库');
INSERT INTO `operation_server_info` (`id`, `create_id`, `create_time`, `update_id`, `update_time`, `server_name`, `ip`, `inner_ip`, `port`, `environment`, `remark`) VALUES (206, 1, '2026-06-10 00:28:39', 1, '2026-06-10 00:28:39', 'moli-redis-pro', '10.0.3.30', '172.31.30.30', '6379', 4, 'Redis，Shiro Session 存储');

-- operation_server_project: 6 rows
INSERT INTO `operation_server_project` (`id`, `server_id`, `project_id`) VALUES (9001, 201, 401);
INSERT INTO `operation_server_project` (`id`, `server_id`, `project_id`) VALUES (9002, 201, 406);
INSERT INTO `operation_server_project` (`id`, `server_id`, `project_id`) VALUES (9003, 202, 404);
INSERT INTO `operation_server_project` (`id`, `server_id`, `project_id`) VALUES (9004, 203, 405);
INSERT INTO `operation_server_project` (`id`, `server_id`, `project_id`) VALUES (9005, 204, 402);
INSERT INTO `operation_server_project` (`id`, `server_id`, `project_id`) VALUES (9006, 204, 403);

-- sys_action: 38 rows
INSERT INTO `sys_action` (`id`, `perm_code`, `resource`, `action`, `name`, `menu_id`, `order_num`, `status`) VALUES (1, 'system:user:add', 'user', 'add', '新增用户', 2, 1, 1);
INSERT INTO `sys_action` (`id`, `perm_code`, `resource`, `action`, `name`, `menu_id`, `order_num`, `status`) VALUES (2, 'system:user:edit', 'user', 'edit', '修改用户', 2, 2, 1);
INSERT INTO `sys_action` (`id`, `perm_code`, `resource`, `action`, `name`, `menu_id`, `order_num`, `status`) VALUES (3, 'system:user:remove', 'user', 'remove', '删除用户', 2, 3, 1);
INSERT INTO `sys_action` (`id`, `perm_code`, `resource`, `action`, `name`, `menu_id`, `order_num`, `status`) VALUES (4, 'system:user:resetPwd', 'user', 'resetPwd', '重置密码', 2, 4, 1);
INSERT INTO `sys_action` (`id`, `perm_code`, `resource`, `action`, `name`, `menu_id`, `order_num`, `status`) VALUES (5, 'system:user:assignRole', 'user', 'assignRole', '分配角色', 2, 5, 1);
INSERT INTO `sys_action` (`id`, `perm_code`, `resource`, `action`, `name`, `menu_id`, `order_num`, `status`) VALUES (6, 'system:user:assignSystem', 'user', 'assignSystem', '分配系统', 2, 6, 1);
INSERT INTO `sys_action` (`id`, `perm_code`, `resource`, `action`, `name`, `menu_id`, `order_num`, `status`) VALUES (7, 'system:role:add', 'role', 'add', '新增角色', 3, 1, 1);
INSERT INTO `sys_action` (`id`, `perm_code`, `resource`, `action`, `name`, `menu_id`, `order_num`, `status`) VALUES (8, 'system:role:edit', 'role', 'edit', '修改角色', 3, 2, 1);
INSERT INTO `sys_action` (`id`, `perm_code`, `resource`, `action`, `name`, `menu_id`, `order_num`, `status`) VALUES (9, 'system:role:remove', 'role', 'remove', '删除角色', 3, 3, 1);
INSERT INTO `sys_action` (`id`, `perm_code`, `resource`, `action`, `name`, `menu_id`, `order_num`, `status`) VALUES (10, 'system:menu:add', 'menu', 'add', '新增菜单', 4, 1, 1);
INSERT INTO `sys_action` (`id`, `perm_code`, `resource`, `action`, `name`, `menu_id`, `order_num`, `status`) VALUES (11, 'system:menu:edit', 'menu', 'edit', '修改菜单', 4, 2, 1);
INSERT INTO `sys_action` (`id`, `perm_code`, `resource`, `action`, `name`, `menu_id`, `order_num`, `status`) VALUES (12, 'system:menu:remove', 'menu', 'remove', '删除菜单', 4, 3, 1);
INSERT INTO `sys_action` (`id`, `perm_code`, `resource`, `action`, `name`, `menu_id`, `order_num`, `status`) VALUES (13, 'system:dept:add', 'dept', 'add', '新增部门', 5, 1, 1);
INSERT INTO `sys_action` (`id`, `perm_code`, `resource`, `action`, `name`, `menu_id`, `order_num`, `status`) VALUES (14, 'system:dept:edit', 'dept', 'edit', '修改部门', 5, 2, 1);
INSERT INTO `sys_action` (`id`, `perm_code`, `resource`, `action`, `name`, `menu_id`, `order_num`, `status`) VALUES (15, 'system:dept:remove', 'dept', 'remove', '删除部门', 5, 3, 1);
INSERT INTO `sys_action` (`id`, `perm_code`, `resource`, `action`, `name`, `menu_id`, `order_num`, `status`) VALUES (16, 'system:post:add', 'post', 'add', '新增岗位', 6, 1, 1);
INSERT INTO `sys_action` (`id`, `perm_code`, `resource`, `action`, `name`, `menu_id`, `order_num`, `status`) VALUES (17, 'system:post:edit', 'post', 'edit', '修改岗位', 6, 2, 1);
INSERT INTO `sys_action` (`id`, `perm_code`, `resource`, `action`, `name`, `menu_id`, `order_num`, `status`) VALUES (18, 'system:post:remove', 'post', 'remove', '删除岗位', 6, 3, 1);
INSERT INTO `sys_action` (`id`, `perm_code`, `resource`, `action`, `name`, `menu_id`, `order_num`, `status`) VALUES (55, 'system:dict:add', 'dict', 'add', '新增字典', 7, 1, 1);
INSERT INTO `sys_action` (`id`, `perm_code`, `resource`, `action`, `name`, `menu_id`, `order_num`, `status`) VALUES (56, 'system:dict:edit', 'dict', 'edit', '修改字典', 7, 2, 1);
INSERT INTO `sys_action` (`id`, `perm_code`, `resource`, `action`, `name`, `menu_id`, `order_num`, `status`) VALUES (57, 'system:dict:remove', 'dict', 'remove', '删除字典', 7, 3, 1);
INSERT INTO `sys_action` (`id`, `perm_code`, `resource`, `action`, `name`, `menu_id`, `order_num`, `status`) VALUES (58, 'system:system:add', 'system', 'add', '新增系统', 720069615614427136, 1, 1);
INSERT INTO `sys_action` (`id`, `perm_code`, `resource`, `action`, `name`, `menu_id`, `order_num`, `status`) VALUES (59, 'system:system:edit', 'system', 'edit', '修改系统', 720069615614427136, 2, 1);
INSERT INTO `sys_action` (`id`, `perm_code`, `resource`, `action`, `name`, `menu_id`, `order_num`, `status`) VALUES (60, 'system:system:remove', 'system', 'remove', '删除系统', 720069615614427136, 3, 1);
INSERT INTO `sys_action` (`id`, `perm_code`, `resource`, `action`, `name`, `menu_id`, `order_num`, `status`) VALUES (61, 'system:operlog:remove', 'operlog', 'remove', '删除操作日志', 719698282376331264, 1, 1);
INSERT INTO `sys_action` (`id`, `perm_code`, `resource`, `action`, `name`, `menu_id`, `order_num`, `status`) VALUES (62, 'system:loginlog:remove', 'loginlog', 'remove', '删除登录日志', 719706422979330048, 1, 1);
INSERT INTO `sys_action` (`id`, `perm_code`, `resource`, `action`, `name`, `menu_id`, `order_num`, `status`) VALUES (63, 'operation:platform:add', 'platform', 'add', '新增平台', 403, 1, 1);
INSERT INTO `sys_action` (`id`, `perm_code`, `resource`, `action`, `name`, `menu_id`, `order_num`, `status`) VALUES (64, 'operation:platform:edit', 'platform', 'edit', '修改平台', 403, 2, 1);
INSERT INTO `sys_action` (`id`, `perm_code`, `resource`, `action`, `name`, `menu_id`, `order_num`, `status`) VALUES (65, 'operation:platform:remove', 'platform', 'remove', '删除平台', 403, 3, 1);
INSERT INTO `sys_action` (`id`, `perm_code`, `resource`, `action`, `name`, `menu_id`, `order_num`, `status`) VALUES (66, 'operation:server:add', 'server', 'add', '新增服务器', 402, 1, 1);
INSERT INTO `sys_action` (`id`, `perm_code`, `resource`, `action`, `name`, `menu_id`, `order_num`, `status`) VALUES (67, 'operation:server:edit', 'server', 'edit', '修改服务器', 402, 2, 1);
INSERT INTO `sys_action` (`id`, `perm_code`, `resource`, `action`, `name`, `menu_id`, `order_num`, `status`) VALUES (68, 'operation:server:remove', 'server', 'remove', '删除服务器', 402, 3, 1);
INSERT INTO `sys_action` (`id`, `perm_code`, `resource`, `action`, `name`, `menu_id`, `order_num`, `status`) VALUES (69, 'operation:project:add', 'project', 'add', '新增项目', 401, 1, 1);
INSERT INTO `sys_action` (`id`, `perm_code`, `resource`, `action`, `name`, `menu_id`, `order_num`, `status`) VALUES (70, 'operation:project:edit', 'project', 'edit', '修改项目', 401, 2, 1);
INSERT INTO `sys_action` (`id`, `perm_code`, `resource`, `action`, `name`, `menu_id`, `order_num`, `status`) VALUES (71, 'operation:project:remove', 'project', 'remove', '删除项目', 401, 3, 1);
INSERT INTO `sys_action` (`id`, `perm_code`, `resource`, `action`, `name`, `menu_id`, `order_num`, `status`) VALUES (72, 'operation:component:add', 'component', 'add', '新增组件', 404, 1, 1);
INSERT INTO `sys_action` (`id`, `perm_code`, `resource`, `action`, `name`, `menu_id`, `order_num`, `status`) VALUES (73, 'operation:component:edit', 'component', 'edit', '修改组件', 404, 2, 1);
INSERT INTO `sys_action` (`id`, `perm_code`, `resource`, `action`, `name`, `menu_id`, `order_num`, `status`) VALUES (74, 'operation:component:remove', 'component', 'remove', '删除组件', 404, 3, 1);

-- sys_dept: 34 rows
INSERT INTO `sys_dept` (`id`, `create_id`, `create_time`, `update_id`, `update_time`, `parent_id`, `dept_name`, `order_num`, `status`) VALUES (100, 1, '2026-06-09 23:52:26', 1, '2026-06-09 23:52:26', 0, '研发部', 1, 1);
INSERT INTO `sys_dept` (`id`, `create_id`, `create_time`, `update_id`, `update_time`, `parent_id`, `dept_name`, `order_num`, `status`) VALUES (101, 1, '2026-06-09 23:52:26', 1, '2026-06-09 23:52:26', 100, '架构部', 1, 1);
INSERT INTO `sys_dept` (`id`, `create_id`, `create_time`, `update_id`, `update_time`, `parent_id`, `dept_name`, `order_num`, `status`) VALUES (102, 1, '2026-06-09 23:52:26', 1, '2026-06-09 23:52:26', 100, '后端开发部', 2, 1);
INSERT INTO `sys_dept` (`id`, `create_id`, `create_time`, `update_id`, `update_time`, `parent_id`, `dept_name`, `order_num`, `status`) VALUES (103, 1, '2026-06-09 23:52:26', 1, '2026-06-09 23:52:26', 100, '测试部', 3, 1);
INSERT INTO `sys_dept` (`id`, `create_id`, `create_time`, `update_id`, `update_time`, `parent_id`, `dept_name`, `order_num`, `status`) VALUES (104, 1, '2026-06-09 23:52:26', 1, '2026-06-09 23:52:26', 100, '移动端部', 4, 1);
INSERT INTO `sys_dept` (`id`, `create_id`, `create_time`, `update_id`, `update_time`, `parent_id`, `dept_name`, `order_num`, `status`) VALUES (105, 1, '2026-06-09 23:52:26', 1, '2026-06-09 23:52:26', 100, '数据算法部', 5, 1);
INSERT INTO `sys_dept` (`id`, `create_id`, `create_time`, `update_id`, `update_time`, `parent_id`, `dept_name`, `order_num`, `status`) VALUES (106, 1, '2026-06-09 23:52:26', 1, '2026-06-09 23:52:26', 100, '信息安全部', 6, 1);
INSERT INTO `sys_dept` (`id`, `create_id`, `create_time`, `update_id`, `update_time`, `parent_id`, `dept_name`, `order_num`, `status`) VALUES (200, 1, '2026-06-09 23:52:26', 1, '2026-06-09 23:52:26', 0, '产品部', 2, 1);
INSERT INTO `sys_dept` (`id`, `create_id`, `create_time`, `update_id`, `update_time`, `parent_id`, `dept_name`, `order_num`, `status`) VALUES (201, 1, '2026-06-09 23:52:26', 1, '2026-06-09 23:52:26', 200, '产品设计组', 1, 1);
INSERT INTO `sys_dept` (`id`, `create_id`, `create_time`, `update_id`, `update_time`, `parent_id`, `dept_name`, `order_num`, `status`) VALUES (202, 1, '2026-06-09 23:52:26', 1, '2026-06-09 23:52:26', 200, '用户研究组', 2, 1);
INSERT INTO `sys_dept` (`id`, `create_id`, `create_time`, `update_id`, `update_time`, `parent_id`, `dept_name`, `order_num`, `status`) VALUES (203, 1, '2026-06-09 23:52:26', 1, '2026-06-09 23:52:26', 200, '项目管理组', 3, 1);
INSERT INTO `sys_dept` (`id`, `create_id`, `create_time`, `update_id`, `update_time`, `parent_id`, `dept_name`, `order_num`, `status`) VALUES (300, 1, '2026-06-09 23:52:26', 1, '2026-06-09 23:52:26', 0, '设计部', 3, 1);
INSERT INTO `sys_dept` (`id`, `create_id`, `create_time`, `update_id`, `update_time`, `parent_id`, `dept_name`, `order_num`, `status`) VALUES (301, 1, '2026-06-09 23:52:26', 1, '2026-06-09 23:52:26', 300, 'UI设计组', 1, 1);
INSERT INTO `sys_dept` (`id`, `create_id`, `create_time`, `update_id`, `update_time`, `parent_id`, `dept_name`, `order_num`, `status`) VALUES (302, 1, '2026-06-09 23:52:26', 1, '2026-06-09 23:52:26', 300, 'UX设计组', 2, 1);
INSERT INTO `sys_dept` (`id`, `create_id`, `create_time`, `update_id`, `update_time`, `parent_id`, `dept_name`, `order_num`, `status`) VALUES (303, 1, '2026-06-09 23:52:26', 1, '2026-06-09 23:52:26', 300, '视觉设计组', 3, 1);
INSERT INTO `sys_dept` (`id`, `create_id`, `create_time`, `update_id`, `update_time`, `parent_id`, `dept_name`, `order_num`, `status`) VALUES (400, 1, '2026-06-09 23:52:26', 1, '2026-06-09 23:52:26', 0, '运营部', 4, 1);
INSERT INTO `sys_dept` (`id`, `create_id`, `create_time`, `update_id`, `update_time`, `parent_id`, `dept_name`, `order_num`, `status`) VALUES (401, 1, '2026-06-09 23:52:26', 1, '2026-06-09 23:52:26', 400, '用户运营组', 1, 1);
INSERT INTO `sys_dept` (`id`, `create_id`, `create_time`, `update_id`, `update_time`, `parent_id`, `dept_name`, `order_num`, `status`) VALUES (402, 1, '2026-06-09 23:52:26', 1, '2026-06-09 23:52:26', 400, '内容运营组', 2, 1);
INSERT INTO `sys_dept` (`id`, `create_id`, `create_time`, `update_id`, `update_time`, `parent_id`, `dept_name`, `order_num`, `status`) VALUES (403, 1, '2026-06-09 23:52:26', 1, '2026-06-09 23:52:26', 400, '活动运营组', 3, 1);
INSERT INTO `sys_dept` (`id`, `create_id`, `create_time`, `update_id`, `update_time`, `parent_id`, `dept_name`, `order_num`, `status`) VALUES (404, 1, '2026-06-09 23:52:26', 1, '2026-06-09 23:52:26', 400, '社群运营组', 4, 1);
INSERT INTO `sys_dept` (`id`, `create_id`, `create_time`, `update_id`, `update_time`, `parent_id`, `dept_name`, `order_num`, `status`) VALUES (500, 1, '2026-06-09 23:52:26', 1, '2026-06-09 23:52:26', 0, '市场部', 5, 1);
INSERT INTO `sys_dept` (`id`, `create_id`, `create_time`, `update_id`, `update_time`, `parent_id`, `dept_name`, `order_num`, `status`) VALUES (501, 1, '2026-06-09 23:52:26', 1, '2026-06-09 23:52:26', 500, '品牌市场组', 1, 1);
INSERT INTO `sys_dept` (`id`, `create_id`, `create_time`, `update_id`, `update_time`, `parent_id`, `dept_name`, `order_num`, `status`) VALUES (502, 1, '2026-06-09 23:52:26', 1, '2026-06-09 23:52:26', 500, '增长营销组', 2, 1);
INSERT INTO `sys_dept` (`id`, `create_id`, `create_time`, `update_id`, `update_time`, `parent_id`, `dept_name`, `order_num`, `status`) VALUES (503, 1, '2026-06-09 23:52:26', 1, '2026-06-09 23:52:26', 500, '商务合作组', 3, 1);
INSERT INTO `sys_dept` (`id`, `create_id`, `create_time`, `update_id`, `update_time`, `parent_id`, `dept_name`, `order_num`, `status`) VALUES (600, 1, '2026-06-09 23:52:26', 1, '2026-06-09 23:52:26', 0, '职能中心', 6, 1);
INSERT INTO `sys_dept` (`id`, `create_id`, `create_time`, `update_id`, `update_time`, `parent_id`, `dept_name`, `order_num`, `status`) VALUES (601, 1, '2026-06-09 23:52:26', 1, '2026-06-09 23:52:26', 600, '人力资源部', 1, 1);
INSERT INTO `sys_dept` (`id`, `create_id`, `create_time`, `update_id`, `update_time`, `parent_id`, `dept_name`, `order_num`, `status`) VALUES (602, 1, '2026-06-09 23:52:26', 1, '2026-06-09 23:52:26', 600, '财务部', 2, 1);
INSERT INTO `sys_dept` (`id`, `create_id`, `create_time`, `update_id`, `update_time`, `parent_id`, `dept_name`, `order_num`, `status`) VALUES (603, 1, '2026-06-09 23:52:26', 1, '2026-06-09 23:52:26', 600, '行政部', 3, 1);
INSERT INTO `sys_dept` (`id`, `create_id`, `create_time`, `update_id`, `update_time`, `parent_id`, `dept_name`, `order_num`, `status`) VALUES (604, 1, '2026-06-09 23:52:26', 1, '2026-06-09 23:52:26', 600, '法务部', 4, 1);
INSERT INTO `sys_dept` (`id`, `create_id`, `create_time`, `update_id`, `update_time`, `parent_id`, `dept_name`, `order_num`, `status`) VALUES (605, 1, '2026-06-09 23:52:26', 1, '2026-06-09 23:52:26', 600, '客服部', 5, 1);
INSERT INTO `sys_dept` (`id`, `create_id`, `create_time`, `update_id`, `update_time`, `parent_id`, `dept_name`, `order_num`, `status`) VALUES (1011, 1, '2026-06-09 23:52:26', 1, '2026-06-09 23:52:26', 101, 'IT部门', 1, 1);
INSERT INTO `sys_dept` (`id`, `create_id`, `create_time`, `update_id`, `update_time`, `parent_id`, `dept_name`, `order_num`, `status`) VALUES (1012, 1, '2026-06-09 23:52:26', 1, '2026-06-09 23:52:26', 101, '运维部', 2, 1);
INSERT INTO `sys_dept` (`id`, `create_id`, `create_time`, `update_id`, `update_time`, `parent_id`, `dept_name`, `order_num`, `status`) VALUES (1013, 1, '2026-06-09 23:52:26', 1, '2026-06-09 23:52:26', 101, '前端部门', 3, 1);
INSERT INTO `sys_dept` (`id`, `create_id`, `create_time`, `update_id`, `update_time`, `parent_id`, `dept_name`, `order_num`, `status`) VALUES (1014, 1, '2026-06-09 23:52:26', 1, '2026-06-09 23:52:26', 101, 'DevOps部', 4, 1);

-- sys_dict_data: 35 rows
INSERT INTO `sys_dict_data` (`id`, `create_id`, `create_time`, `update_id`, `update_time`, `sort`, `dict_key`, `dict_value`, `dict_value_en`, `dict_value_ja`, `dict_type`, `status`, `remark`) VALUES (101, 1, '2026-06-10 01:28:39', 1, '2026-06-10 01:28:39', 1, '0', '男', 'Male', '男性', 'sys_user_sex', 1, NULL);
INSERT INTO `sys_dict_data` (`id`, `create_id`, `create_time`, `update_id`, `update_time`, `sort`, `dict_key`, `dict_value`, `dict_value_en`, `dict_value_ja`, `dict_type`, `status`, `remark`) VALUES (102, 1, '2026-06-10 01:28:39', 1, '2026-06-10 01:28:39', 2, '1', '女', 'Female', '女性', 'sys_user_sex', 1, NULL);
INSERT INTO `sys_dict_data` (`id`, `create_id`, `create_time`, `update_id`, `update_time`, `sort`, `dict_key`, `dict_value`, `dict_value_en`, `dict_value_ja`, `dict_type`, `status`, `remark`) VALUES (103, 1, '2026-06-10 01:28:39', 1, '2026-06-10 01:28:39', 3, '2', '未知', 'Unknown', '不明', 'sys_user_sex', 1, NULL);
INSERT INTO `sys_dict_data` (`id`, `create_id`, `create_time`, `update_id`, `update_time`, `sort`, `dict_key`, `dict_value`, `dict_value_en`, `dict_value_ja`, `dict_type`, `status`, `remark`) VALUES (201, 1, '2026-06-10 01:28:39', 1, '2026-06-10 01:28:39', 1, '1', '正常', 'Normal', '正常', 'sys_normal_disable', 1, NULL);
INSERT INTO `sys_dict_data` (`id`, `create_id`, `create_time`, `update_id`, `update_time`, `sort`, `dict_key`, `dict_value`, `dict_value_en`, `dict_value_ja`, `dict_type`, `status`, `remark`) VALUES (202, 1, '2026-06-10 01:28:39', 1, '2026-06-10 01:28:39', 2, '0', '停用', 'Disabled', '停止', 'sys_normal_disable', 1, NULL);
INSERT INTO `sys_dict_data` (`id`, `create_id`, `create_time`, `update_id`, `update_time`, `sort`, `dict_key`, `dict_value`, `dict_value_en`, `dict_value_ja`, `dict_type`, `status`, `remark`) VALUES (301, 1, '2026-06-10 01:28:39', 1, '2026-06-10 01:28:39', 1, '0', '显示', 'Show', '表示', 'sys_show_hide', 1, NULL);
INSERT INTO `sys_dict_data` (`id`, `create_id`, `create_time`, `update_id`, `update_time`, `sort`, `dict_key`, `dict_value`, `dict_value_en`, `dict_value_ja`, `dict_type`, `status`, `remark`) VALUES (302, 1, '2026-06-10 01:28:39', 1, '2026-06-10 01:28:39', 2, '1', '隐藏', 'Hide', '非表示', 'sys_show_hide', 1, NULL);
INSERT INTO `sys_dict_data` (`id`, `create_id`, `create_time`, `update_id`, `update_time`, `sort`, `dict_key`, `dict_value`, `dict_value_en`, `dict_value_ja`, `dict_type`, `status`, `remark`) VALUES (401, 1, '2026-06-10 01:28:39', 1, '2026-06-10 01:28:39', 1, '1', '是', 'Yes', 'はい', 'sys_yes_no', 1, NULL);
INSERT INTO `sys_dict_data` (`id`, `create_id`, `create_time`, `update_id`, `update_time`, `sort`, `dict_key`, `dict_value`, `dict_value_en`, `dict_value_ja`, `dict_type`, `status`, `remark`) VALUES (402, 1, '2026-06-10 01:28:39', 1, '2026-06-10 01:28:39', 2, '0', '否', 'No', 'いいえ', 'sys_yes_no', 1, NULL);
INSERT INTO `sys_dict_data` (`id`, `create_id`, `create_time`, `update_id`, `update_time`, `sort`, `dict_key`, `dict_value`, `dict_value_en`, `dict_value_ja`, `dict_type`, `status`, `remark`) VALUES (501, 1, '2026-06-10 01:28:39', 1, '2026-06-10 01:28:39', 1, '0', '在职', 'Active', '在籍', 'sys_user_job', 1, NULL);
INSERT INTO `sys_dict_data` (`id`, `create_id`, `create_time`, `update_id`, `update_time`, `sort`, `dict_key`, `dict_value`, `dict_value_en`, `dict_value_ja`, `dict_type`, `status`, `remark`) VALUES (502, 1, '2026-06-10 01:28:39', 1, '2026-06-10 01:28:39', 2, '1', '离职', 'Resigned', '退職', 'sys_user_job', 1, NULL);
INSERT INTO `sys_dict_data` (`id`, `create_id`, `create_time`, `update_id`, `update_time`, `sort`, `dict_key`, `dict_value`, `dict_value_en`, `dict_value_ja`, `dict_type`, `status`, `remark`) VALUES (601, 1, '2026-06-10 01:28:39', 1, '2026-06-10 01:28:39', 1, '0', '未锁定', 'Unlocked', '未ロック', 'sys_user_lock', 1, NULL);
INSERT INTO `sys_dict_data` (`id`, `create_id`, `create_time`, `update_id`, `update_time`, `sort`, `dict_key`, `dict_value`, `dict_value_en`, `dict_value_ja`, `dict_type`, `status`, `remark`) VALUES (602, 1, '2026-06-10 01:28:39', 1, '2026-06-10 01:28:39', 2, '1', '已锁定', 'Locked', 'ロック済', 'sys_user_lock', 1, NULL);
INSERT INTO `sys_dict_data` (`id`, `create_id`, `create_time`, `update_id`, `update_time`, `sort`, `dict_key`, `dict_value`, `dict_value_en`, `dict_value_ja`, `dict_type`, `status`, `remark`) VALUES (701, 1, '2026-06-10 01:28:39', 1, '2026-06-10 01:28:39', 1, '0', '其它', 'Other', 'その他', 'sys_oper_type', 1, NULL);
INSERT INTO `sys_dict_data` (`id`, `create_id`, `create_time`, `update_id`, `update_time`, `sort`, `dict_key`, `dict_value`, `dict_value_en`, `dict_value_ja`, `dict_type`, `status`, `remark`) VALUES (702, 1, '2026-06-10 01:28:39', 1, '2026-06-10 01:28:39', 2, '1', '新增', 'Create', '新規', 'sys_oper_type', 1, NULL);
INSERT INTO `sys_dict_data` (`id`, `create_id`, `create_time`, `update_id`, `update_time`, `sort`, `dict_key`, `dict_value`, `dict_value_en`, `dict_value_ja`, `dict_type`, `status`, `remark`) VALUES (703, 1, '2026-06-10 01:28:39', 1, '2026-06-10 01:28:39', 3, '2', '修改', 'Update', '更新', 'sys_oper_type', 1, NULL);
INSERT INTO `sys_dict_data` (`id`, `create_id`, `create_time`, `update_id`, `update_time`, `sort`, `dict_key`, `dict_value`, `dict_value_en`, `dict_value_ja`, `dict_type`, `status`, `remark`) VALUES (704, 1, '2026-06-10 01:28:39', 1, '2026-06-10 01:28:39', 4, '3', '删除', 'Delete', '削除', 'sys_oper_type', 1, NULL);
INSERT INTO `sys_dict_data` (`id`, `create_id`, `create_time`, `update_id`, `update_time`, `sort`, `dict_key`, `dict_value`, `dict_value_en`, `dict_value_ja`, `dict_type`, `status`, `remark`) VALUES (705, 1, '2026-06-10 01:28:39', 1, '2026-06-10 01:28:39', 5, '4', '导出', 'Export', 'エクスポート', 'sys_oper_type', 1, NULL);
INSERT INTO `sys_dict_data` (`id`, `create_id`, `create_time`, `update_id`, `update_time`, `sort`, `dict_key`, `dict_value`, `dict_value_en`, `dict_value_ja`, `dict_type`, `status`, `remark`) VALUES (706, 1, '2026-06-10 01:28:39', 1, '2026-06-10 01:28:39', 6, '5', '导入', 'Import', 'インポート', 'sys_oper_type', 1, NULL);
INSERT INTO `sys_dict_data` (`id`, `create_id`, `create_time`, `update_id`, `update_time`, `sort`, `dict_key`, `dict_value`, `dict_value_en`, `dict_value_ja`, `dict_type`, `status`, `remark`) VALUES (707, 1, '2026-06-10 01:28:39', 1, '2026-06-10 01:28:39', 7, '6', '上传', 'Upload', 'アップロード', 'sys_oper_type', 1, NULL);
INSERT INTO `sys_dict_data` (`id`, `create_id`, `create_time`, `update_id`, `update_time`, `sort`, `dict_key`, `dict_value`, `dict_value_en`, `dict_value_ja`, `dict_type`, `status`, `remark`) VALUES (708, 1, '2026-06-10 01:28:39', 1, '2026-06-10 01:28:39', 8, '7', '下载', 'Download', 'ダウンロード', 'sys_oper_type', 1, NULL);
INSERT INTO `sys_dict_data` (`id`, `create_id`, `create_time`, `update_id`, `update_time`, `sort`, `dict_key`, `dict_value`, `dict_value_en`, `dict_value_ja`, `dict_type`, `status`, `remark`) VALUES (801, 1, '2026-06-10 01:28:39', 1, '2026-06-10 01:28:39', 1, '1', '开发环境', 'Development', '開発', 'deploy_environment', 1, NULL);
INSERT INTO `sys_dict_data` (`id`, `create_id`, `create_time`, `update_id`, `update_time`, `sort`, `dict_key`, `dict_value`, `dict_value_en`, `dict_value_ja`, `dict_type`, `status`, `remark`) VALUES (802, 1, '2026-06-10 01:28:39', 1, '2026-06-10 01:28:39', 2, '2', '测试环境', 'Testing', 'テスト', 'deploy_environment', 1, NULL);
INSERT INTO `sys_dict_data` (`id`, `create_id`, `create_time`, `update_id`, `update_time`, `sort`, `dict_key`, `dict_value`, `dict_value_en`, `dict_value_ja`, `dict_type`, `status`, `remark`) VALUES (803, 1, '2026-06-10 01:28:39', 1, '2026-06-10 01:28:39', 3, '3', '预发布', 'Staging', 'ステージング', 'deploy_environment', 1, NULL);
INSERT INTO `sys_dict_data` (`id`, `create_id`, `create_time`, `update_id`, `update_time`, `sort`, `dict_key`, `dict_value`, `dict_value_en`, `dict_value_ja`, `dict_type`, `status`, `remark`) VALUES (804, 1, '2026-06-10 01:28:39', 1, '2026-06-10 01:28:39', 4, '4', '生产环境', 'Production', '本番', 'deploy_environment', 1, NULL);
INSERT INTO `sys_dict_data` (`id`, `create_id`, `create_time`, `update_id`, `update_time`, `sort`, `dict_key`, `dict_value`, `dict_value_en`, `dict_value_ja`, `dict_type`, `status`, `remark`) VALUES (901, 1, '2026-06-10 01:28:39', 1, '2026-06-10 01:28:39', 1, '1', '通知', 'Notice', 'お知らせ', 'sys_notice_type', 1, NULL);
INSERT INTO `sys_dict_data` (`id`, `create_id`, `create_time`, `update_id`, `update_time`, `sort`, `dict_key`, `dict_value`, `dict_value_en`, `dict_value_ja`, `dict_type`, `status`, `remark`) VALUES (902, 1, '2026-06-10 01:28:39', 1, '2026-06-10 01:28:39', 2, '2', '公告', 'Bulletin', '公告', 'sys_notice_type', 1, NULL);
INSERT INTO `sys_dict_data` (`id`, `create_id`, `create_time`, `update_id`, `update_time`, `sort`, `dict_key`, `dict_value`, `dict_value_en`, `dict_value_ja`, `dict_type`, `status`, `remark`) VALUES (903, 1, '2026-06-10 01:28:39', 1, '2026-06-10 01:28:39', 3, '3', '维护', 'Maintenance', 'メンテナンス', 'sys_notice_type', 1, NULL);
INSERT INTO `sys_dict_data` (`id`, `create_id`, `create_time`, `update_id`, `update_time`, `sort`, `dict_key`, `dict_value`, `dict_value_en`, `dict_value_ja`, `dict_type`, `status`, `remark`) VALUES (1001, 1, '2026-06-10 01:28:39', 1, '2026-06-10 01:28:39', 1, 'M', '目录', 'Directory', 'ディレクトリ', 'sys_menu_type', 1, NULL);
INSERT INTO `sys_dict_data` (`id`, `create_id`, `create_time`, `update_id`, `update_time`, `sort`, `dict_key`, `dict_value`, `dict_value_en`, `dict_value_ja`, `dict_type`, `status`, `remark`) VALUES (1002, 1, '2026-06-10 01:28:39', 1, '2026-06-10 01:28:39', 2, 'C', '菜单', 'Menu', 'メニュー', 'sys_menu_type', 1, NULL);
INSERT INTO `sys_dict_data` (`id`, `create_id`, `create_time`, `update_id`, `update_time`, `sort`, `dict_key`, `dict_value`, `dict_value_en`, `dict_value_ja`, `dict_type`, `status`, `remark`) VALUES (1003, 1, '2026-06-10 01:28:39', 1, '2026-06-10 01:28:39', 3, 'F', '按钮', 'Button', 'ボタン', 'sys_menu_type', 1, NULL);
INSERT INTO `sys_dict_data` (`id`, `create_id`, `create_time`, `update_id`, `update_time`, `sort`, `dict_key`, `dict_value`, `dict_value_en`, `dict_value_ja`, `dict_type`, `status`, `remark`) VALUES (1101, 1, '2026-06-10 01:28:39', 1, '2026-06-10 01:28:39', 1, '1', '成功', 'Success', '成功', 'sys_login_status', 1, NULL);
INSERT INTO `sys_dict_data` (`id`, `create_id`, `create_time`, `update_id`, `update_time`, `sort`, `dict_key`, `dict_value`, `dict_value_en`, `dict_value_ja`, `dict_type`, `status`, `remark`) VALUES (1102, 1, '2026-06-10 01:28:39', 1, '2026-06-10 01:28:39', 2, '0', '失败', 'Failed', '失敗', 'sys_login_status', 1, NULL);
INSERT INTO `sys_dict_data` (`id`, `create_id`, `create_time`, `update_id`, `update_time`, `sort`, `dict_key`, `dict_value`, `dict_value_en`, `dict_value_ja`, `dict_type`, `status`, `remark`) VALUES (1201, 1, '2026-06-10 01:28:39', 1, '2026-06-10 01:28:39', 1, '1', '正常', 'Normal', '正常', 'sys_oper_status', 1, NULL);
INSERT INTO `sys_dict_data` (`id`, `create_id`, `create_time`, `update_id`, `update_time`, `sort`, `dict_key`, `dict_value`, `dict_value_en`, `dict_value_ja`, `dict_type`, `status`, `remark`) VALUES (1202, 1, '2026-06-10 01:28:39', 1, '2026-06-10 01:28:39', 2, '0', '异常', 'Abnormal', '異常', 'sys_oper_status', 1, NULL);

-- sys_dict_type: 12 rows
INSERT INTO `sys_dict_type` (`id`, `create_id`, `create_time`, `update_id`, `update_time`, `dict_name`, `dict_type`, `status`, `remark`) VALUES (1, 1, '2026-06-10 01:28:39', 1, '2026-06-10 01:28:39', '用户性别', 'sys_user_sex', 1, '用户性别');
INSERT INTO `sys_dict_type` (`id`, `create_id`, `create_time`, `update_id`, `update_time`, `dict_name`, `dict_type`, `status`, `remark`) VALUES (2, 1, '2026-06-10 01:28:39', 1, '2026-06-10 01:28:39', '系统状态', 'sys_normal_disable', 1, '正常/停用，用于用户、角色、部门等');
INSERT INTO `sys_dict_type` (`id`, `create_id`, `create_time`, `update_id`, `update_time`, `dict_name`, `dict_type`, `status`, `remark`) VALUES (3, 1, '2026-06-10 01:28:39', 1, '2026-06-10 01:28:39', '显示状态', 'sys_show_hide', 1, '菜单显示/隐藏');
INSERT INTO `sys_dict_type` (`id`, `create_id`, `create_time`, `update_id`, `update_time`, `dict_name`, `dict_type`, `status`, `remark`) VALUES (4, 1, '2026-06-10 01:28:39', 1, '2026-06-10 01:28:39', '是否', 'sys_yes_no', 1, '通用是/否');
INSERT INTO `sys_dict_type` (`id`, `create_id`, `create_time`, `update_id`, `update_time`, `dict_name`, `dict_type`, `status`, `remark`) VALUES (5, 1, '2026-06-10 01:28:39', 1, '2026-06-10 01:28:39', '在职状态', 'sys_user_job', 1, '员工在职/离职');
INSERT INTO `sys_dict_type` (`id`, `create_id`, `create_time`, `update_id`, `update_time`, `dict_name`, `dict_type`, `status`, `remark`) VALUES (6, 1, '2026-06-10 01:28:39', 1, '2026-06-10 01:28:39', '锁定状态', 'sys_user_lock', 1, '账号锁定/未锁定');
INSERT INTO `sys_dict_type` (`id`, `create_id`, `create_time`, `update_id`, `update_time`, `dict_name`, `dict_type`, `status`, `remark`) VALUES (7, 1, '2026-06-10 01:28:39', 1, '2026-06-10 01:28:39', '操作类型', 'sys_oper_type', 1, '操作日志业务类型');
INSERT INTO `sys_dict_type` (`id`, `create_id`, `create_time`, `update_id`, `update_time`, `dict_name`, `dict_type`, `status`, `remark`) VALUES (8, 1, '2026-06-10 01:28:39', 1, '2026-06-10 01:28:39', '部署环境', 'deploy_environment', 1, '运维模块环境标识');
INSERT INTO `sys_dict_type` (`id`, `create_id`, `create_time`, `update_id`, `update_time`, `dict_name`, `dict_type`, `status`, `remark`) VALUES (9, 1, '2026-06-10 01:28:39', 1, '2026-06-10 01:28:39', '通知类型', 'sys_notice_type', 1, '系统通知公告类型');
INSERT INTO `sys_dict_type` (`id`, `create_id`, `create_time`, `update_id`, `update_time`, `dict_name`, `dict_type`, `status`, `remark`) VALUES (10, 1, '2026-06-10 01:28:39', 1, '2026-06-10 01:28:39', '菜单类型', 'sys_menu_type', 1, 'M目录 C菜单 F按钮');
INSERT INTO `sys_dict_type` (`id`, `create_id`, `create_time`, `update_id`, `update_time`, `dict_name`, `dict_type`, `status`, `remark`) VALUES (11, 1, '2026-06-10 01:28:39', 1, '2026-06-10 01:28:39', '登录状态', 'sys_login_status', 1, '登录日志成功/失败');
INSERT INTO `sys_dict_type` (`id`, `create_id`, `create_time`, `update_id`, `update_time`, `dict_name`, `dict_type`, `status`, `remark`) VALUES (12, 1, '2026-06-10 01:28:39', 1, '2026-06-10 01:28:39', '操作状态', 'sys_oper_status', 1, '操作日志正常/异常');

-- sys_menu: 31 rows
INSERT INTO `sys_menu` (`id`, `create_id`, `create_time`, `update_id`, `update_time`, `menu_name`, `menu_name_en`, `menu_name_ja`, `parent_id`, `path`, `component`, `route_name`, `menu_type`, `perms`, `status`, `icon`, `order_num`) VALUES (1, NULL, NULL, 1, '2026-06-11 02:18:14', '系统管理', 'System', 'システム', 0, 'system', NULL, 'System', 'M', NULL, 1, 'system', 2);
INSERT INTO `sys_menu` (`id`, `create_id`, `create_time`, `update_id`, `update_time`, `menu_name`, `menu_name_en`, `menu_name_ja`, `parent_id`, `path`, `component`, `route_name`, `menu_type`, `perms`, `status`, `icon`, `order_num`) VALUES (2, NULL, NULL, NULL, NULL, '用户管理', 'Users', 'ユーザー管理', 1, 'user', 'system/user/index', NULL, 'C', 'system:user:list', 1, 'user', 1);
INSERT INTO `sys_menu` (`id`, `create_id`, `create_time`, `update_id`, `update_time`, `menu_name`, `menu_name_en`, `menu_name_ja`, `parent_id`, `path`, `component`, `route_name`, `menu_type`, `perms`, `status`, `icon`, `order_num`) VALUES (3, NULL, NULL, NULL, NULL, '角色管理', 'Roles', 'ロール管理', 1, 'role', 'system/role/index', NULL, 'C', 'system:role:list', 1, 'peoples', 2);
INSERT INTO `sys_menu` (`id`, `create_id`, `create_time`, `update_id`, `update_time`, `menu_name`, `menu_name_en`, `menu_name_ja`, `parent_id`, `path`, `component`, `route_name`, `menu_type`, `perms`, `status`, `icon`, `order_num`) VALUES (4, NULL, NULL, NULL, NULL, '菜单管理', 'Menus', 'メニュー管理', 1, 'menu', 'system/menu/index', NULL, 'C', 'system:menu:list', 1, 'tree-table', 3);
INSERT INTO `sys_menu` (`id`, `create_id`, `create_time`, `update_id`, `update_time`, `menu_name`, `menu_name_en`, `menu_name_ja`, `parent_id`, `path`, `component`, `route_name`, `menu_type`, `perms`, `status`, `icon`, `order_num`) VALUES (5, NULL, NULL, NULL, NULL, '部门管理', 'Departments', '部署管理', 1, 'dept', 'system/dept/index', NULL, 'C', 'system:dept:list', 1, 'tree', 4);
INSERT INTO `sys_menu` (`id`, `create_id`, `create_time`, `update_id`, `update_time`, `menu_name`, `menu_name_en`, `menu_name_ja`, `parent_id`, `path`, `component`, `route_name`, `menu_type`, `perms`, `status`, `icon`, `order_num`) VALUES (6, NULL, NULL, NULL, NULL, '岗位管理', 'Posts', 'ポスト管理', 1, 'post', 'system/post/index', NULL, 'C', 'system:post:list', 1, 'post', 5);
INSERT INTO `sys_menu` (`id`, `create_id`, `create_time`, `update_id`, `update_time`, `menu_name`, `menu_name_en`, `menu_name_ja`, `parent_id`, `path`, `component`, `route_name`, `menu_type`, `perms`, `status`, `icon`, `order_num`) VALUES (7, NULL, NULL, NULL, NULL, '字典管理', 'Dictionary', '辞書管理', 1, 'dict', 'system/dict/index', NULL, 'C', 'system:dict:list', 1, 'dict', 6);
INSERT INTO `sys_menu` (`id`, `create_id`, `create_time`, `update_id`, `update_time`, `menu_name`, `menu_name_en`, `menu_name_ja`, `parent_id`, `path`, `component`, `route_name`, `menu_type`, `perms`, `status`, `icon`, `order_num`) VALUES (8, NULL, NULL, NULL, NULL, '参数设置', 'Parameters', 'パラメータ', 1, 'config', 'system/config/index', NULL, 'C', 'system:config:list', 1, 'edit', 7);
INSERT INTO `sys_menu` (`id`, `create_id`, `create_time`, `update_id`, `update_time`, `menu_name`, `menu_name_en`, `menu_name_ja`, `parent_id`, `path`, `component`, `route_name`, `menu_type`, `perms`, `status`, `icon`, `order_num`) VALUES (9, NULL, NULL, NULL, NULL, '通知公告', 'Notices', 'お知らせ', 1, 'notice', 'system/notice/index', NULL, 'C', 'system:notice:list', 1, 'message', 8);
INSERT INTO `sys_menu` (`id`, `create_id`, `create_time`, `update_id`, `update_time`, `menu_name`, `menu_name_en`, `menu_name_ja`, `parent_id`, `path`, `component`, `route_name`, `menu_type`, `perms`, `status`, `icon`, `order_num`) VALUES (400, NULL, NULL, NULL, NULL, '运营管理', 'Operations', '運用管理', 0, 'operation', NULL, NULL, 'M', NULL, 1, 'guide', 4);
INSERT INTO `sys_menu` (`id`, `create_id`, `create_time`, `update_id`, `update_time`, `menu_name`, `menu_name_en`, `menu_name_ja`, `parent_id`, `path`, `component`, `route_name`, `menu_type`, `perms`, `status`, `icon`, `order_num`) VALUES (401, NULL, NULL, NULL, NULL, '项目管理', 'Projects', 'プロジェクト', 400, 'project', 'operation/project/index', NULL, 'C', 'operation:project:list', 1, 'example', 1);
INSERT INTO `sys_menu` (`id`, `create_id`, `create_time`, `update_id`, `update_time`, `menu_name`, `menu_name_en`, `menu_name_ja`, `parent_id`, `path`, `component`, `route_name`, `menu_type`, `perms`, `status`, `icon`, `order_num`) VALUES (402, NULL, NULL, NULL, NULL, '服务器管理', 'Servers', 'サーバー', 400, 'server', 'operation/server/index', NULL, 'C', 'operation:server:list', 1, 'server', 2);
INSERT INTO `sys_menu` (`id`, `create_id`, `create_time`, `update_id`, `update_time`, `menu_name`, `menu_name_en`, `menu_name_ja`, `parent_id`, `path`, `component`, `route_name`, `menu_type`, `perms`, `status`, `icon`, `order_num`) VALUES (403, NULL, NULL, NULL, NULL, '平台管理', 'Platforms', 'プラットフォーム', 400, 'platform', 'operation/platform/index', NULL, 'C', 'operation:platform:list', 1, 'tree', 3);
INSERT INTO `sys_menu` (`id`, `create_id`, `create_time`, `update_id`, `update_time`, `menu_name`, `menu_name_en`, `menu_name_ja`, `parent_id`, `path`, `component`, `route_name`, `menu_type`, `perms`, `status`, `icon`, `order_num`) VALUES (404, NULL, NULL, NULL, NULL, '组件管理', 'Components', 'コンポーネント', 400, 'component', 'operation/component/index', NULL, 'C', 'operation:component:list', 1, 'component', 4);
INSERT INTO `sys_menu` (`id`, `create_id`, `create_time`, `update_id`, `update_time`, `menu_name`, `menu_name_en`, `menu_name_ja`, `parent_id`, `path`, `component`, `route_name`, `menu_type`, `perms`, `status`, `icon`, `order_num`) VALUES (500, NULL, NULL, 2, '2026-06-09 21:58:01', 'ChatGPT', 'ChatGPT', 'ChatGPT', 0, 'chatgpt', NULL, 'Chatgpt', 'M', NULL, 0, 'message', 5);
INSERT INTO `sys_menu` (`id`, `create_id`, `create_time`, `update_id`, `update_time`, `menu_name`, `menu_name_en`, `menu_name_ja`, `parent_id`, `path`, `component`, `route_name`, `menu_type`, `perms`, `status`, `icon`, `order_num`) VALUES (501, NULL, NULL, 2, '2026-06-09 21:58:08', '智能对话', 'AI Chat', 'AI対話', 500, 'completion', 'chatgpt/completion/index', NULL, 'C', 'chatgpt:completion:list', 0, 'message', 1);
INSERT INTO `sys_menu` (`id`, `create_id`, `create_time`, `update_id`, `update_time`, `menu_name`, `menu_name_en`, `menu_name_ja`, `parent_id`, `path`, `component`, `route_name`, `menu_type`, `perms`, `status`, `icon`, `order_num`) VALUES (600, NULL, NULL, 1, '2026-06-09 23:00:34', '烛龙', 'Candlelight', '燭龍データ', 0, 'candlelight', NULL, NULL, 'M', NULL, 1, 'chart', 6);
INSERT INTO `sys_menu` (`id`, `create_id`, `create_time`, `update_id`, `update_time`, `menu_name`, `menu_name_en`, `menu_name_ja`, `parent_id`, `path`, `component`, `route_name`, `menu_type`, `perms`, `status`, `icon`, `order_num`) VALUES (601, NULL, NULL, NULL, NULL, 'BI分析', 'BI', 'BI分析', 600, 'bi', 'CandlelightDragon/bi/index', NULL, 'C', 'candlelight:bi:list', 1, 'chart', 1);
INSERT INTO `sys_menu` (`id`, `create_id`, `create_time`, `update_id`, `update_time`, `menu_name`, `menu_name_en`, `menu_name_ja`, `parent_id`, `path`, `component`, `route_name`, `menu_type`, `perms`, `status`, `icon`, `order_num`) VALUES (602, NULL, NULL, NULL, NULL, '数据驾驶舱', 'Cockpit', 'コックピット', 600, 'cockpit', 'CandlelightDragon/cockpit/index', NULL, 'C', 'candlelight:cockpit:list', 1, 'dashboard', 2);
INSERT INTO `sys_menu` (`id`, `create_id`, `create_time`, `update_id`, `update_time`, `menu_name`, `menu_name_en`, `menu_name_ja`, `parent_id`, `path`, `component`, `route_name`, `menu_type`, `perms`, `status`, `icon`, `order_num`) VALUES (603, NULL, NULL, NULL, NULL, '用户画像', 'User Portrait', 'ユーザーピクチャ', 600, 'userportrait', 'CandlelightDragon/userportrait/index', NULL, 'C', 'candlelight:userportrait:list', 1, 'user', 3);
INSERT INTO `sys_menu` (`id`, `create_id`, `create_time`, `update_id`, `update_time`, `menu_name`, `menu_name_en`, `menu_name_ja`, `parent_id`, `path`, `component`, `route_name`, `menu_type`, `perms`, `status`, `icon`, `order_num`) VALUES (700, NULL, NULL, 1, '2026-06-11 02:19:30', '洞察与控制', 'Insight & Control', '洞察と制御', 0, 'insight', NULL, 'Insight', 'M', NULL, 1, 'chart', 7);
INSERT INTO `sys_menu` (`id`, `create_id`, `create_time`, `update_id`, `update_time`, `menu_name`, `menu_name_en`, `menu_name_ja`, `parent_id`, `path`, `component`, `route_name`, `menu_type`, `perms`, `status`, `icon`, `order_num`) VALUES (701, NULL, NULL, NULL, NULL, '报表', 'Reports', 'レポート', 700, 'reports', 'meiling/reports/index', NULL, 'C', 'meiling:reports:list', 1, 'documentation', 1);
INSERT INTO `sys_menu` (`id`, `create_id`, `create_time`, `update_id`, `update_time`, `menu_name`, `menu_name_en`, `menu_name_ja`, `parent_id`, `path`, `component`, `route_name`, `menu_type`, `perms`, `status`, `icon`, `order_num`) VALUES (702, NULL, NULL, NULL, NULL, 'Pulse', 'Pulse', 'Pulse', 700, 'pulse', 'meiling/pulse/index', NULL, 'C', 'meiling:pulse:list', 1, 'message', 2);
INSERT INTO `sys_menu` (`id`, `create_id`, `create_time`, `update_id`, `update_time`, `menu_name`, `menu_name_en`, `menu_name_ja`, `parent_id`, `path`, `component`, `route_name`, `menu_type`, `perms`, `status`, `icon`, `order_num`) VALUES (703, NULL, NULL, NULL, NULL, '工作流', 'Workflows', 'ワークフロー', 700, 'workflows', 'meiling/workflows/index', NULL, 'C', 'meiling:workflows:list', 1, 'guide', 3);
INSERT INTO `sys_menu` (`id`, `create_id`, `create_time`, `update_id`, `update_time`, `menu_name`, `menu_name_en`, `menu_name_ja`, `parent_id`, `path`, `component`, `route_name`, `menu_type`, `perms`, `status`, `icon`, `order_num`) VALUES (800, 1, '2026-06-11 03:16:58', 1, '2026-06-11 03:16:58', '身份与门户', 'Identity & Portal', 'マルチシステム', 0, 'portal', NULL, 'Portal', 'M', NULL, 1, 'guide', 1);
INSERT INTO `sys_menu` (`id`, `create_id`, `create_time`, `update_id`, `update_time`, `menu_name`, `menu_name_en`, `menu_name_ja`, `parent_id`, `path`, `component`, `route_name`, `menu_type`, `perms`, `status`, `icon`, `order_num`) VALUES (810, 1, '2026-06-11 03:16:58', 1, '2026-06-11 03:16:58', '安全审计', 'Security Audit', '監査ログ', 0, 'audit', NULL, 'Audit', 'M', NULL, 1, 'monitor', 9);
INSERT INTO `sys_menu` (`id`, `create_id`, `create_time`, `update_id`, `update_time`, `menu_name`, `menu_name_en`, `menu_name_ja`, `parent_id`, `path`, `component`, `route_name`, `menu_type`, `perms`, `status`, `icon`, `order_num`) VALUES (719698282376331264, 1, '2026-06-09 23:44:02', 1, '2026-06-09 23:44:47', '操作日志', '', '', 810, 'operlog', 'system/operlog/index', NULL, 'C', 'system:operlog:list', 1, 'monitor', 1);
INSERT INTO `sys_menu` (`id`, `create_id`, `create_time`, `update_id`, `update_time`, `menu_name`, `menu_name_en`, `menu_name_ja`, `parent_id`, `path`, `component`, `route_name`, `menu_type`, `perms`, `status`, `icon`, `order_num`) VALUES (719706422979330048, 1, '2026-06-10 00:16:23', NULL, NULL, '登录日志', '', '', 810, 'loginlog', 'system/loginlog/index', NULL, 'C', 'system:loginlog:list', 1, 'monitor', 2);
INSERT INTO `sys_menu` (`id`, `create_id`, `create_time`, `update_id`, `update_time`, `menu_name`, `menu_name_en`, `menu_name_ja`, `parent_id`, `path`, `component`, `route_name`, `menu_type`, `perms`, `status`, `icon`, `order_num`) VALUES (720069615614427136, 1, '2026-06-11 00:19:35', 1, '2026-06-11 00:19:57', '系统注册', '', '', 800, 'system', 'system/system/index', 'SystemRegistry', 'C', 'system:system:list', 1, 'system', 1);
INSERT INTO `sys_menu` (`id`, `create_id`, `create_time`, `update_id`, `update_time`, `menu_name`, `menu_name_en`, `menu_name_ja`, `parent_id`, `path`, `component`, `route_name`, `menu_type`, `perms`, `status`, `icon`, `order_num`) VALUES (720092589008617472, 1, '2026-06-11 01:50:52', 1, '2026-06-11 01:51:24', '分配系统', '', '', 800, 'system-user', 'system/system-user/index', 'SystemUserAssign', 'C', 'system:user:list', 1, 'system', 2);
INSERT INTO `sys_menu` (`id`, `create_id`, `create_time`, `update_id`, `update_time`, `menu_name`, `menu_name_en`, `menu_name_ja`, `parent_id`, `path`, `component`, `route_name`, `menu_type`, `perms`, `status`, `icon`, `order_num`) VALUES (720092589008617473, NULL, '2026-06-11 18:47:37', NULL, NULL, '动作目录', NULL, NULL, 1, 'action', 'system/action/index', 'ActionManage', 'C', 'system:menu:list', 1, NULL, 4);

-- sys_post: 39 rows
INSERT INTO `sys_post` (`id`, `create_id`, `create_time`, `update_id`, `update_time`, `post_code`, `post_name`, `status`, `sort`) VALUES (1, 1, '2026-06-10 00:22:40', 1, '2026-06-10 00:22:40', 'ceo', '首席执行官', 1, 1);
INSERT INTO `sys_post` (`id`, `create_id`, `create_time`, `update_id`, `update_time`, `post_code`, `post_name`, `status`, `sort`) VALUES (2, 1, '2026-06-10 00:22:40', 1, '2026-06-10 00:22:40', 'cto', '首席技术官', 1, 2);
INSERT INTO `sys_post` (`id`, `create_id`, `create_time`, `update_id`, `update_time`, `post_code`, `post_name`, `status`, `sort`) VALUES (3, 1, '2026-06-10 00:22:40', 1, '2026-06-10 00:22:40', 'coo', '首席运营官', 1, 3);
INSERT INTO `sys_post` (`id`, `create_id`, `create_time`, `update_id`, `update_time`, `post_code`, `post_name`, `status`, `sort`) VALUES (4, 1, '2026-06-10 00:22:40', 1, '2026-06-10 00:22:40', 'dept_mgr', '部门经理', 1, 4);
INSERT INTO `sys_post` (`id`, `create_id`, `create_time`, `update_id`, `update_time`, `post_code`, `post_name`, `status`, `sort`) VALUES (5, 1, '2026-06-10 00:22:40', 1, '2026-06-10 00:22:40', 'team_lead', '团队负责人', 1, 5);
INSERT INTO `sys_post` (`id`, `create_id`, `create_time`, `update_id`, `update_time`, `post_code`, `post_name`, `status`, `sort`) VALUES (10, 1, '2026-06-10 00:22:40', 1, '2026-06-10 00:22:40', 'architect', '架构师', 1, 10);
INSERT INTO `sys_post` (`id`, `create_id`, `create_time`, `update_id`, `update_time`, `post_code`, `post_name`, `status`, `sort`) VALUES (11, 1, '2026-06-10 00:22:40', 1, '2026-06-10 00:22:40', 'dev_fe', '前端工程师', 1, 11);
INSERT INTO `sys_post` (`id`, `create_id`, `create_time`, `update_id`, `update_time`, `post_code`, `post_name`, `status`, `sort`) VALUES (12, 1, '2026-06-10 00:22:40', 1, '2026-06-10 00:22:40', 'dev_be', '后端工程师', 1, 12);
INSERT INTO `sys_post` (`id`, `create_id`, `create_time`, `update_id`, `update_time`, `post_code`, `post_name`, `status`, `sort`) VALUES (13, 1, '2026-06-10 00:22:40', 1, '2026-06-10 00:22:40', 'dev_java', 'Java开发工程师', 1, 13);
INSERT INTO `sys_post` (`id`, `create_id`, `create_time`, `update_id`, `update_time`, `post_code`, `post_name`, `status`, `sort`) VALUES (14, 1, '2026-06-10 00:22:40', 1, '2026-06-10 00:22:40', 'dev_mobile', '移动端工程师', 1, 14);
INSERT INTO `sys_post` (`id`, `create_id`, `create_time`, `update_id`, `update_time`, `post_code`, `post_name`, `status`, `sort`) VALUES (15, 1, '2026-06-10 00:22:40', 1, '2026-06-10 00:22:40', 'qa', '测试工程师', 1, 15);
INSERT INTO `sys_post` (`id`, `create_id`, `create_time`, `update_id`, `update_time`, `post_code`, `post_name`, `status`, `sort`) VALUES (16, 1, '2026-06-10 00:22:40', 1, '2026-06-10 00:22:40', 'qa_auto', '自动化测试工程师', 1, 16);
INSERT INTO `sys_post` (`id`, `create_id`, `create_time`, `update_id`, `update_time`, `post_code`, `post_name`, `status`, `sort`) VALUES (17, 1, '2026-06-10 00:22:40', 1, '2026-06-10 00:22:40', 'ops', '运维工程师', 1, 17);
INSERT INTO `sys_post` (`id`, `create_id`, `create_time`, `update_id`, `update_time`, `post_code`, `post_name`, `status`, `sort`) VALUES (18, 1, '2026-06-10 00:22:40', 1, '2026-06-10 00:22:40', 'devops', 'DevOps工程师', 1, 18);
INSERT INTO `sys_post` (`id`, `create_id`, `create_time`, `update_id`, `update_time`, `post_code`, `post_name`, `status`, `sort`) VALUES (19, 1, '2026-06-10 00:22:40', 1, '2026-06-10 00:22:40', 'it_support', 'IT支持工程师', 1, 19);
INSERT INTO `sys_post` (`id`, `create_id`, `create_time`, `update_id`, `update_time`, `post_code`, `post_name`, `status`, `sort`) VALUES (20, 1, '2026-06-10 00:22:40', 1, '2026-06-10 00:22:40', 'data_eng', '数据工程师', 1, 20);
INSERT INTO `sys_post` (`id`, `create_id`, `create_time`, `update_id`, `update_time`, `post_code`, `post_name`, `status`, `sort`) VALUES (21, 1, '2026-06-10 00:22:40', 1, '2026-06-10 00:22:40', 'algo_eng', '算法工程师', 1, 21);
INSERT INTO `sys_post` (`id`, `create_id`, `create_time`, `update_id`, `update_time`, `post_code`, `post_name`, `status`, `sort`) VALUES (22, 1, '2026-06-10 00:22:40', 1, '2026-06-10 00:22:40', 'sec_eng', '安全工程师', 1, 22);
INSERT INTO `sys_post` (`id`, `create_id`, `create_time`, `update_id`, `update_time`, `post_code`, `post_name`, `status`, `sort`) VALUES (30, 1, '2026-06-10 00:22:40', 1, '2026-06-10 00:22:40', 'pm', '产品经理', 1, 30);
INSERT INTO `sys_post` (`id`, `create_id`, `create_time`, `update_id`, `update_time`, `post_code`, `post_name`, `status`, `sort`) VALUES (31, 1, '2026-06-10 00:22:40', 1, '2026-06-10 00:22:40', 'pm_assistant', '产品助理', 1, 31);
INSERT INTO `sys_post` (`id`, `create_id`, `create_time`, `update_id`, `update_time`, `post_code`, `post_name`, `status`, `sort`) VALUES (32, 1, '2026-06-10 00:22:40', 1, '2026-06-10 00:22:40', 'po', '产品负责人', 1, 32);
INSERT INTO `sys_post` (`id`, `create_id`, `create_time`, `update_id`, `update_time`, `post_code`, `post_name`, `status`, `sort`) VALUES (33, 1, '2026-06-10 00:22:40', 1, '2026-06-10 00:22:40', 'project_mgr', '项目经理', 1, 33);
INSERT INTO `sys_post` (`id`, `create_id`, `create_time`, `update_id`, `update_time`, `post_code`, `post_name`, `status`, `sort`) VALUES (34, 1, '2026-06-10 00:22:40', 1, '2026-06-10 00:22:40', 'user_research', '用户研究员', 1, 34);
INSERT INTO `sys_post` (`id`, `create_id`, `create_time`, `update_id`, `update_time`, `post_code`, `post_name`, `status`, `sort`) VALUES (40, 1, '2026-06-10 00:22:40', 1, '2026-06-10 00:22:40', 'ui_designer', 'UI设计师', 1, 40);
INSERT INTO `sys_post` (`id`, `create_id`, `create_time`, `update_id`, `update_time`, `post_code`, `post_name`, `status`, `sort`) VALUES (41, 1, '2026-06-10 00:22:40', 1, '2026-06-10 00:22:40', 'ux_designer', 'UX设计师', 1, 41);
INSERT INTO `sys_post` (`id`, `create_id`, `create_time`, `update_id`, `update_time`, `post_code`, `post_name`, `status`, `sort`) VALUES (42, 1, '2026-06-10 00:22:40', 1, '2026-06-10 00:22:40', 'visual_design', '视觉设计师', 1, 42);
INSERT INTO `sys_post` (`id`, `create_id`, `create_time`, `update_id`, `update_time`, `post_code`, `post_name`, `status`, `sort`) VALUES (50, 1, '2026-06-10 00:22:40', 1, '2026-06-10 00:22:40', 'ops_specialist', '运营专员', 1, 50);
INSERT INTO `sys_post` (`id`, `create_id`, `create_time`, `update_id`, `update_time`, `post_code`, `post_name`, `status`, `sort`) VALUES (51, 1, '2026-06-10 00:22:40', 1, '2026-06-10 00:22:40', 'content_ops', '内容运营', 1, 51);
INSERT INTO `sys_post` (`id`, `create_id`, `create_time`, `update_id`, `update_time`, `post_code`, `post_name`, `status`, `sort`) VALUES (52, 1, '2026-06-10 00:22:40', 1, '2026-06-10 00:22:40', 'user_ops', '用户运营', 1, 52);
INSERT INTO `sys_post` (`id`, `create_id`, `create_time`, `update_id`, `update_time`, `post_code`, `post_name`, `status`, `sort`) VALUES (53, 1, '2026-06-10 00:22:40', 1, '2026-06-10 00:22:40', 'growth_ops', '增长运营', 1, 53);
INSERT INTO `sys_post` (`id`, `create_id`, `create_time`, `update_id`, `update_time`, `post_code`, `post_name`, `status`, `sort`) VALUES (54, 1, '2026-06-10 00:22:40', 1, '2026-06-10 00:22:40', 'marketing', '市场专员', 1, 54);
INSERT INTO `sys_post` (`id`, `create_id`, `create_time`, `update_id`, `update_time`, `post_code`, `post_name`, `status`, `sort`) VALUES (55, 1, '2026-06-10 00:22:40', 1, '2026-06-10 00:22:40', 'brand_mgr', '品牌经理', 1, 55);
INSERT INTO `sys_post` (`id`, `create_id`, `create_time`, `update_id`, `update_time`, `post_code`, `post_name`, `status`, `sort`) VALUES (56, 1, '2026-06-10 00:22:40', 1, '2026-06-10 00:22:40', 'bd', '商务拓展', 1, 56);
INSERT INTO `sys_post` (`id`, `create_id`, `create_time`, `update_id`, `update_time`, `post_code`, `post_name`, `status`, `sort`) VALUES (60, 1, '2026-06-10 00:22:40', 1, '2026-06-10 00:22:40', 'hr', '人力资源专员', 1, 60);
INSERT INTO `sys_post` (`id`, `create_id`, `create_time`, `update_id`, `update_time`, `post_code`, `post_name`, `status`, `sort`) VALUES (61, 1, '2026-06-10 00:22:40', 1, '2026-06-10 00:22:40', 'finance', '财务专员', 1, 61);
INSERT INTO `sys_post` (`id`, `create_id`, `create_time`, `update_id`, `update_time`, `post_code`, `post_name`, `status`, `sort`) VALUES (62, 1, '2026-06-10 00:22:40', 1, '2026-06-10 00:22:40', 'admin_staff', '行政专员', 1, 62);
INSERT INTO `sys_post` (`id`, `create_id`, `create_time`, `update_id`, `update_time`, `post_code`, `post_name`, `status`, `sort`) VALUES (63, 1, '2026-06-10 00:22:40', 1, '2026-06-10 00:22:40', 'legal', '法务专员', 1, 63);
INSERT INTO `sys_post` (`id`, `create_id`, `create_time`, `update_id`, `update_time`, `post_code`, `post_name`, `status`, `sort`) VALUES (64, 1, '2026-06-10 00:22:40', 1, '2026-06-10 00:22:40', 'cs', '客服专员', 1, 64);
INSERT INTO `sys_post` (`id`, `create_id`, `create_time`, `update_id`, `update_time`, `post_code`, `post_name`, `status`, `sort`) VALUES (65, 1, '2026-06-10 00:22:40', 1, '2026-06-10 00:22:40', 'intern', '实习生', 1, 65);

-- sys_role: 10 rows
INSERT INTO `sys_role` (`id`, `create_id`, `create_time`, `update_id`, `update_time`, `role_name`, `order_num`, `remark`, `status`) VALUES (1, 1, '2026-06-10 00:21:59', 1, '2026-06-10 00:21:59', '超级管理员', '1', '拥有全部菜单权限，系统内置角色', 1);
INSERT INTO `sys_role` (`id`, `create_id`, `create_time`, `update_id`, `update_time`, `role_name`, `order_num`, `remark`, `status`) VALUES (2, 1, '2026-06-10 00:21:59', 1, '2026-06-10 00:21:59', '系统管理员', '2', '负责用户、角色、菜单、部门等系统配置', 1);
INSERT INTO `sys_role` (`id`, `create_id`, `create_time`, `update_id`, `update_time`, `role_name`, `order_num`, `remark`, `status`) VALUES (3, 1, '2026-06-10 00:21:59', 1, '2026-06-10 00:21:59', '研发工程师', '3', '研发与运维相关功能权限', 1);
INSERT INTO `sys_role` (`id`, `create_id`, `create_time`, `update_id`, `update_time`, `role_name`, `order_num`, `remark`, `status`) VALUES (4, 1, '2026-06-10 00:21:59', 1, '2026-06-10 00:21:59', '产品经理', '4', '产品与数据分析相关权限', 1);
INSERT INTO `sys_role` (`id`, `create_id`, `create_time`, `update_id`, `update_time`, `role_name`, `order_num`, `remark`, `status`) VALUES (5, 1, '2026-06-10 00:21:59', 1, '2026-06-10 00:21:59', '运营人员', '5', '运营管理模块权限', 1);
INSERT INTO `sys_role` (`id`, `create_id`, `create_time`, `update_id`, `update_time`, `role_name`, `order_num`, `remark`, `status`) VALUES (6, 1, '2026-06-10 00:21:59', 1, '2026-06-10 00:21:59', '数据分析师', '6', '烛龙数据 / BI 分析权限', 1);
INSERT INTO `sys_role` (`id`, `create_id`, `create_time`, `update_id`, `update_time`, `role_name`, `order_num`, `remark`, `status`) VALUES (7, 1, '2026-06-10 00:21:59', 1, '2026-06-10 00:21:59', '普通员工', '7', '基础功能权限（如 ChatGPT 对话）', 1);
INSERT INTO `sys_role` (`id`, `create_id`, `create_time`, `update_id`, `update_time`, `role_name`, `order_num`, `remark`, `status`) VALUES (8, 1, '2026-06-10 00:21:59', 1, '2026-06-10 00:21:59', '部门经理', '8', '系统查看 + 运营管理权限', 1);
INSERT INTO `sys_role` (`id`, `create_id`, `create_time`, `update_id`, `update_time`, `role_name`, `order_num`, `remark`, `status`) VALUES (9, NULL, '2026-06-11 18:48:02', NULL, NULL, 'dict_list_only_smoke', '99', 'smoke: dict list only, no add/edit/remove', 1);
INSERT INTO `sys_role` (`id`, `create_id`, `create_time`, `update_id`, `update_time`, `role_name`, `order_num`, `remark`, `status`) VALUES (720354230530998272, 1, '2026-06-11 19:10:32', 1, '2026-06-11 19:23:21', 'test', '19', NULL, 1);

-- sys_role_action: 56 rows
INSERT INTO `sys_role_action` (`role_id`, `perm_code`) VALUES (1, 'operation:component:add');
INSERT INTO `sys_role_action` (`role_id`, `perm_code`) VALUES (1, 'operation:component:edit');
INSERT INTO `sys_role_action` (`role_id`, `perm_code`) VALUES (1, 'operation:component:remove');
INSERT INTO `sys_role_action` (`role_id`, `perm_code`) VALUES (1, 'operation:platform:add');
INSERT INTO `sys_role_action` (`role_id`, `perm_code`) VALUES (1, 'operation:platform:edit');
INSERT INTO `sys_role_action` (`role_id`, `perm_code`) VALUES (1, 'operation:platform:remove');
INSERT INTO `sys_role_action` (`role_id`, `perm_code`) VALUES (1, 'operation:project:add');
INSERT INTO `sys_role_action` (`role_id`, `perm_code`) VALUES (1, 'operation:project:edit');
INSERT INTO `sys_role_action` (`role_id`, `perm_code`) VALUES (1, 'operation:project:remove');
INSERT INTO `sys_role_action` (`role_id`, `perm_code`) VALUES (1, 'operation:server:add');
INSERT INTO `sys_role_action` (`role_id`, `perm_code`) VALUES (1, 'operation:server:edit');
INSERT INTO `sys_role_action` (`role_id`, `perm_code`) VALUES (1, 'operation:server:remove');
INSERT INTO `sys_role_action` (`role_id`, `perm_code`) VALUES (1, 'system:dept:add');
INSERT INTO `sys_role_action` (`role_id`, `perm_code`) VALUES (1, 'system:dept:edit');
INSERT INTO `sys_role_action` (`role_id`, `perm_code`) VALUES (1, 'system:dept:remove');
INSERT INTO `sys_role_action` (`role_id`, `perm_code`) VALUES (1, 'system:dict:add');
INSERT INTO `sys_role_action` (`role_id`, `perm_code`) VALUES (1, 'system:dict:edit');
INSERT INTO `sys_role_action` (`role_id`, `perm_code`) VALUES (1, 'system:dict:remove');
INSERT INTO `sys_role_action` (`role_id`, `perm_code`) VALUES (1, 'system:loginlog:remove');
INSERT INTO `sys_role_action` (`role_id`, `perm_code`) VALUES (1, 'system:menu:add');
INSERT INTO `sys_role_action` (`role_id`, `perm_code`) VALUES (1, 'system:menu:edit');
INSERT INTO `sys_role_action` (`role_id`, `perm_code`) VALUES (1, 'system:menu:remove');
INSERT INTO `sys_role_action` (`role_id`, `perm_code`) VALUES (1, 'system:operlog:remove');
INSERT INTO `sys_role_action` (`role_id`, `perm_code`) VALUES (1, 'system:post:add');
INSERT INTO `sys_role_action` (`role_id`, `perm_code`) VALUES (1, 'system:post:edit');
INSERT INTO `sys_role_action` (`role_id`, `perm_code`) VALUES (1, 'system:post:remove');
INSERT INTO `sys_role_action` (`role_id`, `perm_code`) VALUES (1, 'system:role:add');
INSERT INTO `sys_role_action` (`role_id`, `perm_code`) VALUES (1, 'system:role:edit');
INSERT INTO `sys_role_action` (`role_id`, `perm_code`) VALUES (1, 'system:role:remove');
INSERT INTO `sys_role_action` (`role_id`, `perm_code`) VALUES (1, 'system:system:add');
INSERT INTO `sys_role_action` (`role_id`, `perm_code`) VALUES (1, 'system:system:edit');
INSERT INTO `sys_role_action` (`role_id`, `perm_code`) VALUES (1, 'system:system:remove');
INSERT INTO `sys_role_action` (`role_id`, `perm_code`) VALUES (1, 'system:user:add');
INSERT INTO `sys_role_action` (`role_id`, `perm_code`) VALUES (1, 'system:user:assignRole');
INSERT INTO `sys_role_action` (`role_id`, `perm_code`) VALUES (1, 'system:user:assignSystem');
INSERT INTO `sys_role_action` (`role_id`, `perm_code`) VALUES (1, 'system:user:edit');
INSERT INTO `sys_role_action` (`role_id`, `perm_code`) VALUES (1, 'system:user:remove');
INSERT INTO `sys_role_action` (`role_id`, `perm_code`) VALUES (1, 'system:user:resetPwd');
INSERT INTO `sys_role_action` (`role_id`, `perm_code`) VALUES (3, 'system:dept:add');
INSERT INTO `sys_role_action` (`role_id`, `perm_code`) VALUES (3, 'system:dept:edit');
INSERT INTO `sys_role_action` (`role_id`, `perm_code`) VALUES (3, 'system:dept:remove');
INSERT INTO `sys_role_action` (`role_id`, `perm_code`) VALUES (3, 'system:menu:add');
INSERT INTO `sys_role_action` (`role_id`, `perm_code`) VALUES (3, 'system:menu:edit');
INSERT INTO `sys_role_action` (`role_id`, `perm_code`) VALUES (3, 'system:menu:remove');
INSERT INTO `sys_role_action` (`role_id`, `perm_code`) VALUES (3, 'system:post:add');
INSERT INTO `sys_role_action` (`role_id`, `perm_code`) VALUES (3, 'system:post:edit');
INSERT INTO `sys_role_action` (`role_id`, `perm_code`) VALUES (3, 'system:post:remove');
INSERT INTO `sys_role_action` (`role_id`, `perm_code`) VALUES (3, 'system:role:add');
INSERT INTO `sys_role_action` (`role_id`, `perm_code`) VALUES (3, 'system:role:edit');
INSERT INTO `sys_role_action` (`role_id`, `perm_code`) VALUES (3, 'system:role:remove');
INSERT INTO `sys_role_action` (`role_id`, `perm_code`) VALUES (3, 'system:user:add');
INSERT INTO `sys_role_action` (`role_id`, `perm_code`) VALUES (3, 'system:user:assignRole');
INSERT INTO `sys_role_action` (`role_id`, `perm_code`) VALUES (3, 'system:user:assignSystem');
INSERT INTO `sys_role_action` (`role_id`, `perm_code`) VALUES (3, 'system:user:edit');
INSERT INTO `sys_role_action` (`role_id`, `perm_code`) VALUES (3, 'system:user:remove');
INSERT INTO `sys_role_action` (`role_id`, `perm_code`) VALUES (3, 'system:user:resetPwd');

-- sys_role_menu: 45 rows
INSERT INTO `sys_role_menu` (`id`, `role_id`, `menu_id`) VALUES (10800, 1, 800);
INSERT INTO `sys_role_menu` (`id`, `role_id`, `menu_id`) VALUES (10810, 1, 810);
INSERT INTO `sys_role_menu` (`id`, `role_id`, `menu_id`) VALUES (719738275010445313, 1, 720069615614427136);
INSERT INTO `sys_role_menu` (`id`, `role_id`, `menu_id`) VALUES (719738275010445314, 1, 720092589008617472);
INSERT INTO `sys_role_menu` (`id`, `role_id`, `menu_id`) VALUES (720294418770296832, 5, 1);
INSERT INTO `sys_role_menu` (`id`, `role_id`, `menu_id`) VALUES (720294418774491136, 5, 2);
INSERT INTO `sys_role_menu` (`id`, `role_id`, `menu_id`) VALUES (720333119000936448, 3, 1);
INSERT INTO `sys_role_menu` (`id`, `role_id`, `menu_id`) VALUES (720333119005130752, 3, 2);
INSERT INTO `sys_role_menu` (`id`, `role_id`, `menu_id`) VALUES (720333119005130753, 3, 3);
INSERT INTO `sys_role_menu` (`id`, `role_id`, `menu_id`) VALUES (720333119009325056, 3, 4);
INSERT INTO `sys_role_menu` (`id`, `role_id`, `menu_id`) VALUES (720333119009325057, 3, 5);
INSERT INTO `sys_role_menu` (`id`, `role_id`, `menu_id`) VALUES (720333119013519360, 3, 6);
INSERT INTO `sys_role_menu` (`id`, `role_id`, `menu_id`) VALUES (720333119013519361, 3, 7);
INSERT INTO `sys_role_menu` (`id`, `role_id`, `menu_id`) VALUES (720333119013519362, 9, 7);
INSERT INTO `sys_role_menu` (`id`, `role_id`, `menu_id`) VALUES (720360906638229504, 720354230530998272, 1);
INSERT INTO `sys_role_menu` (`id`, `role_id`, `menu_id`) VALUES (720360906642423808, 720354230530998272, 2);
INSERT INTO `sys_role_menu` (`id`, `role_id`, `menu_id`) VALUES (720360906642423809, 720354230530998272, 3);
INSERT INTO `sys_role_menu` (`id`, `role_id`, `menu_id`) VALUES (720360906642423810, 720354230530998272, 4);
INSERT INTO `sys_role_menu` (`id`, `role_id`, `menu_id`) VALUES (720360906646618112, 720354230530998272, 5);
INSERT INTO `sys_role_menu` (`id`, `role_id`, `menu_id`) VALUES (720360906646618113, 720354230530998272, 6);
INSERT INTO `sys_role_menu` (`id`, `role_id`, `menu_id`) VALUES (720360906646618114, 720354230530998272, 7);
INSERT INTO `sys_role_menu` (`id`, `role_id`, `menu_id`) VALUES (720360906650812416, 720354230530998272, 8);
INSERT INTO `sys_role_menu` (`id`, `role_id`, `menu_id`) VALUES (720360906650812417, 720354230530998272, 9);
INSERT INTO `sys_role_menu` (`id`, `role_id`, `menu_id`) VALUES (720360906655006720, 720354230530998272, 400);
INSERT INTO `sys_role_menu` (`id`, `role_id`, `menu_id`) VALUES (720360906655006721, 720354230530998272, 401);
INSERT INTO `sys_role_menu` (`id`, `role_id`, `menu_id`) VALUES (720360906655006722, 720354230530998272, 402);
INSERT INTO `sys_role_menu` (`id`, `role_id`, `menu_id`) VALUES (720360906659201024, 720354230530998272, 403);
INSERT INTO `sys_role_menu` (`id`, `role_id`, `menu_id`) VALUES (720360906659201025, 720354230530998272, 404);
INSERT INTO `sys_role_menu` (`id`, `role_id`, `menu_id`) VALUES (720360906659201026, 720354230530998272, 500);
INSERT INTO `sys_role_menu` (`id`, `role_id`, `menu_id`) VALUES (720360906663395328, 720354230530998272, 501);
INSERT INTO `sys_role_menu` (`id`, `role_id`, `menu_id`) VALUES (720360906663395329, 720354230530998272, 600);
INSERT INTO `sys_role_menu` (`id`, `role_id`, `menu_id`) VALUES (720360906663395330, 720354230530998272, 601);
INSERT INTO `sys_role_menu` (`id`, `role_id`, `menu_id`) VALUES (720360906667589632, 720354230530998272, 602);
INSERT INTO `sys_role_menu` (`id`, `role_id`, `menu_id`) VALUES (720360906667589633, 720354230530998272, 603);
INSERT INTO `sys_role_menu` (`id`, `role_id`, `menu_id`) VALUES (720360906671783936, 720354230530998272, 700);
INSERT INTO `sys_role_menu` (`id`, `role_id`, `menu_id`) VALUES (720360906675978240, 720354230530998272, 701);
INSERT INTO `sys_role_menu` (`id`, `role_id`, `menu_id`) VALUES (720360906675978241, 720354230530998272, 702);
INSERT INTO `sys_role_menu` (`id`, `role_id`, `menu_id`) VALUES (720360906680172544, 720354230530998272, 703);
INSERT INTO `sys_role_menu` (`id`, `role_id`, `menu_id`) VALUES (720360906680172545, 720354230530998272, 800);
INSERT INTO `sys_role_menu` (`id`, `role_id`, `menu_id`) VALUES (720360906680172546, 720354230530998272, 810);
INSERT INTO `sys_role_menu` (`id`, `role_id`, `menu_id`) VALUES (720360906684366848, 720354230530998272, 719698282376331264);
INSERT INTO `sys_role_menu` (`id`, `role_id`, `menu_id`) VALUES (720360906684366849, 720354230530998272, 719706422979330048);
INSERT INTO `sys_role_menu` (`id`, `role_id`, `menu_id`) VALUES (720360906684366850, 720354230530998272, 720069615614427136);
INSERT INTO `sys_role_menu` (`id`, `role_id`, `menu_id`) VALUES (720360906692755456, 720354230530998272, 720092589008617472);
INSERT INTO `sys_role_menu` (`id`, `role_id`, `menu_id`) VALUES (720360906696949760, 720354230530998272, 720092589008617473);

-- sys_system: 38 rows
INSERT INTO `sys_system` (`id`, `create_id`, `create_time`, `update_id`, `update_time`, `system_code`, `system_name`, `base_url`, `icon`, `sort`, `status`, `sso_mode`, `entry_path`, `remark`, `system_group`) VALUES (1, 1, '2026-06-11 00:29:47', 1, '2026-06-11 10:19:03', 'moli-admin', 'moli-admin 管理后台', 'http://localhost:9528', 'system', 1, 1, 'INTERNAL', '/sso/login', '本项目', 'governance');
INSERT INTO `sys_system` (`id`, `create_id`, `create_time`, `update_id`, `update_time`, `system_code`, `system_name`, `base_url`, `icon`, `sort`, `status`, `sso_mode`, `entry_path`, `remark`, `system_group`) VALUES (2, 1, '2026-06-11 00:29:47', 1, '2026-06-11 10:19:04', 'moli-ops', '运维总控台', 'http://localhost:9528', 'server', 51, 1, 'EXTERNAL', '/sso/login', '运维门户总入口', 'ops');
INSERT INTO `sys_system` (`id`, `create_id`, `create_time`, `update_id`, `update_time`, `system_code`, `system_name`, `base_url`, `icon`, `sort`, `status`, `sso_mode`, `entry_path`, `remark`, `system_group`) VALUES (3, 1, '2026-06-11 03:31:47', 1, '2026-06-11 10:19:03', 'crm-demo', 'CRM 客户管理', 'http://127.0.0.1:9000', 'guide', 10, 1, 'EXTERNAL', '/sso/login', '业务应用演示', 'business');
INSERT INTO `sys_system` (`id`, `create_id`, `create_time`, `update_id`, `update_time`, `system_code`, `system_name`, `base_url`, `icon`, `sort`, `status`, `sso_mode`, `entry_path`, `remark`, `system_group`) VALUES (4, 1, '2026-06-11 10:09:11', 1, '2026-06-11 10:19:03', 'ai-copilot', 'AI 智能助手', 'http://127.0.0.1:9010', 'sparkles', 20, 1, 'EXTERNAL', '/sso/login', 'AI 应用示例：大模型/Copilot 门户', 'ai');
INSERT INTO `sys_system` (`id`, `create_id`, `create_time`, `update_id`, `update_time`, `system_code`, `system_name`, `base_url`, `icon`, `sort`, `status`, `sso_mode`, `entry_path`, `remark`, `system_group`) VALUES (5, 1, '2026-06-11 10:09:11', 1, '2026-06-11 10:19:04', 'api-portal', 'API 开放平台', 'http://127.0.0.1:9020', 'code', 31, 1, 'EXTERNAL', '/sso/login', '技术类平台示例：API 网关/开放能力', 'tech');
INSERT INTO `sys_system` (`id`, `create_id`, `create_time`, `update_id`, `update_time`, `system_code`, `system_name`, `base_url`, `icon`, `sort`, `status`, `sso_mode`, `entry_path`, `remark`, `system_group`) VALUES (6, 1, '2026-06-11 10:09:11', 1, '2026-06-11 10:19:03', 'bi-report', 'BI 报表中心', 'http://127.0.0.1:9030', 'file-chart-column', 41, 1, 'EXTERNAL', '/sso/login', '数据平台示例：BI/指标/数仓门户', 'data');
INSERT INTO `sys_system` (`id`, `create_id`, `create_time`, `update_id`, `update_time`, `system_code`, `system_name`, `base_url`, `icon`, `sort`, `status`, `sso_mode`, `entry_path`, `remark`, `system_group`) VALUES (7, 1, '2026-06-11 10:09:11', 1, '2026-06-11 10:19:03', 'oa-office', 'OA 办公协同', 'http://127.0.0.1:9040', 'calendar', 60, 1, 'EXTERNAL', '/sso/login', '办公协同示例：审批/日程/邮件', 'office');
INSERT INTO `sys_system` (`id`, `create_id`, `create_time`, `update_id`, `update_time`, `system_code`, `system_name`, `base_url`, `icon`, `sort`, `status`, `sso_mode`, `entry_path`, `remark`, `system_group`) VALUES (8, 1, '2026-06-11 10:16:40', 1, '2026-06-11 10:19:03', 'ecom-mall', '电商商城', 'http://127.0.0.1:9001', 'shopping-cart', 11, 1, 'EXTERNAL', '/sso/login', '交易前台/店铺', 'business');
INSERT INTO `sys_system` (`id`, `create_id`, `create_time`, `update_id`, `update_time`, `system_code`, `system_name`, `base_url`, `icon`, `sort`, `status`, `sso_mode`, `entry_path`, `remark`, `system_group`) VALUES (9, 1, '2026-06-11 10:16:40', 1, '2026-06-11 10:19:03', 'ecom-order', '订单中心', 'http://127.0.0.1:9002', 'clipboard-list', 12, 1, 'EXTERNAL', '/sso/login', 'OMS 订单履约', 'business');
INSERT INTO `sys_system` (`id`, `create_id`, `create_time`, `update_id`, `update_time`, `system_code`, `system_name`, `base_url`, `icon`, `sort`, `status`, `sso_mode`, `entry_path`, `remark`, `system_group`) VALUES (10, 1, '2026-06-11 10:16:40', 1, '2026-06-11 10:19:03', 'ecom-product', '商品中心', 'http://127.0.0.1:9003', 'package', 13, 1, 'EXTERNAL', '/sso/login', 'SPU/SKU/类目', 'business');
INSERT INTO `sys_system` (`id`, `create_id`, `create_time`, `update_id`, `update_time`, `system_code`, `system_name`, `base_url`, `icon`, `sort`, `status`, `sso_mode`, `entry_path`, `remark`, `system_group`) VALUES (11, 1, '2026-06-11 10:16:40', 1, '2026-06-11 10:19:03', 'ecom-inventory', '库存中心', 'http://127.0.0.1:9004', 'warehouse', 14, 1, 'EXTERNAL', '/sso/login', 'WMS 仓储库存', 'business');
INSERT INTO `sys_system` (`id`, `create_id`, `create_time`, `update_id`, `update_time`, `system_code`, `system_name`, `base_url`, `icon`, `sort`, `status`, `sso_mode`, `entry_path`, `remark`, `system_group`) VALUES (12, 1, '2026-06-11 10:16:40', 1, '2026-06-11 10:19:03', 'ecom-payment', '支付中心', 'http://127.0.0.1:9005', 'credit-card', 15, 1, 'EXTERNAL', '/sso/login', '收单/退款/对账', 'business');
INSERT INTO `sys_system` (`id`, `create_id`, `create_time`, `update_id`, `update_time`, `system_code`, `system_name`, `base_url`, `icon`, `sort`, `status`, `sso_mode`, `entry_path`, `remark`, `system_group`) VALUES (13, 1, '2026-06-11 10:16:40', 1, '2026-06-11 10:19:03', 'member-center', '会员中心', 'http://127.0.0.1:9006', 'users', 16, 1, 'EXTERNAL', '/sso/login', '等级/权益/会员卡', 'business');
INSERT INTO `sys_system` (`id`, `create_id`, `create_time`, `update_id`, `update_time`, `system_code`, `system_name`, `base_url`, `icon`, `sort`, `status`, `sso_mode`, `entry_path`, `remark`, `system_group`) VALUES (14, 1, '2026-06-11 10:16:40', 1, '2026-06-11 10:19:03', 'points-center', '积分中心', 'http://127.0.0.1:9007', 'coins', 17, 1, 'EXTERNAL', '/sso/login', '积分发放/兑换/规则', 'business');
INSERT INTO `sys_system` (`id`, `create_id`, `create_time`, `update_id`, `update_time`, `system_code`, `system_name`, `base_url`, `icon`, `sort`, `status`, `sso_mode`, `entry_path`, `remark`, `system_group`) VALUES (15, 1, '2026-06-11 10:16:40', 1, '2026-06-11 10:19:03', 'cs-ticket', '客服系统', 'http://127.0.0.1:9008', 'headphones', 18, 1, 'EXTERNAL', '/sso/login', '在线客服/工单/IM', 'business');
INSERT INTO `sys_system` (`id`, `create_id`, `create_time`, `update_id`, `update_time`, `system_code`, `system_name`, `base_url`, `icon`, `sort`, `status`, `sso_mode`, `entry_path`, `remark`, `system_group`) VALUES (16, 1, '2026-06-11 10:16:40', 1, '2026-06-11 10:19:03', 'user-growth', '用户增长平台', 'http://127.0.0.1:9009', 'trending-up', 19, 1, 'EXTERNAL', '/sso/login', '拉新留存/活动/投放/A-B（业务运营）', 'business');
INSERT INTO `sys_system` (`id`, `create_id`, `create_time`, `update_id`, `update_time`, `system_code`, `system_name`, `base_url`, `icon`, `sort`, `status`, `sso_mode`, `entry_path`, `remark`, `system_group`) VALUES (17, 1, '2026-06-11 10:16:40', 1, '2026-06-11 10:19:03', 'metric-platform', '指标平台', 'http://127.0.0.1:9031', 'gauge', 42, 1, 'EXTERNAL', '/sso/login', '指标定义/看板/告警', 'data');
INSERT INTO `sys_system` (`id`, `create_id`, `create_time`, `update_id`, `update_time`, `system_code`, `system_name`, `base_url`, `icon`, `sort`, `status`, `sso_mode`, `entry_path`, `remark`, `system_group`) VALUES (18, 1, '2026-06-11 10:16:40', 1, '2026-06-11 10:19:03', 'data-map', '数据地图', 'http://127.0.0.1:9032', 'map', 43, 1, 'EXTERNAL', '/sso/login', '元数据/血缘/资产目录', 'data');
INSERT INTO `sys_system` (`id`, `create_id`, `create_time`, `update_id`, `update_time`, `system_code`, `system_name`, `base_url`, `icon`, `sort`, `status`, `sso_mode`, `entry_path`, `remark`, `system_group`) VALUES (19, 1, '2026-06-11 10:16:40', 1, '2026-06-11 10:19:03', 'user-cdp', '用户画像 CDP', 'http://127.0.0.1:9033', 'user-round', 44, 1, 'EXTERNAL', '/sso/login', '标签/人群/圈选', 'data');
INSERT INTO `sys_system` (`id`, `create_id`, `create_time`, `update_id`, `update_time`, `system_code`, `system_name`, `base_url`, `icon`, `sort`, `status`, `sso_mode`, `entry_path`, `remark`, `system_group`) VALUES (20, 1, '2026-06-11 10:16:40', 1, '2026-06-11 10:19:03', 'data-warehouse', '离线数仓', 'http://127.0.0.1:9034', 'database', 45, 1, 'EXTERNAL', '/sso/login', 'Hive/Spark 数仓建模', 'data');
INSERT INTO `sys_system` (`id`, `create_id`, `create_time`, `update_id`, `update_time`, `system_code`, `system_name`, `base_url`, `icon`, `sort`, `status`, `sso_mode`, `entry_path`, `remark`, `system_group`) VALUES (21, 1, '2026-06-11 10:16:40', 1, '2026-06-11 10:19:03', 'data-dev', '数据开发平台', 'http://127.0.0.1:9035', 'terminal', 46, 1, 'EXTERNAL', '/sso/login', '离线任务编排/SQL 开发', 'data');
INSERT INTO `sys_system` (`id`, `create_id`, `create_time`, `update_id`, `update_time`, `system_code`, `system_name`, `base_url`, `icon`, `sort`, `status`, `sso_mode`, `entry_path`, `remark`, `system_group`) VALUES (22, 1, '2026-06-11 10:16:40', 1, '2026-06-11 10:19:03', 'flink-studio', 'Flink 实时开发', 'http://127.0.0.1:9036', 'zap', 47, 1, 'EXTERNAL', '/sso/login', '流计算作业开发运维', 'data');
INSERT INTO `sys_system` (`id`, `create_id`, `create_time`, `update_id`, `update_time`, `system_code`, `system_name`, `base_url`, `icon`, `sort`, `status`, `sso_mode`, `entry_path`, `remark`, `system_group`) VALUES (23, 1, '2026-06-11 10:16:40', 1, '2026-06-11 10:19:03', 'data-quality', '数据质量', 'http://127.0.0.1:9037', 'shield-check', 48, 1, 'EXTERNAL', '/sso/login', '质量规则/稽核/监控', 'data');
INSERT INTO `sys_system` (`id`, `create_id`, `create_time`, `update_id`, `update_time`, `system_code`, `system_name`, `base_url`, `icon`, `sort`, `status`, `sso_mode`, `entry_path`, `remark`, `system_group`) VALUES (24, 1, '2026-06-11 10:16:40', 1, '2026-06-11 10:19:03', 'data-governance', '数据治理', 'http://127.0.0.1:9038', 'scale', 49, 1, 'EXTERNAL', '/sso/login', '标准/主数据/权限合规', 'data');
INSERT INTO `sys_system` (`id`, `create_id`, `create_time`, `update_id`, `update_time`, `system_code`, `system_name`, `base_url`, `icon`, `sort`, `status`, `sso_mode`, `entry_path`, `remark`, `system_group`) VALUES (25, 1, '2026-06-11 10:16:40', 1, '2026-06-11 10:19:03', 'realtime-lake', '实时湖仓', 'http://127.0.0.1:9039', 'waves', 50, 1, 'EXTERNAL', '/sso/login', '实时入湖/湖仓一体查询', 'data');
INSERT INTO `sys_system` (`id`, `create_id`, `create_time`, `update_id`, `update_time`, `system_code`, `system_name`, `base_url`, `icon`, `sort`, `status`, `sso_mode`, `entry_path`, `remark`, `system_group`) VALUES (26, 1, '2026-06-11 10:16:40', 1, '2026-06-11 10:19:04', 'api-gateway', 'API 网关', 'http://127.0.0.1:9021', 'layers', 32, 1, 'EXTERNAL', '/sso/login', '路由、限流、鉴权', 'tech');
INSERT INTO `sys_system` (`id`, `create_id`, `create_time`, `update_id`, `update_time`, `system_code`, `system_name`, `base_url`, `icon`, `sort`, `status`, `sso_mode`, `entry_path`, `remark`, `system_group`) VALUES (27, 1, '2026-06-11 10:16:40', 1, '2026-06-11 10:19:04', 'ms-governance', '微服务治理', 'http://127.0.0.1:9022', 'network', 33, 1, 'EXTERNAL', '/sso/login', '服务发现、熔断、限流治理', 'tech');
INSERT INTO `sys_system` (`id`, `create_id`, `create_time`, `update_id`, `update_time`, `system_code`, `system_name`, `base_url`, `icon`, `sort`, `status`, `sso_mode`, `entry_path`, `remark`, `system_group`) VALUES (28, 1, '2026-06-11 10:16:40', 1, '2026-06-11 10:19:04', 'svc-registry', '注册配置中心', 'http://127.0.0.1:9023', 'database', 34, 1, 'EXTERNAL', '/sso/login', 'Nacos/Consul 类配置注册', 'tech');
INSERT INTO `sys_system` (`id`, `create_id`, `create_time`, `update_id`, `update_time`, `system_code`, `system_name`, `base_url`, `icon`, `sort`, `status`, `sso_mode`, `entry_path`, `remark`, `system_group`) VALUES (29, 1, '2026-06-11 10:16:40', 1, '2026-06-11 10:19:04', 'lowcode-studio', '低代码平台', 'http://127.0.0.1:9024', 'layout-grid', 35, 1, 'EXTERNAL', '/sso/login', '表单流程、页面搭建', 'tech');
INSERT INTO `sys_system` (`id`, `create_id`, `create_time`, `update_id`, `update_time`, `system_code`, `system_name`, `base_url`, `icon`, `sort`, `status`, `sso_mode`, `entry_path`, `remark`, `system_group`) VALUES (30, 1, '2026-06-11 10:16:40', 1, '2026-06-11 10:19:04', 'devops-cicd', 'CI/CD 流水线', 'http://127.0.0.1:9025', 'git-branch', 36, 1, 'EXTERNAL', '/sso/login', '构建、测试、部署流水线', 'tech');
INSERT INTO `sys_system` (`id`, `create_id`, `create_time`, `update_id`, `update_time`, `system_code`, `system_name`, `base_url`, `icon`, `sort`, `status`, `sso_mode`, `entry_path`, `remark`, `system_group`) VALUES (31, 1, '2026-06-11 10:16:40', 1, '2026-06-11 10:19:04', 'artifact-repo', '制品库', 'http://127.0.0.1:9026', 'package', 37, 1, 'EXTERNAL', '/sso/login', 'Maven/NPM/Docker 制品', 'tech');
INSERT INTO `sys_system` (`id`, `create_id`, `create_time`, `update_id`, `update_time`, `system_code`, `system_name`, `base_url`, `icon`, `sort`, `status`, `sso_mode`, `entry_path`, `remark`, `system_group`) VALUES (32, 1, '2026-06-11 10:16:40', 1, '2026-06-11 10:19:04', 'code-repo', '代码仓库', 'http://127.0.0.1:9027', 'folder-git', 38, 1, 'EXTERNAL', '/sso/login', 'GitLab/GitHub 企业版', 'tech');
INSERT INTO `sys_system` (`id`, `create_id`, `create_time`, `update_id`, `update_time`, `system_code`, `system_name`, `base_url`, `icon`, `sort`, `status`, `sso_mode`, `entry_path`, `remark`, `system_group`) VALUES (33, 1, '2026-06-11 10:16:40', 1, '2026-06-11 10:19:04', 'monitor-alert', '监控告警中心', 'http://127.0.0.1:9051', 'bell', 52, 1, 'EXTERNAL', '/sso/login', 'Prometheus/Grafana 告警', 'ops');
INSERT INTO `sys_system` (`id`, `create_id`, `create_time`, `update_id`, `update_time`, `system_code`, `system_name`, `base_url`, `icon`, `sort`, `status`, `sso_mode`, `entry_path`, `remark`, `system_group`) VALUES (34, 1, '2026-06-11 10:16:40', 1, '2026-06-11 10:19:04', 'log-platform', '日志检索平台', 'http://127.0.0.1:9052', 'search', 53, 1, 'EXTERNAL', '/sso/login', 'ELK/Loki 日志查询', 'ops');
INSERT INTO `sys_system` (`id`, `create_id`, `create_time`, `update_id`, `update_time`, `system_code`, `system_name`, `base_url`, `icon`, `sort`, `status`, `sso_mode`, `entry_path`, `remark`, `system_group`) VALUES (35, 1, '2026-06-11 10:16:40', 1, '2026-06-11 10:19:04', 'release-platform', '发布部署平台', 'http://127.0.0.1:9053', 'rocket', 54, 1, 'EXTERNAL', '/sso/login', '灰度、回滚、发布编排', 'ops');
INSERT INTO `sys_system` (`id`, `create_id`, `create_time`, `update_id`, `update_time`, `system_code`, `system_name`, `base_url`, `icon`, `sort`, `status`, `sso_mode`, `entry_path`, `remark`, `system_group`) VALUES (36, 1, '2026-06-11 10:16:40', 1, '2026-06-11 10:19:04', 'cmdb-platform', 'CMDB 配置管理', 'http://127.0.0.1:9054', 'database', 55, 1, 'EXTERNAL', '/sso/login', '资产、拓扑、配置项', 'ops');
INSERT INTO `sys_system` (`id`, `create_id`, `create_time`, `update_id`, `update_time`, `system_code`, `system_name`, `base_url`, `icon`, `sort`, `status`, `sso_mode`, `entry_path`, `remark`, `system_group`) VALUES (37, 1, '2026-06-11 10:16:40', 1, '2026-06-11 10:19:04', 'trace-platform', '链路追踪平台', 'http://127.0.0.1:9055', 'activity', 56, 1, 'EXTERNAL', '/sso/login', 'APM、调用链分析', 'ops');
INSERT INTO `sys_system` (`id`, `create_id`, `create_time`, `update_id`, `update_time`, `system_code`, `system_name`, `base_url`, `icon`, `sort`, `status`, `sso_mode`, `entry_path`, `remark`, `system_group`) VALUES (38, 1, '2026-06-11 10:16:40', 1, '2026-06-11 10:19:04', 'k8s-console', '容器云管控', 'http://127.0.0.1:9056', 'boxes', 57, 1, 'EXTERNAL', '/sso/login', 'K8s 集群与资源管理', 'ops');

-- sys_user: 33 rows
INSERT INTO `sys_user` (`id`, `create_id`, `create_time`, `update_id`, `update_time`, `dept_id`, `work_no`, `nick_name`, `user_name`, `password`, `identity_card`, `sex`, `telephone`, `address`, `email`, `work_time`, `is_job`, `status`, `error_num`, `avatar`, `language`, `salt`, `is_delete`) VALUES (1, NULL, NULL, 1, '2026-06-07 19:58:48', NULL, NULL, NULL, 'superadmin', 'a7917efb0e543c470f9a78a12e73f7d7802e589f4133cc83e29b83d54efef169', NULL, NULL, NULL, NULL, NULL, NULL, NULL, NULL, NULL, NULL, 'zh-CN', 'moli', 0);
INSERT INTO `sys_user` (`id`, `create_id`, `create_time`, `update_id`, `update_time`, `dept_id`, `work_no`, `nick_name`, `user_name`, `password`, `identity_card`, `sex`, `telephone`, `address`, `email`, `work_time`, `is_job`, `status`, `error_num`, `avatar`, `language`, `salt`, `is_delete`) VALUES (2, NULL, NULL, 1, '2026-06-09 22:06:50', NULL, NULL, NULL, 'admin', 'a7917efb0e543c470f9a78a12e73f7d7802e589f4133cc83e29b83d54efef169', NULL, NULL, NULL, NULL, NULL, NULL, NULL, 1, NULL, NULL, 'zh-CN', 'moli', 0);
INSERT INTO `sys_user` (`id`, `create_id`, `create_time`, `update_id`, `update_time`, `dept_id`, `work_no`, `nick_name`, `user_name`, `password`, `identity_card`, `sex`, `telephone`, `address`, `email`, `work_time`, `is_job`, `status`, `error_num`, `avatar`, `language`, `salt`, `is_delete`) VALUES (719712653013942272, 1, '2026-06-10 00:41:08', 1, '2026-06-11 13:52:35', 100, NULL, '张三', 'zhangsan', 'a7917efb0e543c470f9a78a12e73f7d7802e589f4133cc83e29b83d54efef169', NULL, 0, '13800001001', NULL, 'zhangsan@demo.local', NULL, NULL, 1, NULL, NULL, 'zh-CN', 'moli', 0);
INSERT INTO `sys_user` (`id`, `create_id`, `create_time`, `update_id`, `update_time`, `dept_id`, `work_no`, `nick_name`, `user_name`, `password`, `identity_card`, `sex`, `telephone`, `address`, `email`, `work_time`, `is_job`, `status`, `error_num`, `avatar`, `language`, `salt`, `is_delete`) VALUES (720000000000000002, 1, '2026-06-11 13:52:35', 1, '2026-06-11 13:52:35', 101, NULL, '李四', 'lisi', 'a7917efb0e543c470f9a78a12e73f7d7802e589f4133cc83e29b83d54efef169', NULL, 1, '13800001002', NULL, 'lisi@demo.local', NULL, NULL, 1, NULL, NULL, 'zh-CN', 'moli', 0);
INSERT INTO `sys_user` (`id`, `create_id`, `create_time`, `update_id`, `update_time`, `dept_id`, `work_no`, `nick_name`, `user_name`, `password`, `identity_card`, `sex`, `telephone`, `address`, `email`, `work_time`, `is_job`, `status`, `error_num`, `avatar`, `language`, `salt`, `is_delete`) VALUES (720000000000000003, 1, '2026-06-11 13:52:35', 1, '2026-06-11 13:52:35', 102, NULL, '王五', 'wangwu', 'a7917efb0e543c470f9a78a12e73f7d7802e589f4133cc83e29b83d54efef169', NULL, 0, '13800001003', NULL, 'wangwu@demo.local', NULL, NULL, 1, NULL, NULL, 'zh-CN', 'moli', 0);
INSERT INTO `sys_user` (`id`, `create_id`, `create_time`, `update_id`, `update_time`, `dept_id`, `work_no`, `nick_name`, `user_name`, `password`, `identity_card`, `sex`, `telephone`, `address`, `email`, `work_time`, `is_job`, `status`, `error_num`, `avatar`, `language`, `salt`, `is_delete`) VALUES (720000000000000004, 1, '2026-06-11 13:52:35', 1, '2026-06-11 13:52:35', 103, NULL, '赵六', 'zhaoliu', 'a7917efb0e543c470f9a78a12e73f7d7802e589f4133cc83e29b83d54efef169', NULL, 1, '13800001004', NULL, 'zhaoliu@demo.local', NULL, NULL, 1, NULL, NULL, 'zh-CN', 'moli', 0);
INSERT INTO `sys_user` (`id`, `create_id`, `create_time`, `update_id`, `update_time`, `dept_id`, `work_no`, `nick_name`, `user_name`, `password`, `identity_card`, `sex`, `telephone`, `address`, `email`, `work_time`, `is_job`, `status`, `error_num`, `avatar`, `language`, `salt`, `is_delete`) VALUES (720000000000000005, 1, '2026-06-11 13:52:35', 1, '2026-06-11 13:52:35', 104, NULL, '钱七', 'qianqi', 'a7917efb0e543c470f9a78a12e73f7d7802e589f4133cc83e29b83d54efef169', NULL, 0, '13800001005', NULL, 'qianqi@demo.local', NULL, NULL, 1, NULL, NULL, 'zh-CN', 'moli', 0);
INSERT INTO `sys_user` (`id`, `create_id`, `create_time`, `update_id`, `update_time`, `dept_id`, `work_no`, `nick_name`, `user_name`, `password`, `identity_card`, `sex`, `telephone`, `address`, `email`, `work_time`, `is_job`, `status`, `error_num`, `avatar`, `language`, `salt`, `is_delete`) VALUES (720000000000000006, 1, '2026-06-11 13:52:35', 1, '2026-06-11 13:52:35', 105, NULL, '孙八', 'sunba', 'a7917efb0e543c470f9a78a12e73f7d7802e589f4133cc83e29b83d54efef169', NULL, 1, '13800001006', NULL, 'sunba@demo.local', NULL, NULL, 1, NULL, NULL, 'zh-CN', 'moli', 0);
INSERT INTO `sys_user` (`id`, `create_id`, `create_time`, `update_id`, `update_time`, `dept_id`, `work_no`, `nick_name`, `user_name`, `password`, `identity_card`, `sex`, `telephone`, `address`, `email`, `work_time`, `is_job`, `status`, `error_num`, `avatar`, `language`, `salt`, `is_delete`) VALUES (720000000000000007, 1, '2026-06-11 13:52:35', 1, '2026-06-11 13:52:35', 106, NULL, '周九', 'zhoujiu', 'a7917efb0e543c470f9a78a12e73f7d7802e589f4133cc83e29b83d54efef169', NULL, 0, '13800001007', NULL, 'zhoujiu@demo.local', NULL, NULL, 1, NULL, NULL, 'zh-CN', 'moli', 0);
INSERT INTO `sys_user` (`id`, `create_id`, `create_time`, `update_id`, `update_time`, `dept_id`, `work_no`, `nick_name`, `user_name`, `password`, `identity_card`, `sex`, `telephone`, `address`, `email`, `work_time`, `is_job`, `status`, `error_num`, `avatar`, `language`, `salt`, `is_delete`) VALUES (720000000000000008, 1, '2026-06-11 13:52:35', 1, '2026-06-11 13:52:35', 200, NULL, '吴十', 'wushi', 'a7917efb0e543c470f9a78a12e73f7d7802e589f4133cc83e29b83d54efef169', NULL, 1, '13800001008', NULL, 'wushi@demo.local', NULL, NULL, 1, NULL, NULL, 'zh-CN', 'moli', 0);
INSERT INTO `sys_user` (`id`, `create_id`, `create_time`, `update_id`, `update_time`, `dept_id`, `work_no`, `nick_name`, `user_name`, `password`, `identity_card`, `sex`, `telephone`, `address`, `email`, `work_time`, `is_job`, `status`, `error_num`, `avatar`, `language`, `salt`, `is_delete`) VALUES (720000000000000009, 1, '2026-06-11 13:52:35', 1, '2026-06-11 13:52:35', 201, NULL, '郑十一', 'zheng11', 'a7917efb0e543c470f9a78a12e73f7d7802e589f4133cc83e29b83d54efef169', NULL, 0, '13800001009', NULL, 'zheng11@demo.local', NULL, NULL, 1, NULL, NULL, 'zh-CN', 'moli', 0);
INSERT INTO `sys_user` (`id`, `create_id`, `create_time`, `update_id`, `update_time`, `dept_id`, `work_no`, `nick_name`, `user_name`, `password`, `identity_card`, `sex`, `telephone`, `address`, `email`, `work_time`, `is_job`, `status`, `error_num`, `avatar`, `language`, `salt`, `is_delete`) VALUES (720000000000000010, 1, '2026-06-11 13:52:35', 1, '2026-06-11 13:52:35', 202, NULL, '王小明', 'wangxm', 'a7917efb0e543c470f9a78a12e73f7d7802e589f4133cc83e29b83d54efef169', NULL, 1, '13800001010', NULL, 'wangxm@demo.local', NULL, NULL, 1, NULL, NULL, 'zh-CN', 'moli', 0);
INSERT INTO `sys_user` (`id`, `create_id`, `create_time`, `update_id`, `update_time`, `dept_id`, `work_no`, `nick_name`, `user_name`, `password`, `identity_card`, `sex`, `telephone`, `address`, `email`, `work_time`, `is_job`, `status`, `error_num`, `avatar`, `language`, `salt`, `is_delete`) VALUES (720000000000000011, 1, '2026-06-11 13:52:35', 1, '2026-06-11 13:52:35', 203, NULL, '李小红', 'lixh', 'a7917efb0e543c470f9a78a12e73f7d7802e589f4133cc83e29b83d54efef169', NULL, 0, '13800001011', NULL, 'lixh@demo.local', NULL, NULL, 1, NULL, NULL, 'zh-CN', 'moli', 0);
INSERT INTO `sys_user` (`id`, `create_id`, `create_time`, `update_id`, `update_time`, `dept_id`, `work_no`, `nick_name`, `user_name`, `password`, `identity_card`, `sex`, `telephone`, `address`, `email`, `work_time`, `is_job`, `status`, `error_num`, `avatar`, `language`, `salt`, `is_delete`) VALUES (720000000000000012, 1, '2026-06-11 13:52:35', 1, '2026-06-11 13:52:35', 300, NULL, '张伟', 'zhangw', 'a7917efb0e543c470f9a78a12e73f7d7802e589f4133cc83e29b83d54efef169', NULL, 1, '13800001012', NULL, 'zhangw@demo.local', NULL, NULL, 1, NULL, NULL, 'zh-CN', 'moli', 0);
INSERT INTO `sys_user` (`id`, `create_id`, `create_time`, `update_id`, `update_time`, `dept_id`, `work_no`, `nick_name`, `user_name`, `password`, `identity_card`, `sex`, `telephone`, `address`, `email`, `work_time`, `is_job`, `status`, `error_num`, `avatar`, `language`, `salt`, `is_delete`) VALUES (720000000000000013, 1, '2026-06-11 13:52:35', 1, '2026-06-11 13:52:35', 301, NULL, '刘洋', 'liuyang', 'a7917efb0e543c470f9a78a12e73f7d7802e589f4133cc83e29b83d54efef169', NULL, 0, '13800001013', NULL, 'liuyang@demo.local', NULL, NULL, 1, NULL, NULL, 'zh-CN', 'moli', 0);
INSERT INTO `sys_user` (`id`, `create_id`, `create_time`, `update_id`, `update_time`, `dept_id`, `work_no`, `nick_name`, `user_name`, `password`, `identity_card`, `sex`, `telephone`, `address`, `email`, `work_time`, `is_job`, `status`, `error_num`, `avatar`, `language`, `salt`, `is_delete`) VALUES (720000000000000014, 1, '2026-06-11 13:52:35', 1, '2026-06-11 13:52:35', 302, NULL, '陈静', 'chenjing', 'a7917efb0e543c470f9a78a12e73f7d7802e589f4133cc83e29b83d54efef169', NULL, 1, '13800001014', NULL, 'chenjing@demo.local', NULL, NULL, 1, NULL, NULL, 'zh-CN', 'moli', 0);
INSERT INTO `sys_user` (`id`, `create_id`, `create_time`, `update_id`, `update_time`, `dept_id`, `work_no`, `nick_name`, `user_name`, `password`, `identity_card`, `sex`, `telephone`, `address`, `email`, `work_time`, `is_job`, `status`, `error_num`, `avatar`, `language`, `salt`, `is_delete`) VALUES (720000000000000015, 1, '2026-06-11 13:52:35', 1, '2026-06-11 13:52:35', 303, NULL, '杨帆', 'yangfan', 'a7917efb0e543c470f9a78a12e73f7d7802e589f4133cc83e29b83d54efef169', NULL, 0, '13800001015', NULL, 'yangfan@demo.local', NULL, NULL, 1, NULL, NULL, 'zh-CN', 'moli', 0);
INSERT INTO `sys_user` (`id`, `create_id`, `create_time`, `update_id`, `update_time`, `dept_id`, `work_no`, `nick_name`, `user_name`, `password`, `identity_card`, `sex`, `telephone`, `address`, `email`, `work_time`, `is_job`, `status`, `error_num`, `avatar`, `language`, `salt`, `is_delete`) VALUES (720000000000000016, 1, '2026-06-11 13:52:35', 1, '2026-06-11 13:52:35', 100, NULL, '黄丽', 'huangli', 'a7917efb0e543c470f9a78a12e73f7d7802e589f4133cc83e29b83d54efef169', NULL, 1, '13800001016', NULL, 'huangli@demo.local', NULL, NULL, 1, NULL, NULL, 'zh-CN', 'moli', 0);
INSERT INTO `sys_user` (`id`, `create_id`, `create_time`, `update_id`, `update_time`, `dept_id`, `work_no`, `nick_name`, `user_name`, `password`, `identity_card`, `sex`, `telephone`, `address`, `email`, `work_time`, `is_job`, `status`, `error_num`, `avatar`, `language`, `salt`, `is_delete`) VALUES (720000000000000017, 1, '2026-06-11 13:52:35', 1, '2026-06-11 13:52:35', 101, NULL, '林峰', 'linfeng', 'a7917efb0e543c470f9a78a12e73f7d7802e589f4133cc83e29b83d54efef169', NULL, 0, '13800001017', NULL, 'linfeng@demo.local', NULL, NULL, 1, NULL, NULL, 'zh-CN', 'moli', 0);
INSERT INTO `sys_user` (`id`, `create_id`, `create_time`, `update_id`, `update_time`, `dept_id`, `work_no`, `nick_name`, `user_name`, `password`, `identity_card`, `sex`, `telephone`, `address`, `email`, `work_time`, `is_job`, `status`, `error_num`, `avatar`, `language`, `salt`, `is_delete`) VALUES (720000000000000018, 1, '2026-06-11 13:52:35', 1, '2026-06-11 13:52:35', 102, NULL, '何敏', 'hemin', 'a7917efb0e543c470f9a78a12e73f7d7802e589f4133cc83e29b83d54efef169', NULL, 1, '13800001018', NULL, 'hemin@demo.local', NULL, NULL, 1, NULL, NULL, 'zh-CN', 'moli', 0);
INSERT INTO `sys_user` (`id`, `create_id`, `create_time`, `update_id`, `update_time`, `dept_id`, `work_no`, `nick_name`, `user_name`, `password`, `identity_card`, `sex`, `telephone`, `address`, `email`, `work_time`, `is_job`, `status`, `error_num`, `avatar`, `language`, `salt`, `is_delete`) VALUES (720000000000000019, 1, '2026-06-11 13:52:35', 1, '2026-06-11 13:52:35', 103, NULL, '高明', 'gaoming', 'a7917efb0e543c470f9a78a12e73f7d7802e589f4133cc83e29b83d54efef169', NULL, 0, '13800001019', NULL, 'gaoming@demo.local', NULL, NULL, 1, NULL, NULL, 'zh-CN', 'moli', 0);
INSERT INTO `sys_user` (`id`, `create_id`, `create_time`, `update_id`, `update_time`, `dept_id`, `work_no`, `nick_name`, `user_name`, `password`, `identity_card`, `sex`, `telephone`, `address`, `email`, `work_time`, `is_job`, `status`, `error_num`, `avatar`, `language`, `salt`, `is_delete`) VALUES (720000000000000020, 1, '2026-06-11 13:52:35', 1, '2026-06-11 13:52:35', 104, NULL, '罗强', 'luoqiang', 'a7917efb0e543c470f9a78a12e73f7d7802e589f4133cc83e29b83d54efef169', NULL, 1, '13800001020', NULL, 'luoqiang@demo.local', NULL, NULL, 1, NULL, NULL, 'zh-CN', 'moli', 0);
INSERT INTO `sys_user` (`id`, `create_id`, `create_time`, `update_id`, `update_time`, `dept_id`, `work_no`, `nick_name`, `user_name`, `password`, `identity_card`, `sex`, `telephone`, `address`, `email`, `work_time`, `is_job`, `status`, `error_num`, `avatar`, `language`, `salt`, `is_delete`) VALUES (720000000000000021, 1, '2026-06-11 13:52:35', 1, '2026-06-11 13:52:35', 105, NULL, '梁艳', 'liangyan', 'a7917efb0e543c470f9a78a12e73f7d7802e589f4133cc83e29b83d54efef169', NULL, 0, '13800001021', NULL, 'liangyan@demo.local', NULL, NULL, 1, NULL, NULL, 'zh-CN', 'moli', 0);
INSERT INTO `sys_user` (`id`, `create_id`, `create_time`, `update_id`, `update_time`, `dept_id`, `work_no`, `nick_name`, `user_name`, `password`, `identity_card`, `sex`, `telephone`, `address`, `email`, `work_time`, `is_job`, `status`, `error_num`, `avatar`, `language`, `salt`, `is_delete`) VALUES (720000000000000022, 1, '2026-06-11 13:52:35', 1, '2026-06-11 13:52:35', 106, NULL, '宋磊', 'songlei', 'a7917efb0e543c470f9a78a12e73f7d7802e589f4133cc83e29b83d54efef169', NULL, 1, '13800001022', NULL, 'songlei@demo.local', NULL, NULL, 1, NULL, NULL, 'zh-CN', 'moli', 0);
INSERT INTO `sys_user` (`id`, `create_id`, `create_time`, `update_id`, `update_time`, `dept_id`, `work_no`, `nick_name`, `user_name`, `password`, `identity_card`, `sex`, `telephone`, `address`, `email`, `work_time`, `is_job`, `status`, `error_num`, `avatar`, `language`, `salt`, `is_delete`) VALUES (720000000000000023, 1, '2026-06-11 13:52:35', 1, '2026-06-11 13:52:35', 200, NULL, '唐娟', 'tangjuan', 'a7917efb0e543c470f9a78a12e73f7d7802e589f4133cc83e29b83d54efef169', NULL, 0, '13800001023', NULL, 'tangjuan@demo.local', NULL, NULL, 1, NULL, NULL, 'zh-CN', 'moli', 0);
INSERT INTO `sys_user` (`id`, `create_id`, `create_time`, `update_id`, `update_time`, `dept_id`, `work_no`, `nick_name`, `user_name`, `password`, `identity_card`, `sex`, `telephone`, `address`, `email`, `work_time`, `is_job`, `status`, `error_num`, `avatar`, `language`, `salt`, `is_delete`) VALUES (720000000000000024, 1, '2026-06-11 13:52:35', 1, '2026-06-11 13:52:35', 201, NULL, '韩雪', 'hanxue', 'a7917efb0e543c470f9a78a12e73f7d7802e589f4133cc83e29b83d54efef169', NULL, 1, '13800001024', NULL, 'hanxue@demo.local', NULL, NULL, 1, NULL, NULL, 'zh-CN', 'moli', 0);
INSERT INTO `sys_user` (`id`, `create_id`, `create_time`, `update_id`, `update_time`, `dept_id`, `work_no`, `nick_name`, `user_name`, `password`, `identity_card`, `sex`, `telephone`, `address`, `email`, `work_time`, `is_job`, `status`, `error_num`, `avatar`, `language`, `salt`, `is_delete`) VALUES (720000000000000025, 1, '2026-06-11 13:52:35', 1, '2026-06-11 13:52:35', 202, NULL, '冯涛', 'fengtao', 'a7917efb0e543c470f9a78a12e73f7d7802e589f4133cc83e29b83d54efef169', NULL, 0, '13800001025', NULL, 'fengtao@demo.local', NULL, NULL, 1, NULL, NULL, 'zh-CN', 'moli', 0);
INSERT INTO `sys_user` (`id`, `create_id`, `create_time`, `update_id`, `update_time`, `dept_id`, `work_no`, `nick_name`, `user_name`, `password`, `identity_card`, `sex`, `telephone`, `address`, `email`, `work_time`, `is_job`, `status`, `error_num`, `avatar`, `language`, `salt`, `is_delete`) VALUES (720000000000000026, 1, '2026-06-11 13:52:35', 1, '2026-06-11 13:52:35', 203, NULL, '董娜', 'dongna', 'a7917efb0e543c470f9a78a12e73f7d7802e589f4133cc83e29b83d54efef169', NULL, 1, '13800001026', NULL, 'dongna@demo.local', NULL, NULL, 1, NULL, NULL, 'zh-CN', 'moli', 0);
INSERT INTO `sys_user` (`id`, `create_id`, `create_time`, `update_id`, `update_time`, `dept_id`, `work_no`, `nick_name`, `user_name`, `password`, `identity_card`, `sex`, `telephone`, `address`, `email`, `work_time`, `is_job`, `status`, `error_num`, `avatar`, `language`, `salt`, `is_delete`) VALUES (720000000000000027, 1, '2026-06-11 13:52:35', 1, '2026-06-11 13:52:35', 300, NULL, '萧勇', 'xiaoyong', 'a7917efb0e543c470f9a78a12e73f7d7802e589f4133cc83e29b83d54efef169', NULL, 0, '13800001027', NULL, 'xiaoyong@demo.local', NULL, NULL, 1, NULL, NULL, 'zh-CN', 'moli', 0);
INSERT INTO `sys_user` (`id`, `create_id`, `create_time`, `update_id`, `update_time`, `dept_id`, `work_no`, `nick_name`, `user_name`, `password`, `identity_card`, `sex`, `telephone`, `address`, `email`, `work_time`, `is_job`, `status`, `error_num`, `avatar`, `language`, `salt`, `is_delete`) VALUES (720000000000000028, 1, '2026-06-11 13:52:35', 1, '2026-06-11 13:52:35', 301, NULL, '程琳', 'chenglin', 'a7917efb0e543c470f9a78a12e73f7d7802e589f4133cc83e29b83d54efef169', NULL, 1, '13800001028', NULL, 'chenglin@demo.local', NULL, NULL, 1, NULL, NULL, 'zh-CN', 'moli', 0);
INSERT INTO `sys_user` (`id`, `create_id`, `create_time`, `update_id`, `update_time`, `dept_id`, `work_no`, `nick_name`, `user_name`, `password`, `identity_card`, `sex`, `telephone`, `address`, `email`, `work_time`, `is_job`, `status`, `error_num`, `avatar`, `language`, `salt`, `is_delete`) VALUES (720000000000000029, 1, '2026-06-11 13:52:35', 1, '2026-06-11 13:52:35', 302, NULL, '曹杰', 'caojie', 'a7917efb0e543c470f9a78a12e73f7d7802e589f4133cc83e29b83d54efef169', NULL, 0, '13800001029', NULL, 'caojie@demo.local', NULL, NULL, 1, NULL, NULL, 'zh-CN', 'moli', 0);
INSERT INTO `sys_user` (`id`, `create_id`, `create_time`, `update_id`, `update_time`, `dept_id`, `work_no`, `nick_name`, `user_name`, `password`, `identity_card`, `sex`, `telephone`, `address`, `email`, `work_time`, `is_job`, `status`, `error_num`, `avatar`, `language`, `salt`, `is_delete`) VALUES (720000000000000030, 1, '2026-06-11 13:52:35', 1, '2026-06-11 13:52:35', 303, NULL, '袁芳', 'yuanfang', 'a7917efb0e543c470f9a78a12e73f7d7802e589f4133cc83e29b83d54efef169', NULL, 1, '13800001030', NULL, 'yuanfang@demo.local', NULL, NULL, 1, NULL, NULL, 'zh-CN', 'moli', 0);
INSERT INTO `sys_user` (`id`, `create_id`, `create_time`, `update_id`, `update_time`, `dept_id`, `work_no`, `nick_name`, `user_name`, `password`, `identity_card`, `sex`, `telephone`, `address`, `email`, `work_time`, `is_job`, `status`, `error_num`, `avatar`, `language`, `salt`, `is_delete`) VALUES (720351341083361280, 1, '2026-06-11 18:59:03', NULL, NULL, NULL, NULL, 'test', 'test', 'a7917efb0e543c470f9a78a12e73f7d7802e589f4133cc83e29b83d54efef169', NULL, 0, NULL, NULL, NULL, NULL, NULL, 1, NULL, NULL, 'zh-CN', 'moli', 0);

-- sys_user_post: 1 rows
INSERT INTO `sys_user_post` (`id`, `user_id`, `post_id`) VALUES (719717712137289728, 719712653013942272, 12);

-- sys_user_role: 31 rows
INSERT INTO `sys_user_role` (`id`, `user_id`, `role_id`) VALUES (720100000000000002, 720000000000000002, 2);
INSERT INTO `sys_user_role` (`id`, `user_id`, `role_id`) VALUES (720100000000000003, 720000000000000003, 2);
INSERT INTO `sys_user_role` (`id`, `user_id`, `role_id`) VALUES (720100000000000004, 720000000000000004, 2);
INSERT INTO `sys_user_role` (`id`, `user_id`, `role_id`) VALUES (720100000000000005, 720000000000000005, 2);
INSERT INTO `sys_user_role` (`id`, `user_id`, `role_id`) VALUES (720100000000000006, 720000000000000006, 3);
INSERT INTO `sys_user_role` (`id`, `user_id`, `role_id`) VALUES (720100000000000007, 720000000000000007, 3);
INSERT INTO `sys_user_role` (`id`, `user_id`, `role_id`) VALUES (720100000000000008, 720000000000000008, 3);
INSERT INTO `sys_user_role` (`id`, `user_id`, `role_id`) VALUES (720100000000000009, 720000000000000009, 3);
INSERT INTO `sys_user_role` (`id`, `user_id`, `role_id`) VALUES (720100000000000010, 720000000000000010, 3);
INSERT INTO `sys_user_role` (`id`, `user_id`, `role_id`) VALUES (720100000000000011, 720000000000000011, 4);
INSERT INTO `sys_user_role` (`id`, `user_id`, `role_id`) VALUES (720100000000000012, 720000000000000012, 4);
INSERT INTO `sys_user_role` (`id`, `user_id`, `role_id`) VALUES (720100000000000013, 720000000000000013, 4);
INSERT INTO `sys_user_role` (`id`, `user_id`, `role_id`) VALUES (720100000000000014, 720000000000000014, 4);
INSERT INTO `sys_user_role` (`id`, `user_id`, `role_id`) VALUES (720100000000000015, 720000000000000015, 5);
INSERT INTO `sys_user_role` (`id`, `user_id`, `role_id`) VALUES (720100000000000016, 720000000000000016, 5);
INSERT INTO `sys_user_role` (`id`, `user_id`, `role_id`) VALUES (720100000000000017, 720000000000000017, 5);
INSERT INTO `sys_user_role` (`id`, `user_id`, `role_id`) VALUES (720100000000000018, 720000000000000018, 5);
INSERT INTO `sys_user_role` (`id`, `user_id`, `role_id`) VALUES (720100000000000019, 720000000000000019, 6);
INSERT INTO `sys_user_role` (`id`, `user_id`, `role_id`) VALUES (720100000000000020, 720000000000000020, 6);
INSERT INTO `sys_user_role` (`id`, `user_id`, `role_id`) VALUES (720100000000000021, 720000000000000021, 6);
INSERT INTO `sys_user_role` (`id`, `user_id`, `role_id`) VALUES (720100000000000022, 720000000000000022, 6);
INSERT INTO `sys_user_role` (`id`, `user_id`, `role_id`) VALUES (720100000000000023, 720000000000000023, 7);
INSERT INTO `sys_user_role` (`id`, `user_id`, `role_id`) VALUES (720100000000000024, 720000000000000024, 7);
INSERT INTO `sys_user_role` (`id`, `user_id`, `role_id`) VALUES (720100000000000025, 720000000000000025, 7);
INSERT INTO `sys_user_role` (`id`, `user_id`, `role_id`) VALUES (720100000000000026, 720000000000000026, 7);
INSERT INTO `sys_user_role` (`id`, `user_id`, `role_id`) VALUES (720100000000000027, 720000000000000027, 8);
INSERT INTO `sys_user_role` (`id`, `user_id`, `role_id`) VALUES (720100000000000028, 720000000000000028, 8);
INSERT INTO `sys_user_role` (`id`, `user_id`, `role_id`) VALUES (720100000000000029, 720000000000000029, 8);
INSERT INTO `sys_user_role` (`id`, `user_id`, `role_id`) VALUES (720100000000000030, 720000000000000030, 8);
INSERT INTO `sys_user_role` (`id`, `user_id`, `role_id`) VALUES (720352608136462336, 719712653013942272, 9);
INSERT INTO `sys_user_role` (`id`, `user_id`, `role_id`) VALUES (720357353446178816, 720351341083361280, 720354230530998272);

-- sys_user_system: 72 rows
INSERT INTO `sys_user_system` (`id`, `user_id`, `system_id`, `is_default`) VALUES (50001, 1, 1, 1);
INSERT INTO `sys_user_system` (`id`, `user_id`, `system_id`, `is_default`) VALUES (50002, 2, 1, 1);
INSERT INTO `sys_user_system` (`id`, `user_id`, `system_id`, `is_default`) VALUES (720262872218730496, 720000000000000019, 1, 1);
INSERT INTO `sys_user_system` (`id`, `user_id`, `system_id`, `is_default`) VALUES (720262872357142528, 720000000000000020, 1, 1);
INSERT INTO `sys_user_system` (`id`, `user_id`, `system_id`, `is_default`) VALUES (720262872491360256, 720000000000000021, 1, 1);
INSERT INTO `sys_user_system` (`id`, `user_id`, `system_id`, `is_default`) VALUES (720358244278599680, 720000000000000022, 1, 1);
INSERT INTO `sys_user_system` (`id`, `user_id`, `system_id`, `is_default`) VALUES (720358244467343360, 720000000000000023, 1, 1);
INSERT INTO `sys_user_system` (`id`, `user_id`, `system_id`, `is_default`) VALUES (720358555630174208, 719712653013942272, 2, 1);
INSERT INTO `sys_user_system` (`id`, `user_id`, `system_id`, `is_default`) VALUES (720358555634368512, 719712653013942272, 10, 0);
INSERT INTO `sys_user_system` (`id`, `user_id`, `system_id`, `is_default`) VALUES (720358555638562816, 719712653013942272, 1, 0);
INSERT INTO `sys_user_system` (`id`, `user_id`, `system_id`, `is_default`) VALUES (720358555818917888, 720000000000000002, 1, 1);
INSERT INTO `sys_user_system` (`id`, `user_id`, `system_id`, `is_default`) VALUES (720358555995078656, 720000000000000003, 1, 1);
INSERT INTO `sys_user_system` (`id`, `user_id`, `system_id`, `is_default`) VALUES (720358556221571072, 720000000000000004, 1, 1);
INSERT INTO `sys_user_system` (`id`, `user_id`, `system_id`, `is_default`) VALUES (720358556397731840, 720000000000000005, 1, 1);
INSERT INTO `sys_user_system` (`id`, `user_id`, `system_id`, `is_default`) VALUES (720358556569698304, 720000000000000006, 1, 1);
INSERT INTO `sys_user_system` (`id`, `user_id`, `system_id`, `is_default`) VALUES (720358556766830592, 720000000000000007, 1, 1);
INSERT INTO `sys_user_system` (`id`, `user_id`, `system_id`, `is_default`) VALUES (720358556972351488, 720000000000000008, 1, 1);
INSERT INTO `sys_user_system` (`id`, `user_id`, `system_id`, `is_default`) VALUES (720358557131735040, 720000000000000009, 1, 1);
INSERT INTO `sys_user_system` (`id`, `user_id`, `system_id`, `is_default`) VALUES (720358557509222400, 720000000000000010, 1, 1);
INSERT INTO `sys_user_system` (`id`, `user_id`, `system_id`, `is_default`) VALUES (720358557702160384, 720000000000000011, 1, 1);
INSERT INTO `sys_user_system` (`id`, `user_id`, `system_id`, `is_default`) VALUES (720358557861543936, 720000000000000012, 1, 1);
INSERT INTO `sys_user_system` (`id`, `user_id`, `system_id`, `is_default`) VALUES (720358558008344576, 720000000000000013, 1, 1);
INSERT INTO `sys_user_system` (`id`, `user_id`, `system_id`, `is_default`) VALUES (720358558226448384, 720000000000000014, 1, 1);
INSERT INTO `sys_user_system` (`id`, `user_id`, `system_id`, `is_default`) VALUES (720358558402609152, 720000000000000015, 1, 1);
INSERT INTO `sys_user_system` (`id`, `user_id`, `system_id`, `is_default`) VALUES (720358558582964224, 720000000000000016, 1, 1);
INSERT INTO `sys_user_system` (`id`, `user_id`, `system_id`, `is_default`) VALUES (720358558738153472, 720000000000000017, 1, 1);
INSERT INTO `sys_user_system` (`id`, `user_id`, `system_id`, `is_default`) VALUES (720358558914314240, 720000000000000018, 1, 1);
INSERT INTO `sys_user_system` (`id`, `user_id`, `system_id`, `is_default`) VALUES (720358559170166784, 720000000000000024, 1, 1);
INSERT INTO `sys_user_system` (`id`, `user_id`, `system_id`, `is_default`) VALUES (720358559375687680, 720000000000000025, 1, 1);
INSERT INTO `sys_user_system` (`id`, `user_id`, `system_id`, `is_default`) VALUES (720358596507860992, 720000000000000026, 1, 1);
INSERT INTO `sys_user_system` (`id`, `user_id`, `system_id`, `is_default`) VALUES (720358596784685056, 720000000000000027, 1, 1);
INSERT INTO `sys_user_system` (`id`, `user_id`, `system_id`, `is_default`) VALUES (720358596998594560, 720000000000000028, 1, 1);
INSERT INTO `sys_user_system` (`id`, `user_id`, `system_id`, `is_default`) VALUES (720358597225086976, 720000000000000029, 1, 1);
INSERT INTO `sys_user_system` (`id`, `user_id`, `system_id`, `is_default`) VALUES (720358597531271168, 720000000000000030, 1, 1);
INSERT INTO `sys_user_system` (`id`, `user_id`, `system_id`, `is_default`) VALUES (720358942684741632, 720351341083361280, 1, 1);
INSERT INTO `sys_user_system` (`id`, `user_id`, `system_id`, `is_default`) VALUES (720358942693130240, 720351341083361280, 3, 0);
INSERT INTO `sys_user_system` (`id`, `user_id`, `system_id`, `is_default`) VALUES (720358942697324544, 720351341083361280, 8, 0);
INSERT INTO `sys_user_system` (`id`, `user_id`, `system_id`, `is_default`) VALUES (720358942701518848, 720351341083361280, 9, 0);
INSERT INTO `sys_user_system` (`id`, `user_id`, `system_id`, `is_default`) VALUES (720358942705713152, 720351341083361280, 10, 0);
INSERT INTO `sys_user_system` (`id`, `user_id`, `system_id`, `is_default`) VALUES (720358942709907456, 720351341083361280, 11, 0);
INSERT INTO `sys_user_system` (`id`, `user_id`, `system_id`, `is_default`) VALUES (720358942714101760, 720351341083361280, 12, 0);
INSERT INTO `sys_user_system` (`id`, `user_id`, `system_id`, `is_default`) VALUES (720358942718296064, 720351341083361280, 13, 0);
INSERT INTO `sys_user_system` (`id`, `user_id`, `system_id`, `is_default`) VALUES (720358942722490368, 720351341083361280, 14, 0);
INSERT INTO `sys_user_system` (`id`, `user_id`, `system_id`, `is_default`) VALUES (720358942722490369, 720351341083361280, 15, 0);
INSERT INTO `sys_user_system` (`id`, `user_id`, `system_id`, `is_default`) VALUES (720358942726684672, 720351341083361280, 16, 0);
INSERT INTO `sys_user_system` (`id`, `user_id`, `system_id`, `is_default`) VALUES (720358942730878976, 720351341083361280, 4, 0);
INSERT INTO `sys_user_system` (`id`, `user_id`, `system_id`, `is_default`) VALUES (720358942735073280, 720351341083361280, 5, 0);
INSERT INTO `sys_user_system` (`id`, `user_id`, `system_id`, `is_default`) VALUES (720358942735073281, 720351341083361280, 26, 0);
INSERT INTO `sys_user_system` (`id`, `user_id`, `system_id`, `is_default`) VALUES (720358942739267584, 720351341083361280, 27, 0);
INSERT INTO `sys_user_system` (`id`, `user_id`, `system_id`, `is_default`) VALUES (720358942743461888, 720351341083361280, 28, 0);
INSERT INTO `sys_user_system` (`id`, `user_id`, `system_id`, `is_default`) VALUES (720358942747656192, 720351341083361280, 29, 0);
INSERT INTO `sys_user_system` (`id`, `user_id`, `system_id`, `is_default`) VALUES (720358942751850496, 720351341083361280, 30, 0);
INSERT INTO `sys_user_system` (`id`, `user_id`, `system_id`, `is_default`) VALUES (720358942760239104, 720351341083361280, 31, 0);
INSERT INTO `sys_user_system` (`id`, `user_id`, `system_id`, `is_default`) VALUES (720358942764433408, 720351341083361280, 32, 0);
INSERT INTO `sys_user_system` (`id`, `user_id`, `system_id`, `is_default`) VALUES (720358942768627712, 720351341083361280, 6, 0);
INSERT INTO `sys_user_system` (`id`, `user_id`, `system_id`, `is_default`) VALUES (720358942772822016, 720351341083361280, 17, 0);
INSERT INTO `sys_user_system` (`id`, `user_id`, `system_id`, `is_default`) VALUES (720358942772822017, 720351341083361280, 18, 0);
INSERT INTO `sys_user_system` (`id`, `user_id`, `system_id`, `is_default`) VALUES (720358942777016320, 720351341083361280, 19, 0);
INSERT INTO `sys_user_system` (`id`, `user_id`, `system_id`, `is_default`) VALUES (720358942781210624, 720351341083361280, 20, 0);
INSERT INTO `sys_user_system` (`id`, `user_id`, `system_id`, `is_default`) VALUES (720358942785404928, 720351341083361280, 21, 0);
INSERT INTO `sys_user_system` (`id`, `user_id`, `system_id`, `is_default`) VALUES (720358942785404929, 720351341083361280, 22, 0);
INSERT INTO `sys_user_system` (`id`, `user_id`, `system_id`, `is_default`) VALUES (720358942789599232, 720351341083361280, 23, 0);
INSERT INTO `sys_user_system` (`id`, `user_id`, `system_id`, `is_default`) VALUES (720358942793793536, 720351341083361280, 24, 0);
INSERT INTO `sys_user_system` (`id`, `user_id`, `system_id`, `is_default`) VALUES (720358942797987840, 720351341083361280, 25, 0);
INSERT INTO `sys_user_system` (`id`, `user_id`, `system_id`, `is_default`) VALUES (720358942797987841, 720351341083361280, 2, 0);
INSERT INTO `sys_user_system` (`id`, `user_id`, `system_id`, `is_default`) VALUES (720358942802182144, 720351341083361280, 33, 0);
INSERT INTO `sys_user_system` (`id`, `user_id`, `system_id`, `is_default`) VALUES (720358942806376448, 720351341083361280, 34, 0);
INSERT INTO `sys_user_system` (`id`, `user_id`, `system_id`, `is_default`) VALUES (720358942810570752, 720351341083361280, 35, 0);
INSERT INTO `sys_user_system` (`id`, `user_id`, `system_id`, `is_default`) VALUES (720358942814765056, 720351341083361280, 36, 0);
INSERT INTO `sys_user_system` (`id`, `user_id`, `system_id`, `is_default`) VALUES (720358942814765057, 720351341083361280, 37, 0);
INSERT INTO `sys_user_system` (`id`, `user_id`, `system_id`, `is_default`) VALUES (720358942823153664, 720351341083361280, 38, 0);
INSERT INTO `sys_user_system` (`id`, `user_id`, `system_id`, `is_default`) VALUES (720358942827347968, 720351341083361280, 7, 0);

SET FOREIGN_KEY_CHECKS = 1;
