/*
 Navicat Premium Data Transfer

 Source Server         : localhost
 Source Server Type    : MySQL
 Source Server Version : 80046 (8.0.46)
 Source Host           : localhost:3306
 Source Schema         : moli

 Target Server Type    : MySQL
 Target Server Version : 80046 (8.0.46)
 File Encoding         : 65001

 Date: 21/06/2026 03:23:57
*/

SET NAMES utf8mb4;
SET FOREIGN_KEY_CHECKS = 0;

-- ----------------------------
-- Table structure for operation_component_deploy_info
-- ----------------------------
DROP TABLE IF EXISTS `operation_component_deploy_info`;
CREATE TABLE `operation_component_deploy_info`  (
  `id` bigint NOT NULL COMMENT '主键',
  `create_id` bigint NULL DEFAULT NULL COMMENT '创建人',
  `create_time` datetime NULL DEFAULT NULL COMMENT '创建时间',
  `update_id` bigint NULL DEFAULT NULL COMMENT '修改人',
  `update_time` datetime NULL DEFAULT NULL COMMENT '修改时间',
  `component_name` varchar(256) CHARACTER SET utf8mb4 COLLATE utf8mb4_general_ci NULL DEFAULT NULL COMMENT '组件名',
  `server_ip` varchar(64) CHARACTER SET utf8mb4 COLLATE utf8mb4_general_ci NULL DEFAULT NULL COMMENT '服务器IP',
  `account` varchar(256) CHARACTER SET utf8mb4 COLLATE utf8mb4_general_ci NULL DEFAULT NULL COMMENT '账户',
  `password` varchar(256) CHARACTER SET utf8mb4 COLLATE utf8mb4_general_ci NULL DEFAULT NULL COMMENT '密码',
  `deploy_path` varchar(512) CHARACTER SET utf8mb4 COLLATE utf8mb4_general_ci NULL DEFAULT NULL COMMENT '部署路径',
  `port` varchar(32) CHARACTER SET utf8mb4 COLLATE utf8mb4_general_ci NULL DEFAULT NULL COMMENT '端口',
  `version` varchar(64) CHARACTER SET utf8mb4 COLLATE utf8mb4_general_ci NULL DEFAULT NULL COMMENT '版本',
  `environment` int NULL DEFAULT NULL COMMENT '环境',
  `remark` varchar(512) CHARACTER SET utf8mb4 COLLATE utf8mb4_general_ci NULL DEFAULT NULL COMMENT '备注',
  PRIMARY KEY (`id`) USING BTREE
) ENGINE = InnoDB CHARACTER SET = utf8mb4 COLLATE = utf8mb4_general_ci COMMENT = '组件部署信息' ROW_FORMAT = Dynamic;

-- ----------------------------
-- Records of operation_component_deploy_info
-- ----------------------------
INSERT INTO `operation_component_deploy_info` VALUES (301, 1, '2026-06-10 00:28:39', 1, '2026-06-10 00:28:39', 'MySQL', '10.0.3.20', 'root', 'change-me', '/var/lib/mysql', '3306', '8.0.36', 4, 'moli 业务库');
INSERT INTO `operation_component_deploy_info` VALUES (302, 1, '2026-06-10 00:28:39', 1, '2026-06-10 00:28:39', 'Redis', '10.0.3.30', '-', 'change-me', '/var/lib/redis', '6379', '7.2', 4, 'Session / 验证码缓存');
INSERT INTO `operation_component_deploy_info` VALUES (303, 1, '2026-06-10 00:28:39', 1, '2026-06-10 00:28:39', 'Nginx', '52.62.xxx.xxx', 'root', 'change-me', '/etc/nginx', '443', '1.24', 4, 'HTTPS 反向代理');
INSERT INTO `operation_component_deploy_info` VALUES (304, 1, '2026-06-10 00:28:39', 1, '2026-06-10 00:28:39', 'MinIO', '127.0.0.1', 'minioadmin', 'change-me', '/data/minio', '9000', 'RELEASE.2024', 1, '开发环境文件存储');
INSERT INTO `operation_component_deploy_info` VALUES (305, 1, '2026-06-10 00:28:39', 1, '2026-06-10 00:28:39', 'Java Runtime', '52.62.xxx.xxx', 'ec2-user', '-', '/usr/lib/jvm/java-11-amazon-corretto', '-', '11', 4, 'Spring Boot 运行环境');
INSERT INTO `operation_component_deploy_info` VALUES (306, 1, '2026-06-10 00:28:39', 1, '2026-06-10 00:28:39', 'Redis', '127.0.0.1', '-', 'change-me', '/var/lib/redis', '6379', '7.2', 1, '本地开发 Redis');
INSERT INTO `operation_component_deploy_info` VALUES (307, 1, '2026-06-10 00:28:39', 1, '2026-06-10 00:28:39', 'MySQL', '127.0.0.1', 'root', 'change-me', '/var/lib/mysql', '3306', '8.0.36', 1, '本地 moli 库');
INSERT INTO `operation_component_deploy_info` VALUES (308, 1, '2026-06-10 00:28:39', 1, '2026-06-10 00:28:39', 'Systemd', '52.62.xxx.xxx', 'root', '-', '/etc/systemd/system/moli-server.service', '-', '-', 4, '后端进程托管');

-- ----------------------------
-- Table structure for operation_platform_info
-- ----------------------------
DROP TABLE IF EXISTS `operation_platform_info`;
CREATE TABLE `operation_platform_info`  (
  `id` bigint NOT NULL COMMENT '主键',
  `create_id` bigint NULL DEFAULT NULL COMMENT '创建人',
  `create_time` datetime NULL DEFAULT NULL COMMENT '创建时间',
  `update_id` bigint NULL DEFAULT NULL COMMENT '修改人',
  `update_time` datetime NULL DEFAULT NULL COMMENT '修改时间',
  `platform_name` varchar(256) CHARACTER SET utf8mb4 COLLATE utf8mb4_general_ci NULL DEFAULT NULL COMMENT '平台名称',
  `url` varchar(512) CHARACTER SET utf8mb4 COLLATE utf8mb4_general_ci NULL DEFAULT NULL COMMENT 'URL',
  `account` varchar(256) CHARACTER SET utf8mb4 COLLATE utf8mb4_general_ci NULL DEFAULT NULL COMMENT '账户',
  `password` varchar(256) CHARACTER SET utf8mb4 COLLATE utf8mb4_general_ci NULL DEFAULT NULL COMMENT '密码(配置存储，勿写死密钥)',
  `environment` int NULL DEFAULT NULL COMMENT '环境 1dev 2test 3pre 4pro',
  `remark` varchar(512) CHARACTER SET utf8mb4 COLLATE utf8mb4_general_ci NULL DEFAULT NULL COMMENT '备注',
  PRIMARY KEY (`id`) USING BTREE
) ENGINE = InnoDB CHARACTER SET = utf8mb4 COLLATE = utf8mb4_general_ci COMMENT = '运营平台信息' ROW_FORMAT = Dynamic;

-- ----------------------------
-- Records of operation_platform_info
-- ----------------------------
INSERT INTO `operation_platform_info` VALUES (101, 1, '2026-06-10 00:28:39', 1, '2026-06-10 00:28:39', 'AWS 控制台', 'https://console.aws.amazon.com', 'ops@wu-jinsen.com', 'change-me', 4, '悉尼区域 ap-southeast-2，EC2/RDS/S3 管理');
INSERT INTO `operation_platform_info` VALUES (102, 1, '2026-06-10 00:28:39', 1, '2026-06-10 00:28:39', 'GitHub', 'https://github.com/wujinsen/moli-project-single', 'wujinsen', 'change-me', 4, '后端代码仓库');
INSERT INTO `operation_platform_info` VALUES (103, 1, '2026-06-10 00:28:39', 1, '2026-06-10 00:28:39', 'Jenkins', 'https://jenkins.wu-jinsen.com', 'jenkins', 'change-me', 4, 'CI/CD 构建与部署');
INSERT INTO `operation_platform_info` VALUES (104, 1, '2026-06-10 00:28:39', 1, '2026-06-10 00:28:39', 'MinIO 控制台', 'http://localhost:9000', 'minioadmin', 'change-me', 1, '本地/开发环境对象存储');
INSERT INTO `operation_platform_info` VALUES (105, 1, '2026-06-10 00:28:39', 1, '2026-06-10 00:28:39', 'Swagger 文档', 'http://localhost:9080/swagger-ui.html', '-', '-', 1, '开发环境 API 文档');
INSERT INTO `operation_platform_info` VALUES (106, 1, '2026-06-10 00:28:39', 1, '2026-06-10 00:28:39', 'Route 53 / DNS', 'https://console.aws.amazon.com/route53', 'ops@wu-jinsen.com', 'change-me', 4, 'wu-jinsen.com 域名解析');

-- ----------------------------
-- Table structure for operation_project_deploy_info
-- ----------------------------
DROP TABLE IF EXISTS `operation_project_deploy_info`;
CREATE TABLE `operation_project_deploy_info`  (
  `id` bigint NOT NULL COMMENT '主键',
  `create_id` bigint NULL DEFAULT NULL COMMENT '创建人',
  `create_time` datetime NULL DEFAULT NULL COMMENT '创建时间',
  `update_id` bigint NULL DEFAULT NULL COMMENT '修改人',
  `update_time` datetime NULL DEFAULT NULL COMMENT '修改时间',
  `server_id` bigint NULL DEFAULT NULL COMMENT '服务器ID',
  `server_ip` varchar(64) CHARACTER SET utf8mb4 COLLATE utf8mb4_general_ci NULL DEFAULT NULL COMMENT '服务器IP',
  `inner_ip` varchar(64) CHARACTER SET utf8mb4 COLLATE utf8mb4_general_ci NULL DEFAULT NULL COMMENT '内网IP',
  `url` varchar(512) CHARACTER SET utf8mb4 COLLATE utf8mb4_general_ci NULL DEFAULT NULL COMMENT 'URL',
  `project_name` varchar(256) CHARACTER SET utf8mb4 COLLATE utf8mb4_general_ci NULL DEFAULT NULL COMMENT '项目名称',
  `deploy_path` varchar(512) CHARACTER SET utf8mb4 COLLATE utf8mb4_general_ci NULL DEFAULT NULL COMMENT '部署路径',
  `port` varchar(32) CHARACTER SET utf8mb4 COLLATE utf8mb4_general_ci NULL DEFAULT NULL COMMENT '端口',
  `environment` int NULL DEFAULT NULL COMMENT '环境',
  `remark` varchar(512) CHARACTER SET utf8mb4 COLLATE utf8mb4_general_ci NULL DEFAULT NULL COMMENT '备注',
  PRIMARY KEY (`id`) USING BTREE,
  INDEX `idx_operation_project_deploy_server_id`(`server_id` ASC) USING BTREE
) ENGINE = InnoDB CHARACTER SET = utf8mb4 COLLATE = utf8mb4_general_ci COMMENT = '项目部署信息' ROW_FORMAT = Dynamic;

-- ----------------------------
-- Records of operation_project_deploy_info
-- ----------------------------
INSERT INTO `operation_project_deploy_info` VALUES (401, 1, '2026-06-10 00:28:39', 1, '2026-06-10 00:28:39', 201, '127.0.0.1', '127.0.0.1', 'http://localhost:9080', 'moli-server', '/opt/moli/moli-server', '9080', 1, '棠羽管理系统后端，Spring Boot');
INSERT INTO `operation_project_deploy_info` VALUES (402, 1, '2026-06-10 00:28:39', 1, '2026-06-10 00:28:39', 204, '52.62.xxx.xxx', '172.31.30.10', 'https://api.wu-jinsen.com', 'moli-server', '/opt/moli/moli-server', '9080', 4, '生产后端 JAR 部署');
INSERT INTO `operation_project_deploy_info` VALUES (403, 1, '2026-06-10 00:28:39', 1, '2026-06-10 00:28:39', 204, '52.62.xxx.xxx', '172.31.30.10', 'https://admin.wu-jinsen.com', 'moli-admin', '/usr/share/nginx/html/admin', '443', 4, '管理后台前端静态资源');
INSERT INTO `operation_project_deploy_info` VALUES (404, 1, '2026-06-10 00:28:39', 1, '2026-06-10 00:28:39', 202, '10.0.1.10', '172.31.10.10', 'http://10.0.1.10:9080', 'moli-server', '/opt/moli/moli-server', '9080', 2, '测试环境后端');
INSERT INTO `operation_project_deploy_info` VALUES (405, 1, '2026-06-10 00:28:39', 1, '2026-06-10 00:28:39', 203, '10.0.2.10', '172.31.20.10', 'http://10.0.2.10:9080', 'moli-server', '/opt/moli/moli-server', '9080', 3, '预发布环境后端');
INSERT INTO `operation_project_deploy_info` VALUES (406, 1, '2026-06-10 00:28:39', 1, '2026-06-10 00:28:39', 201, '127.0.0.1', '127.0.0.1', 'http://localhost:9528', 'moli-admin', '/dev/moli-admin', '9528', 1, '本地前端开发服务');

-- ----------------------------
-- Table structure for operation_server_component
-- ----------------------------
DROP TABLE IF EXISTS `operation_server_component`;
CREATE TABLE `operation_server_component`  (
  `id` bigint NOT NULL COMMENT '主键',
  `server_id` bigint NULL DEFAULT NULL COMMENT '服务器ID',
  `component_id` bigint NULL DEFAULT NULL COMMENT '组件ID',
  PRIMARY KEY (`id`) USING BTREE,
  INDEX `idx_operation_server_component_server_id`(`server_id` ASC) USING BTREE,
  INDEX `idx_operation_server_component_component_id`(`component_id` ASC) USING BTREE
) ENGINE = InnoDB CHARACTER SET = utf8mb4 COLLATE = utf8mb4_general_ci COMMENT = '服务器-组件关联' ROW_FORMAT = Dynamic;

-- ----------------------------
-- Records of operation_server_component
-- ----------------------------
INSERT INTO `operation_server_component` VALUES (9101, 201, 306);
INSERT INTO `operation_server_component` VALUES (9102, 201, 307);
INSERT INTO `operation_server_component` VALUES (9103, 201, 304);
INSERT INTO `operation_server_component` VALUES (9104, 204, 303);
INSERT INTO `operation_server_component` VALUES (9105, 204, 305);
INSERT INTO `operation_server_component` VALUES (9106, 204, 308);
INSERT INTO `operation_server_component` VALUES (9107, 205, 301);
INSERT INTO `operation_server_component` VALUES (9108, 206, 302);
INSERT INTO `operation_server_component` VALUES (9109, 202, 301);
INSERT INTO `operation_server_component` VALUES (9110, 202, 302);

-- ----------------------------
-- Table structure for operation_server_info
-- ----------------------------
DROP TABLE IF EXISTS `operation_server_info`;
CREATE TABLE `operation_server_info`  (
  `id` bigint NOT NULL COMMENT '主键',
  `create_id` bigint NULL DEFAULT NULL COMMENT '创建人',
  `create_time` datetime NULL DEFAULT NULL COMMENT '创建时间',
  `update_id` bigint NULL DEFAULT NULL COMMENT '修改人',
  `update_time` datetime NULL DEFAULT NULL COMMENT '修改时间',
  `server_name` varchar(256) CHARACTER SET utf8mb4 COLLATE utf8mb4_general_ci NULL DEFAULT NULL COMMENT '服务器名',
  `ip` varchar(64) CHARACTER SET utf8mb4 COLLATE utf8mb4_general_ci NULL DEFAULT NULL COMMENT 'IP',
  `inner_ip` varchar(64) CHARACTER SET utf8mb4 COLLATE utf8mb4_general_ci NULL DEFAULT NULL COMMENT '内网IP',
  `port` varchar(32) CHARACTER SET utf8mb4 COLLATE utf8mb4_general_ci NULL DEFAULT NULL COMMENT '端口',
  `environment` int NULL DEFAULT NULL COMMENT '环境',
  `remark` varchar(512) CHARACTER SET utf8mb4 COLLATE utf8mb4_general_ci NULL DEFAULT NULL COMMENT '备注',
  PRIMARY KEY (`id`) USING BTREE
) ENGINE = InnoDB CHARACTER SET = utf8mb4 COLLATE = utf8mb4_general_ci COMMENT = '服务器信息' ROW_FORMAT = Dynamic;

-- ----------------------------
-- Records of operation_server_info
-- ----------------------------
INSERT INTO `operation_server_info` VALUES (201, 1, '2026-06-10 00:28:39', 1, '2026-06-10 00:28:39', 'moli-backend-dev', '127.0.0.1', '127.0.0.1', '9080', 1, '本地开发机，跑 moli-server + Redis');
INSERT INTO `operation_server_info` VALUES (202, 1, '2026-06-10 00:28:39', 1, '2026-06-10 00:28:39', 'moli-backend-test', '10.0.1.10', '172.31.10.10', '9080', 2, '测试环境 EC2');
INSERT INTO `operation_server_info` VALUES (203, 1, '2026-06-10 00:28:39', 1, '2026-06-10 00:28:39', 'moli-backend-pre', '10.0.2.10', '172.31.20.10', '9080', 3, '预发布环境 EC2');
INSERT INTO `operation_server_info` VALUES (204, 1, '2026-06-10 00:28:39', 1, '2026-06-10 00:28:39', 'moli-backend-pro', '52.62.xxx.xxx', '172.31.30.10', '443', 4, '生产 EC2，Nginx 反代 api.wu-jinsen.com');
INSERT INTO `operation_server_info` VALUES (205, 1, '2026-06-10 00:28:39', 1, '2026-06-10 00:28:39', 'moli-mysql-pro', '10.0.3.20', '172.31.30.20', '3306', 4, 'RDS MySQL 或自建数据库');
INSERT INTO `operation_server_info` VALUES (206, 1, '2026-06-10 00:28:39', 1, '2026-06-10 00:28:39', 'moli-redis-pro', '10.0.3.30', '172.31.30.30', '6379', 4, 'Redis，Shiro Session 存储');

-- ----------------------------
-- Table structure for operation_server_project
-- ----------------------------
DROP TABLE IF EXISTS `operation_server_project`;
CREATE TABLE `operation_server_project`  (
  `id` bigint NOT NULL COMMENT '主键(实体字段名为 Id，映射列为 id)',
  `server_id` bigint NULL DEFAULT NULL COMMENT '服务器ID',
  `project_id` bigint NULL DEFAULT NULL COMMENT '项目ID',
  PRIMARY KEY (`id`) USING BTREE,
  INDEX `idx_operation_server_project_server_id`(`server_id` ASC) USING BTREE,
  INDEX `idx_operation_server_project_project_id`(`project_id` ASC) USING BTREE
) ENGINE = InnoDB CHARACTER SET = utf8mb4 COLLATE = utf8mb4_general_ci COMMENT = '服务器-项目关联' ROW_FORMAT = Dynamic;

-- ----------------------------
-- Records of operation_server_project
-- ----------------------------
INSERT INTO `operation_server_project` VALUES (9001, 201, 401);
INSERT INTO `operation_server_project` VALUES (9002, 201, 406);
INSERT INTO `operation_server_project` VALUES (9003, 202, 404);
INSERT INTO `operation_server_project` VALUES (9004, 203, 405);
INSERT INTO `operation_server_project` VALUES (9005, 204, 402);
INSERT INTO `operation_server_project` VALUES (9006, 204, 403);

-- ----------------------------
-- Table structure for sys_action
-- ----------------------------
DROP TABLE IF EXISTS `sys_action`;
CREATE TABLE `sys_action`  (
  `id` bigint NOT NULL AUTO_INCREMENT,
  `perm_code` varchar(100) CHARACTER SET utf8mb4 COLLATE utf8mb4_general_ci NOT NULL COMMENT '权限码，全局唯一',
  `resource` varchar(64) CHARACTER SET utf8mb4 COLLATE utf8mb4_general_ci NOT NULL COMMENT '资源，如 user',
  `action` varchar(32) CHARACTER SET utf8mb4 COLLATE utf8mb4_general_ci NOT NULL COMMENT '动作，如 add',
  `name` varchar(100) CHARACTER SET utf8mb4 COLLATE utf8mb4_general_ci NOT NULL COMMENT '显示名称',
  `menu_id` bigint NULL DEFAULT NULL COMMENT '关联 C 页面，仅 UI 分组',
  `order_num` int NULL DEFAULT 0,
  `status` tinyint NULL DEFAULT 1 COMMENT '1启用 0停用',
  PRIMARY KEY (`id`) USING BTREE,
  UNIQUE INDEX `uk_perm_code`(`perm_code` ASC) USING BTREE,
  INDEX `idx_menu_id`(`menu_id` ASC) USING BTREE
) ENGINE = InnoDB AUTO_INCREMENT = 341 CHARACTER SET = utf8mb4 COLLATE = utf8mb4_general_ci COMMENT = '系统动作目录（非导航）' ROW_FORMAT = Dynamic;

-- ----------------------------
-- Records of sys_action
-- ----------------------------
INSERT INTO `sys_action` VALUES (1, 'system:user:add', 'user', 'add', '新增用户', 2, 1, 1);
INSERT INTO `sys_action` VALUES (2, 'system:user:edit', 'user', 'edit', '修改用户', 2, 2, 1);
INSERT INTO `sys_action` VALUES (3, 'system:user:remove', 'user', 'remove', '删除用户', 2, 3, 1);
INSERT INTO `sys_action` VALUES (4, 'system:user:resetPwd', 'user', 'resetPwd', '重置密码', 2, 4, 1);
INSERT INTO `sys_action` VALUES (5, 'system:user:assignRole', 'user', 'assignRole', '分配角色', 2, 5, 1);
INSERT INTO `sys_action` VALUES (6, 'system:user:assignSystem', 'user', 'assignSystem', '分配系统', 2, 6, 1);
INSERT INTO `sys_action` VALUES (7, 'system:role:add', 'role', 'add', '新增角色', 3, 1, 1);
INSERT INTO `sys_action` VALUES (8, 'system:role:edit', 'role', 'edit', '修改角色', 3, 2, 1);
INSERT INTO `sys_action` VALUES (9, 'system:role:remove', 'role', 'remove', '删除角色', 3, 3, 1);
INSERT INTO `sys_action` VALUES (10, 'system:menu:add', 'menu', 'add', '新增菜单', 4, 1, 1);
INSERT INTO `sys_action` VALUES (11, 'system:menu:edit', 'menu', 'edit', '修改菜单', 4, 2, 1);
INSERT INTO `sys_action` VALUES (12, 'system:menu:remove', 'menu', 'remove', '删除菜单', 4, 3, 1);
INSERT INTO `sys_action` VALUES (13, 'system:dept:add', 'dept', 'add', '新增部门', 5, 1, 1);
INSERT INTO `sys_action` VALUES (14, 'system:dept:edit', 'dept', 'edit', '修改部门', 5, 2, 1);
INSERT INTO `sys_action` VALUES (15, 'system:dept:remove', 'dept', 'remove', '删除部门', 5, 3, 1);
INSERT INTO `sys_action` VALUES (16, 'system:post:add', 'post', 'add', '新增岗位', 6, 1, 1);
INSERT INTO `sys_action` VALUES (17, 'system:post:edit', 'post', 'edit', '修改岗位', 6, 2, 1);
INSERT INTO `sys_action` VALUES (18, 'system:post:remove', 'post', 'remove', '删除岗位', 6, 3, 1);
INSERT INTO `sys_action` VALUES (55, 'system:dict:add', 'dict', 'add', '新增字典', 7, 1, 1);
INSERT INTO `sys_action` VALUES (56, 'system:dict:edit', 'dict', 'edit', '修改字典', 7, 2, 1);
INSERT INTO `sys_action` VALUES (57, 'system:dict:remove', 'dict', 'remove', '删除字典', 7, 3, 1);
INSERT INTO `sys_action` VALUES (58, 'system:system:add', 'system', 'add', '新增系统', 720069615614427136, 1, 1);
INSERT INTO `sys_action` VALUES (59, 'system:system:edit', 'system', 'edit', '修改系统', 720069615614427136, 2, 1);
INSERT INTO `sys_action` VALUES (60, 'system:system:remove', 'system', 'remove', '删除系统', 720069615614427136, 3, 1);
INSERT INTO `sys_action` VALUES (61, 'system:operlog:remove', 'operlog', 'remove', '删除操作日志', 719698282376331264, 1, 1);
INSERT INTO `sys_action` VALUES (62, 'system:loginlog:remove', 'loginlog', 'remove', '删除登录日志', 719706422979330048, 1, 1);
INSERT INTO `sys_action` VALUES (63, 'operation:platform:add', 'platform', 'add', '新增平台', 403, 1, 1);
INSERT INTO `sys_action` VALUES (64, 'operation:platform:edit', 'platform', 'edit', '修改平台', 403, 2, 1);
INSERT INTO `sys_action` VALUES (65, 'operation:platform:remove', 'platform', 'remove', '删除平台', 403, 3, 1);
INSERT INTO `sys_action` VALUES (66, 'operation:server:add', 'server', 'add', '新增服务器', 402, 1, 1);
INSERT INTO `sys_action` VALUES (67, 'operation:server:edit', 'server', 'edit', '修改服务器', 402, 2, 1);
INSERT INTO `sys_action` VALUES (68, 'operation:server:remove', 'server', 'remove', '删除服务器', 402, 3, 1);
INSERT INTO `sys_action` VALUES (69, 'operation:project:add', 'project', 'add', '新增项目', 401, 1, 1);
INSERT INTO `sys_action` VALUES (70, 'operation:project:edit', 'project', 'edit', '修改项目', 401, 2, 1);
INSERT INTO `sys_action` VALUES (71, 'operation:project:remove', 'project', 'remove', '删除项目', 401, 3, 1);
INSERT INTO `sys_action` VALUES (72, 'operation:component:add', 'component', 'add', '新增组件', 404, 1, 1);
INSERT INTO `sys_action` VALUES (73, 'operation:component:edit', 'component', 'edit', '修改组件', 404, 2, 1);
INSERT INTO `sys_action` VALUES (74, 'operation:component:remove', 'component', 'remove', '删除组件', 404, 3, 1);
INSERT INTO `sys_action` VALUES (75, 'system:role:assignPerm', 'role', 'assignPerm', '分配权限', 3, 4, 1);
INSERT INTO `sys_action` VALUES (76, 'system:role:assignUser', 'role', 'assignUser', '分配用户', 3, 5, 1);

-- ----------------------------
-- Table structure for sys_dept
-- ----------------------------
DROP TABLE IF EXISTS `sys_dept`;
CREATE TABLE `sys_dept`  (
  `id` bigint NOT NULL COMMENT '主键',
  `create_id` bigint NULL DEFAULT NULL COMMENT '创建人',
  `create_time` datetime NULL DEFAULT NULL COMMENT '创建时间',
  `update_id` bigint NULL DEFAULT NULL COMMENT '修改人',
  `update_time` datetime NULL DEFAULT NULL COMMENT '修改时间',
  `parent_id` bigint NULL DEFAULT NULL COMMENT '父级id',
  `dept_name` varchar(128) CHARACTER SET utf8mb4 COLLATE utf8mb4_general_ci NULL DEFAULT NULL COMMENT '部门名称',
  `order_num` int NULL DEFAULT NULL COMMENT '排序号',
  `status` int NULL DEFAULT NULL COMMENT '1:正常 0:停用',
  PRIMARY KEY (`id`) USING BTREE,
  INDEX `idx_sys_dept_parent_id`(`parent_id` ASC) USING BTREE
) ENGINE = InnoDB CHARACTER SET = utf8mb4 COLLATE = utf8mb4_general_ci COMMENT = '部门' ROW_FORMAT = Dynamic;

-- ----------------------------
-- Records of sys_dept
-- ----------------------------
INSERT INTO `sys_dept` VALUES (100, 1, '2026-06-09 23:52:26', 1, '2026-06-09 23:52:26', 0, '研发部', 1, 1);
INSERT INTO `sys_dept` VALUES (101, 1, '2026-06-09 23:52:26', 1, '2026-06-09 23:52:26', 100, '架构部', 1, 1);
INSERT INTO `sys_dept` VALUES (102, 1, '2026-06-09 23:52:26', 1, '2026-06-09 23:52:26', 100, '后端开发部', 2, 1);
INSERT INTO `sys_dept` VALUES (103, 1, '2026-06-09 23:52:26', 1, '2026-06-09 23:52:26', 100, '测试部', 3, 1);
INSERT INTO `sys_dept` VALUES (104, 1, '2026-06-09 23:52:26', 1, '2026-06-09 23:52:26', 100, '移动端部', 4, 1);
INSERT INTO `sys_dept` VALUES (105, 1, '2026-06-09 23:52:26', 1, '2026-06-09 23:52:26', 100, '数据算法部', 5, 1);
INSERT INTO `sys_dept` VALUES (106, 1, '2026-06-09 23:52:26', 1, '2026-06-09 23:52:26', 100, '信息安全部', 6, 1);
INSERT INTO `sys_dept` VALUES (200, 1, '2026-06-09 23:52:26', 1, '2026-06-09 23:52:26', 0, '产品部', 2, 1);
INSERT INTO `sys_dept` VALUES (201, 1, '2026-06-09 23:52:26', 1, '2026-06-09 23:52:26', 200, '产品设计组', 1, 1);
INSERT INTO `sys_dept` VALUES (202, 1, '2026-06-09 23:52:26', 1, '2026-06-09 23:52:26', 200, '用户研究组', 2, 1);
INSERT INTO `sys_dept` VALUES (203, 1, '2026-06-09 23:52:26', 1, '2026-06-09 23:52:26', 200, '项目管理组', 3, 1);
INSERT INTO `sys_dept` VALUES (300, 1, '2026-06-09 23:52:26', 1, '2026-06-09 23:52:26', 0, '设计部', 3, 1);
INSERT INTO `sys_dept` VALUES (301, 1, '2026-06-09 23:52:26', 1, '2026-06-09 23:52:26', 300, 'UI设计组', 1, 1);
INSERT INTO `sys_dept` VALUES (302, 1, '2026-06-09 23:52:26', 1, '2026-06-09 23:52:26', 300, 'UX设计组', 2, 1);
INSERT INTO `sys_dept` VALUES (303, 1, '2026-06-09 23:52:26', 1, '2026-06-09 23:52:26', 300, '视觉设计组', 3, 1);
INSERT INTO `sys_dept` VALUES (400, 1, '2026-06-09 23:52:26', 1, '2026-06-09 23:52:26', 0, '运营部', 4, 1);
INSERT INTO `sys_dept` VALUES (401, 1, '2026-06-09 23:52:26', 1, '2026-06-09 23:52:26', 400, '用户运营组', 1, 1);
INSERT INTO `sys_dept` VALUES (402, 1, '2026-06-09 23:52:26', 1, '2026-06-09 23:52:26', 400, '内容运营组', 2, 1);
INSERT INTO `sys_dept` VALUES (403, 1, '2026-06-09 23:52:26', 1, '2026-06-09 23:52:26', 400, '活动运营组', 3, 1);
INSERT INTO `sys_dept` VALUES (404, 1, '2026-06-09 23:52:26', 1, '2026-06-09 23:52:26', 400, '社群运营组', 4, 1);
INSERT INTO `sys_dept` VALUES (500, 1, '2026-06-09 23:52:26', 1, '2026-06-09 23:52:26', 0, '市场部', 5, 1);
INSERT INTO `sys_dept` VALUES (501, 1, '2026-06-09 23:52:26', 1, '2026-06-09 23:52:26', 500, '品牌市场组', 1, 1);
INSERT INTO `sys_dept` VALUES (502, 1, '2026-06-09 23:52:26', 1, '2026-06-09 23:52:26', 500, '增长营销组', 2, 1);
INSERT INTO `sys_dept` VALUES (503, 1, '2026-06-09 23:52:26', 1, '2026-06-09 23:52:26', 500, '商务合作组', 3, 1);
INSERT INTO `sys_dept` VALUES (600, 1, '2026-06-09 23:52:26', 1, '2026-06-09 23:52:26', 0, '职能中心', 6, 1);
INSERT INTO `sys_dept` VALUES (601, 1, '2026-06-09 23:52:26', 1, '2026-06-09 23:52:26', 600, '人力资源部', 1, 1);
INSERT INTO `sys_dept` VALUES (602, 1, '2026-06-09 23:52:26', 1, '2026-06-09 23:52:26', 600, '财务部', 2, 1);
INSERT INTO `sys_dept` VALUES (603, 1, '2026-06-09 23:52:26', 1, '2026-06-09 23:52:26', 600, '行政部', 3, 1);
INSERT INTO `sys_dept` VALUES (604, 1, '2026-06-09 23:52:26', 1, '2026-06-09 23:52:26', 600, '法务部', 4, 1);
INSERT INTO `sys_dept` VALUES (605, 1, '2026-06-09 23:52:26', 1, '2026-06-09 23:52:26', 600, '客服部', 5, 1);
INSERT INTO `sys_dept` VALUES (1011, 1, '2026-06-09 23:52:26', 1, '2026-06-09 23:52:26', 101, 'IT部门', 1, 1);
INSERT INTO `sys_dept` VALUES (1012, 1, '2026-06-09 23:52:26', 1, '2026-06-09 23:52:26', 101, '运维部', 2, 1);
INSERT INTO `sys_dept` VALUES (1013, 1, '2026-06-09 23:52:26', 1, '2026-06-09 23:52:26', 101, '前端部门', 3, 1);
INSERT INTO `sys_dept` VALUES (1014, 1, '2026-06-09 23:52:26', 1, '2026-06-09 23:52:26', 101, 'DevOps部', 4, 1);

-- ----------------------------
-- Table structure for sys_dict_data
-- ----------------------------
DROP TABLE IF EXISTS `sys_dict_data`;
CREATE TABLE `sys_dict_data`  (
  `id` bigint NOT NULL COMMENT '主键',
  `create_id` bigint NULL DEFAULT NULL COMMENT '创建人',
  `create_time` datetime NULL DEFAULT NULL COMMENT '创建时间',
  `update_id` bigint NULL DEFAULT NULL COMMENT '修改人',
  `update_time` datetime NULL DEFAULT NULL COMMENT '修改时间',
  `sort` int NULL DEFAULT NULL COMMENT '字典排序',
  `dict_key` varchar(128) CHARACTER SET utf8mb4 COLLATE utf8mb4_general_ci NULL DEFAULT NULL COMMENT '字典键',
  `dict_value` varchar(512) CHARACTER SET utf8mb4 COLLATE utf8mb4_general_ci NULL DEFAULT NULL COMMENT '字典值',
  `dict_value_en` varchar(512) CHARACTER SET utf8mb4 COLLATE utf8mb4_general_ci NULL DEFAULT NULL COMMENT '字典值(英文)',
  `dict_value_ja` varchar(512) CHARACTER SET utf8mb4 COLLATE utf8mb4_general_ci NULL DEFAULT NULL COMMENT '字典值(日文)',
  `dict_type` varchar(128) CHARACTER SET utf8mb4 COLLATE utf8mb4_general_ci NULL DEFAULT NULL COMMENT '字典类型',
  `status` int NULL DEFAULT NULL COMMENT '1正常 0停用',
  `remark` varchar(512) CHARACTER SET utf8mb4 COLLATE utf8mb4_general_ci NULL DEFAULT NULL COMMENT '备注',
  PRIMARY KEY (`id`) USING BTREE,
  INDEX `idx_sys_dict_data_dict_type`(`dict_type` ASC) USING BTREE
) ENGINE = InnoDB CHARACTER SET = utf8mb4 COLLATE = utf8mb4_general_ci COMMENT = '字典数据' ROW_FORMAT = Dynamic;

-- ----------------------------
-- Records of sys_dict_data
-- ----------------------------
INSERT INTO `sys_dict_data` VALUES (101, 1, '2026-06-10 01:28:39', 1, '2026-06-10 01:28:39', 1, '0', '男', 'Male', '男性', 'sys_user_sex', 1, NULL);
INSERT INTO `sys_dict_data` VALUES (102, 1, '2026-06-10 01:28:39', 1, '2026-06-10 01:28:39', 2, '1', '女', 'Female', '女性', 'sys_user_sex', 1, NULL);
INSERT INTO `sys_dict_data` VALUES (103, 1, '2026-06-10 01:28:39', 1, '2026-06-10 01:28:39', 3, '2', '未知', 'Unknown', '不明', 'sys_user_sex', 1, NULL);
INSERT INTO `sys_dict_data` VALUES (201, 1, '2026-06-10 01:28:39', 1, '2026-06-10 01:28:39', 1, '1', '正常', 'Normal', '正常', 'sys_normal_disable', 1, NULL);
INSERT INTO `sys_dict_data` VALUES (202, 1, '2026-06-10 01:28:39', 1, '2026-06-10 01:28:39', 2, '0', '停用', 'Disabled', '停止', 'sys_normal_disable', 1, NULL);
INSERT INTO `sys_dict_data` VALUES (301, 1, '2026-06-10 01:28:39', 1, '2026-06-10 01:28:39', 1, '0', '显示', 'Show', '表示', 'sys_show_hide', 1, NULL);
INSERT INTO `sys_dict_data` VALUES (302, 1, '2026-06-10 01:28:39', 1, '2026-06-10 01:28:39', 2, '1', '隐藏', 'Hide', '非表示', 'sys_show_hide', 1, NULL);
INSERT INTO `sys_dict_data` VALUES (401, 1, '2026-06-10 01:28:39', 1, '2026-06-10 01:28:39', 1, '1', '是', 'Yes', 'はい', 'sys_yes_no', 1, NULL);
INSERT INTO `sys_dict_data` VALUES (402, 1, '2026-06-10 01:28:39', 1, '2026-06-10 01:28:39', 2, '0', '否', 'No', 'いいえ', 'sys_yes_no', 1, NULL);
INSERT INTO `sys_dict_data` VALUES (501, 1, '2026-06-10 01:28:39', 1, '2026-06-10 01:28:39', 1, '0', '在职', 'Active', '在籍', 'sys_user_job', 1, NULL);
INSERT INTO `sys_dict_data` VALUES (502, 1, '2026-06-10 01:28:39', 1, '2026-06-10 01:28:39', 2, '1', '离职', 'Resigned', '退職', 'sys_user_job', 1, NULL);
INSERT INTO `sys_dict_data` VALUES (601, 1, '2026-06-10 01:28:39', 1, '2026-06-10 01:28:39', 1, '0', '未锁定', 'Unlocked', '未ロック', 'sys_user_lock', 1, NULL);
INSERT INTO `sys_dict_data` VALUES (602, 1, '2026-06-10 01:28:39', 1, '2026-06-10 01:28:39', 2, '1', '已锁定', 'Locked', 'ロック済', 'sys_user_lock', 1, NULL);
INSERT INTO `sys_dict_data` VALUES (701, 1, '2026-06-10 01:28:39', 1, '2026-06-10 01:28:39', 1, '0', '其它', 'Other', 'その他', 'sys_oper_type', 1, NULL);
INSERT INTO `sys_dict_data` VALUES (702, 1, '2026-06-10 01:28:39', 1, '2026-06-10 01:28:39', 2, '1', '新增', 'Create', '新規', 'sys_oper_type', 1, NULL);
INSERT INTO `sys_dict_data` VALUES (703, 1, '2026-06-10 01:28:39', 1, '2026-06-10 01:28:39', 3, '2', '修改', 'Update', '更新', 'sys_oper_type', 1, NULL);
INSERT INTO `sys_dict_data` VALUES (704, 1, '2026-06-10 01:28:39', 1, '2026-06-10 01:28:39', 4, '3', '删除', 'Delete', '削除', 'sys_oper_type', 1, NULL);
INSERT INTO `sys_dict_data` VALUES (705, 1, '2026-06-10 01:28:39', 1, '2026-06-10 01:28:39', 5, '4', '导出', 'Export', 'エクスポート', 'sys_oper_type', 1, NULL);
INSERT INTO `sys_dict_data` VALUES (706, 1, '2026-06-10 01:28:39', 1, '2026-06-10 01:28:39', 6, '5', '导入', 'Import', 'インポート', 'sys_oper_type', 1, NULL);
INSERT INTO `sys_dict_data` VALUES (707, 1, '2026-06-10 01:28:39', 1, '2026-06-10 01:28:39', 7, '6', '上传', 'Upload', 'アップロード', 'sys_oper_type', 1, NULL);
INSERT INTO `sys_dict_data` VALUES (708, 1, '2026-06-10 01:28:39', 1, '2026-06-10 01:28:39', 8, '7', '下载', 'Download', 'ダウンロード', 'sys_oper_type', 1, NULL);
INSERT INTO `sys_dict_data` VALUES (801, 1, '2026-06-10 01:28:39', 1, '2026-06-10 01:28:39', 1, '1', '开发环境', 'Development', '開発', 'deploy_environment', 1, NULL);
INSERT INTO `sys_dict_data` VALUES (802, 1, '2026-06-10 01:28:39', 1, '2026-06-10 01:28:39', 2, '2', '测试环境', 'Testing', 'テスト', 'deploy_environment', 1, NULL);
INSERT INTO `sys_dict_data` VALUES (803, 1, '2026-06-10 01:28:39', 1, '2026-06-10 01:28:39', 3, '3', '预发布', 'Staging', 'ステージング', 'deploy_environment', 1, NULL);
INSERT INTO `sys_dict_data` VALUES (804, 1, '2026-06-10 01:28:39', 1, '2026-06-10 01:28:39', 4, '4', '生产环境', 'Production', '本番', 'deploy_environment', 1, NULL);
INSERT INTO `sys_dict_data` VALUES (901, 1, '2026-06-10 01:28:39', 1, '2026-06-10 01:28:39', 1, '1', '通知', 'Notice', 'お知らせ', 'sys_notice_type', 1, NULL);
INSERT INTO `sys_dict_data` VALUES (902, 1, '2026-06-10 01:28:39', 1, '2026-06-10 01:28:39', 2, '2', '公告', 'Bulletin', '公告', 'sys_notice_type', 1, NULL);
INSERT INTO `sys_dict_data` VALUES (903, 1, '2026-06-10 01:28:39', 1, '2026-06-10 01:28:39', 3, '3', '维护', 'Maintenance', 'メンテナンス', 'sys_notice_type', 1, NULL);
INSERT INTO `sys_dict_data` VALUES (1001, 1, '2026-06-10 01:28:39', 1, '2026-06-10 01:28:39', 1, 'M', '目录', 'Directory', 'ディレクトリ', 'sys_menu_type', 1, NULL);
INSERT INTO `sys_dict_data` VALUES (1002, 1, '2026-06-10 01:28:39', 1, '2026-06-10 01:28:39', 2, 'C', '菜单', 'Menu', 'メニュー', 'sys_menu_type', 1, NULL);
INSERT INTO `sys_dict_data` VALUES (1003, 1, '2026-06-10 01:28:39', 1, '2026-06-10 01:28:39', 3, 'F', '按钮', 'Button', 'ボタン', 'sys_menu_type', 1, NULL);
INSERT INTO `sys_dict_data` VALUES (1101, 1, '2026-06-10 01:28:39', 1, '2026-06-10 01:28:39', 1, '1', '成功', 'Success', '成功', 'sys_login_status', 1, NULL);
INSERT INTO `sys_dict_data` VALUES (1102, 1, '2026-06-10 01:28:39', 1, '2026-06-10 01:28:39', 2, '0', '失败', 'Failed', '失敗', 'sys_login_status', 1, NULL);
INSERT INTO `sys_dict_data` VALUES (1201, 1, '2026-06-10 01:28:39', 1, '2026-06-10 01:28:39', 1, '1', '正常', 'Normal', '正常', 'sys_oper_status', 1, NULL);
INSERT INTO `sys_dict_data` VALUES (1202, 1, '2026-06-10 01:28:39', 1, '2026-06-10 01:28:39', 2, '0', '异常', 'Abnormal', '異常', 'sys_oper_status', 1, NULL);

-- ----------------------------
-- Table structure for sys_dict_type
-- ----------------------------
DROP TABLE IF EXISTS `sys_dict_type`;
CREATE TABLE `sys_dict_type`  (
  `id` bigint NOT NULL COMMENT '主键',
  `create_id` bigint NULL DEFAULT NULL COMMENT '创建人',
  `create_time` datetime NULL DEFAULT NULL COMMENT '创建时间',
  `update_id` bigint NULL DEFAULT NULL COMMENT '修改人',
  `update_time` datetime NULL DEFAULT NULL COMMENT '修改时间',
  `dict_name` varchar(128) CHARACTER SET utf8mb4 COLLATE utf8mb4_general_ci NULL DEFAULT NULL COMMENT '字典名称',
  `dict_type` varchar(128) CHARACTER SET utf8mb4 COLLATE utf8mb4_general_ci NULL DEFAULT NULL COMMENT '字典类型',
  `status` int NULL DEFAULT NULL COMMENT '1正常 0停用',
  `remark` varchar(512) CHARACTER SET utf8mb4 COLLATE utf8mb4_general_ci NULL DEFAULT NULL COMMENT '备注',
  PRIMARY KEY (`id`) USING BTREE,
  UNIQUE INDEX `uk_sys_dict_type_dict_type`(`dict_type` ASC) USING BTREE
) ENGINE = InnoDB CHARACTER SET = utf8mb4 COLLATE = utf8mb4_general_ci COMMENT = '字典类型' ROW_FORMAT = Dynamic;

-- ----------------------------
-- Records of sys_dict_type
-- ----------------------------
INSERT INTO `sys_dict_type` VALUES (1, 1, '2026-06-10 01:28:39', 1, '2026-06-10 01:28:39', '用户性别', 'sys_user_sex', 1, '用户性别');
INSERT INTO `sys_dict_type` VALUES (2, 1, '2026-06-10 01:28:39', 1, '2026-06-10 01:28:39', '系统状态', 'sys_normal_disable', 1, '正常/停用，用于用户、角色、部门等');
INSERT INTO `sys_dict_type` VALUES (3, 1, '2026-06-10 01:28:39', 1, '2026-06-10 01:28:39', '显示状态', 'sys_show_hide', 1, '菜单显示/隐藏');
INSERT INTO `sys_dict_type` VALUES (4, 1, '2026-06-10 01:28:39', 1, '2026-06-10 01:28:39', '是否', 'sys_yes_no', 1, '通用是/否');
INSERT INTO `sys_dict_type` VALUES (5, 1, '2026-06-10 01:28:39', 1, '2026-06-10 01:28:39', '在职状态', 'sys_user_job', 1, '员工在职/离职');
INSERT INTO `sys_dict_type` VALUES (6, 1, '2026-06-10 01:28:39', 1, '2026-06-10 01:28:39', '锁定状态', 'sys_user_lock', 1, '账号锁定/未锁定');
INSERT INTO `sys_dict_type` VALUES (7, 1, '2026-06-10 01:28:39', 1, '2026-06-10 01:28:39', '操作类型', 'sys_oper_type', 1, '操作日志业务类型');
INSERT INTO `sys_dict_type` VALUES (8, 1, '2026-06-10 01:28:39', 1, '2026-06-10 01:28:39', '部署环境', 'deploy_environment', 1, '运维模块环境标识');
INSERT INTO `sys_dict_type` VALUES (9, 1, '2026-06-10 01:28:39', 1, '2026-06-10 01:28:39', '通知类型', 'sys_notice_type', 1, '系统通知公告类型');
INSERT INTO `sys_dict_type` VALUES (10, 1, '2026-06-10 01:28:39', 1, '2026-06-10 01:28:39', '菜单类型', 'sys_menu_type', 1, 'M目录 C菜单 F按钮');
INSERT INTO `sys_dict_type` VALUES (11, 1, '2026-06-10 01:28:39', 1, '2026-06-10 01:28:39', '登录状态', 'sys_login_status', 1, '登录日志成功/失败');
INSERT INTO `sys_dict_type` VALUES (12, 1, '2026-06-10 01:28:39', 1, '2026-06-10 01:28:39', '操作状态', 'sys_oper_status', 1, '操作日志正常/异常');

-- ----------------------------
-- Table structure for sys_login_log
-- ----------------------------
DROP TABLE IF EXISTS `sys_login_log`;
CREATE TABLE `sys_login_log`  (
  `id` bigint NOT NULL COMMENT '主键',
  `user_name` varchar(128) CHARACTER SET utf8mb4 COLLATE utf8mb4_general_ci NULL DEFAULT NULL COMMENT '用户名',
  `ip_address` varchar(64) CHARACTER SET utf8mb4 COLLATE utf8mb4_general_ci NULL DEFAULT NULL COMMENT 'IP',
  `login_address` varchar(256) CHARACTER SET utf8mb4 COLLATE utf8mb4_general_ci NULL DEFAULT NULL COMMENT '登录地址',
  `browser` varchar(128) CHARACTER SET utf8mb4 COLLATE utf8mb4_general_ci NULL DEFAULT NULL COMMENT '浏览器',
  `os` varchar(128) CHARACTER SET utf8mb4 COLLATE utf8mb4_general_ci NULL DEFAULT NULL COMMENT '操作系统',
  `status` int NULL DEFAULT NULL COMMENT '1成功 0失败',
  `remark` varchar(512) CHARACTER SET utf8mb4 COLLATE utf8mb4_general_ci NULL DEFAULT NULL COMMENT '备注',
  `login_time` datetime NULL DEFAULT NULL COMMENT '登录时间',
  PRIMARY KEY (`id`) USING BTREE,
  INDEX `idx_sys_login_log_login_time`(`login_time` ASC) USING BTREE
) ENGINE = InnoDB CHARACTER SET = utf8mb4 COLLATE = utf8mb4_general_ci COMMENT = '登录日志' ROW_FORMAT = Dynamic;

-- ----------------------------
-- Records of sys_login_log
-- ----------------------------
INSERT INTO `sys_login_log` VALUES (720225841233002496, 'zhangsan', '127.0.0.1', '本地', 'Chrome', 'Windows 10', 1, '登录成功', '2026-06-11 10:40:22');
INSERT INTO `sys_login_log` VALUES (720289255359774720, 'superadmin', '127.0.0.1', '本地', 'Chrome', 'Windows 10', 1, '登录成功', '2026-06-11 14:52:21');
INSERT INTO `sys_login_log` VALUES (720292339297288192, 'zhangsan', '127.0.0.1', '本地', '未知', 'Windows 10', 1, '登录成功', '2026-06-11 15:04:36');
INSERT INTO `sys_login_log` VALUES (720292367424290816, 'admin', '127.0.0.1', '本地', '未知', 'Windows 10', 1, '登录成功', '2026-06-11 15:04:43');
INSERT INTO `sys_login_log` VALUES (720292426861772800, 'zhangsan', '127.0.0.1', '本地', '未知', 'Windows 10', 1, '登录成功', '2026-06-11 15:04:57');
INSERT INTO `sys_login_log` VALUES (720292668214607872, 'admin', '127.0.0.1', '本地', '未知', 'Windows 10', 1, '登录成功', '2026-06-11 15:05:54');
INSERT INTO `sys_login_log` VALUES (720292701655793664, 'admin', '127.0.0.1', '本地', '未知', 'Windows 10', 1, '登录成功', '2026-06-11 15:06:02');
INSERT INTO `sys_login_log` VALUES (720294343994245120, 'sunba', '127.0.0.1', '本地', '未知', 'Windows 10', 1, '登录成功', '2026-06-11 15:12:34');
INSERT INTO `sys_login_log` VALUES (720294344589836288, 'zhangsan', '127.0.0.1', '本地', '未知', 'Windows 10', 1, '登录成功', '2026-06-11 15:12:34');
INSERT INTO `sys_login_log` VALUES (720294384955817984, 'sunba', '127.0.0.1', '本地', '未知', 'Windows 10', 1, '登录成功', '2026-06-11 15:12:44');
INSERT INTO `sys_login_log` VALUES (720294613591523328, 'sunba', '127.0.0.1', '本地', '未知', 'Windows 10', 1, '登录成功', '2026-06-11 15:13:38');
INSERT INTO `sys_login_log` VALUES (720295202165620736, 'admin', '127.0.0.1', '本地', '未知', 'Windows 10', 1, '登录成功', '2026-06-11 15:15:59');
INSERT INTO `sys_login_log` VALUES (720322642862669824, 'zhangsan', '127.0.0.1', '本地', 'Chrome', 'Windows 10', 1, '登录成功', '2026-06-11 17:05:01');
INSERT INTO `sys_login_log` VALUES (720332372209303552, 'zhangsan', '127.0.0.1', '本地', '未知', 'Windows 10', 1, '登录成功', '2026-06-11 17:43:41');
INSERT INTO `sys_login_log` VALUES (720332401565237248, 'zhangsan', '127.0.0.1', '本地', '未知', 'Windows 10', 1, '登录成功', '2026-06-11 17:43:48');
INSERT INTO `sys_login_log` VALUES (720332428362645504, 'zhangsan', '127.0.0.1', '本地', '未知', 'Windows 10', 1, '登录成功', '2026-06-11 17:43:54');
INSERT INTO `sys_login_log` VALUES (720332560336420864, 'zhangsan', '127.0.0.1', '本地', '未知', 'Windows 10', 1, '登录成功', '2026-06-11 17:44:26');
INSERT INTO `sys_login_log` VALUES (720332865862107136, 'zhangsan', '127.0.0.1', '本地', 'Chrome', 'Windows 10', 1, '登录成功', '2026-06-11 17:45:38');
INSERT INTO `sys_login_log` VALUES (720333557867741184, NULL, '127.0.0.1', '本地', '未知', '未知', 0, '用户不存在或者密码错误', '2026-06-11 17:48:23');
INSERT INTO `sys_login_log` VALUES (720333557897101312, NULL, '127.0.0.1', '本地', '未知', '未知', 0, '用户不存在或者密码错误', '2026-06-11 17:48:23');
INSERT INTO `sys_login_log` VALUES (720333557926461440, NULL, '127.0.0.1', '本地', '未知', '未知', 0, '用户不存在或者密码错误', '2026-06-11 17:48:23');
INSERT INTO `sys_login_log` VALUES (720333557955821568, NULL, '127.0.0.1', '本地', '未知', '未知', 0, '用户不存在或者密码错误', '2026-06-11 17:48:23');
INSERT INTO `sys_login_log` VALUES (720355566978859008, 'superadmin', '127.0.0.1', '本地', '未知', 'Windows 10', 1, '登录成功', '2026-06-11 19:15:51');
INSERT INTO `sys_login_log` VALUES (720355591167410176, 'superadmin', '127.0.0.1', '本地', '未知', 'Windows 10', 1, '登录成功', '2026-06-11 19:15:56');
INSERT INTO `sys_login_log` VALUES (720355615863472128, 'superadmin', '127.0.0.1', '本地', '未知', 'Windows 10', 1, '登录成功', '2026-06-11 19:16:02');
INSERT INTO `sys_login_log` VALUES (720355615876055040, 'superadmin', '127.0.0.1', '本地', 'Chrome', 'Windows 10', 1, '登录成功', '2026-06-11 19:16:02');
INSERT INTO `sys_login_log` VALUES (720355663514959872, 'superadmin', '127.0.0.1', '本地', '未知', 'Windows 10', 1, '登录成功', '2026-06-11 19:16:14');
INSERT INTO `sys_login_log` VALUES (720355749624020992, 'superadmin', '127.0.0.1', '本地', 'Chrome', 'Windows 10', 1, '登录成功', '2026-06-11 19:16:34');
INSERT INTO `sys_login_log` VALUES (720355824790142976, 'superadmin', '127.0.0.1', '本地', '未知', 'Windows 10', 1, '登录成功', '2026-06-11 19:16:52');
INSERT INTO `sys_login_log` VALUES (720355847934312448, 'superadmin', '127.0.0.1', '本地', '未知', 'Windows 10', 1, '登录成功', '2026-06-11 19:16:58');
INSERT INTO `sys_login_log` VALUES (720355879190265856, 'superadmin', '127.0.0.1', '本地', '未知', 'Windows 10', 1, '登录成功', '2026-06-11 19:17:05');
INSERT INTO `sys_login_log` VALUES (720355882189193216, 'superadmin', '127.0.0.1', '本地', '未知', 'Windows 10', 1, '登录成功', '2026-06-11 19:17:06');
INSERT INTO `sys_login_log` VALUES (720356045976764416, 'superadmin', '127.0.0.1', '本地', 'Chrome', 'Windows 10', 1, '登录成功', '2026-06-11 19:17:45');
INSERT INTO `sys_login_log` VALUES (720356212167671808, 'superadmin', '127.0.0.1', '本地', '未知', 'Windows 10', 1, '登录成功', '2026-06-11 19:18:25');
INSERT INTO `sys_login_log` VALUES (720356413439737856, 'superadmin', '127.0.0.1', '本地', 'Chrome', 'Windows 10', 1, '登录成功', '2026-06-11 19:19:13');
INSERT INTO `sys_login_log` VALUES (720357271187488768, 'superadmin', '127.0.0.1', '本地', '未知', 'Windows 10', 1, '登录成功', '2026-06-11 19:22:37');
INSERT INTO `sys_login_log` VALUES (720357310458757120, 'superadmin', '127.0.0.1', '本地', 'Chrome', 'Windows 10', 1, '登录成功', '2026-06-11 19:22:46');
INSERT INTO `sys_login_log` VALUES (720358037352611840, 'test', '127.0.0.1', '本地', 'Chrome', 'Windows 10', 1, '登录成功', '2026-06-11 19:25:40');
INSERT INTO `sys_login_log` VALUES (720358752405946368, 'test', '127.0.0.1', '本地', 'Chrome', 'Windows 10', 1, '登录成功', '2026-06-11 19:28:30');
INSERT INTO `sys_login_log` VALUES (720369747958431744, NULL, '127.0.0.1', '本地', 'Chrome', 'Windows 10', 0, '用户不存在或者密码错误', '2026-06-11 20:12:12');
INSERT INTO `sys_login_log` VALUES (720369774978138112, 'superadmin', '127.0.0.1', '本地', 'Chrome', 'Windows 10', 1, '登录成功', '2026-06-11 20:12:18');
INSERT INTO `sys_login_log` VALUES (720370365322231808, 'test', '127.0.0.1', '本地', 'Chrome', 'Windows 10', 1, '登录成功', '2026-06-11 20:14:39');
INSERT INTO `sys_login_log` VALUES (720372566165815296, 'test', '127.0.0.1', '本地', 'Chrome', 'Windows 10', 1, '登录成功', '2026-06-11 20:23:24');
INSERT INTO `sys_login_log` VALUES (720372603646115840, 'test', '127.0.0.1', '本地', 'Chrome', 'Windows 10', 1, '登录成功', '2026-06-11 20:23:33');
INSERT INTO `sys_login_log` VALUES (720372633257902080, 'test', '127.0.0.1', '本地', 'Chrome', 'Windows 10', 1, '登录成功', '2026-06-11 20:23:40');
INSERT INTO `sys_login_log` VALUES (720373309018996736, 'test', '127.0.0.1', '本地', 'Chrome', 'Windows 10', 1, '登录成功', '2026-06-11 20:26:21');
INSERT INTO `sys_login_log` VALUES (720373337917751296, 'test', '127.0.0.1', '本地', 'Chrome', 'Windows 10', 1, '登录成功', '2026-06-11 20:26:28');
INSERT INTO `sys_login_log` VALUES (720375204760518656, 'test', '127.0.0.1', '本地', 'Chrome', 'Windows 10', 1, '登录成功', '2026-06-11 20:33:53');
INSERT INTO `sys_login_log` VALUES (720375246493843456, 'test', '127.0.0.1', '本地', 'Chrome', 'Windows 10', 1, '登录成功', '2026-06-11 20:34:03');
INSERT INTO `sys_login_log` VALUES (720414702378680320, 'test', '127.0.0.1', '本地', 'Chrome', 'Windows 10', 1, '登录成功', '2026-06-11 23:10:50');
INSERT INTO `sys_login_log` VALUES (720420289678147584, 'test', '127.0.0.1', '本地', 'Chrome', 'Windows 10', 1, '登录成功', '2026-06-11 23:33:02');
INSERT INTO `sys_login_log` VALUES (720420527138668544, 'test', '127.0.0.1', '本地', 'Chrome', 'Windows 10', 1, '登录成功', '2026-06-11 23:33:58');
INSERT INTO `sys_login_log` VALUES (720422217501900800, 'test', '127.0.0.1', '本地', 'Chrome', 'Windows 10', 1, '登录成功', '2026-06-11 23:40:41');
INSERT INTO `sys_login_log` VALUES (720546263455498240, 'test', '127.0.0.1', '本地', 'Chrome', 'Windows 10', 1, '登录成功', '2026-06-12 07:53:36');
INSERT INTO `sys_login_log` VALUES (722981835113496576, 'superadmin', '127.0.0.1', '本地', 'Chrome', 'Windows 10', 1, '登录成功', '2026-06-19 01:11:42');
INSERT INTO `sys_login_log` VALUES (723630978450325504, 'test', '127.0.0.1', '本地', 'Chrome', 'Windows 10', 1, '登录成功', '2026-06-20 20:11:10');

-- ----------------------------
-- Table structure for sys_menu
-- ----------------------------
DROP TABLE IF EXISTS `sys_menu`;
CREATE TABLE `sys_menu`  (
  `id` bigint NOT NULL COMMENT '主键',
  `create_id` bigint NULL DEFAULT NULL COMMENT '创建人',
  `create_time` datetime NULL DEFAULT NULL COMMENT '创建时间',
  `update_id` bigint NULL DEFAULT NULL COMMENT '修改人',
  `update_time` datetime NULL DEFAULT NULL COMMENT '修改时间',
  `menu_name` varchar(128) CHARACTER SET utf8mb4 COLLATE utf8mb4_general_ci NULL DEFAULT NULL COMMENT '菜单名称',
  `menu_name_en` varchar(128) CHARACTER SET utf8mb4 COLLATE utf8mb4_general_ci NULL DEFAULT NULL COMMENT '菜单名称(英文)',
  `menu_name_ja` varchar(128) CHARACTER SET utf8mb4 COLLATE utf8mb4_general_ci NULL DEFAULT NULL COMMENT '菜单名称(日文)',
  `parent_id` bigint NULL DEFAULT NULL COMMENT '父ID',
  `path` varchar(256) CHARACTER SET utf8mb4 COLLATE utf8mb4_general_ci NULL DEFAULT NULL COMMENT '路由',
  `component` varchar(256) CHARACTER SET utf8mb4 COLLATE utf8mb4_general_ci NULL DEFAULT NULL COMMENT '组件/路由名',
  `route_name` varchar(64) CHARACTER SET utf8mb4 COLLATE utf8mb4_general_ci NULL DEFAULT NULL COMMENT 'Vue路由名称(name)',
  `menu_type` varchar(8) CHARACTER SET utf8mb4 COLLATE utf8mb4_general_ci NULL DEFAULT NULL COMMENT 'M目录 C菜单 F按钮',
  `perms` varchar(256) CHARACTER SET utf8mb4 COLLATE utf8mb4_general_ci NULL DEFAULT NULL COMMENT '权限标识',
  `status` int NULL DEFAULT NULL COMMENT '1启用 0禁用',
  `icon` varchar(128) CHARACTER SET utf8mb4 COLLATE utf8mb4_general_ci NULL DEFAULT NULL COMMENT '图标',
  `order_num` int NULL DEFAULT NULL COMMENT '显示顺序',
  PRIMARY KEY (`id`) USING BTREE,
  INDEX `idx_sys_menu_parent_id`(`parent_id` ASC) USING BTREE
) ENGINE = InnoDB CHARACTER SET = utf8mb4 COLLATE = utf8mb4_general_ci COMMENT = '菜单' ROW_FORMAT = Dynamic;

-- ----------------------------
-- Records of sys_menu
-- ----------------------------
INSERT INTO `sys_menu` VALUES (1, NULL, NULL, 1, '2026-06-11 02:18:14', '系统管理', 'System', 'システム', 0, 'system', NULL, 'System', 'M', NULL, 1, 'system', 2);
INSERT INTO `sys_menu` VALUES (2, NULL, NULL, NULL, NULL, '用户管理', 'Users', 'ユーザー管理', 1, 'user', 'system/user/index', NULL, 'C', 'system:user:list', 1, 'user', 1);
INSERT INTO `sys_menu` VALUES (3, NULL, NULL, NULL, NULL, '角色管理', 'Roles', 'ロール管理', 1, 'role', 'system/role/index', NULL, 'C', 'system:role:list', 1, 'peoples', 2);
INSERT INTO `sys_menu` VALUES (4, NULL, NULL, NULL, NULL, '菜单管理', 'Menus', 'メニュー管理', 1, 'menu', 'system/menu/index', NULL, 'C', 'system:menu:list', 1, 'tree-table', 3);
INSERT INTO `sys_menu` VALUES (5, NULL, NULL, NULL, NULL, '部门管理', 'Departments', '部署管理', 1, 'dept', 'system/dept/index', NULL, 'C', 'system:dept:list', 1, 'tree', 4);
INSERT INTO `sys_menu` VALUES (6, NULL, NULL, NULL, NULL, '岗位管理', 'Posts', 'ポスト管理', 1, 'post', 'system/post/index', NULL, 'C', 'system:post:list', 1, 'post', 5);
INSERT INTO `sys_menu` VALUES (7, NULL, NULL, NULL, NULL, '字典管理', 'Dictionary', '辞書管理', 1, 'dict', 'system/dict/index', NULL, 'C', 'system:dict:list', 1, 'dict', 6);
INSERT INTO `sys_menu` VALUES (8, NULL, NULL, NULL, NULL, '参数设置', 'Parameters', 'パラメータ', 1, 'config', 'system/config/index', NULL, 'C', 'system:config:list', 1, 'edit', 7);
INSERT INTO `sys_menu` VALUES (9, NULL, NULL, NULL, NULL, '通知公告', 'Notices', 'お知らせ', 1, 'notice', 'system/notice/index', NULL, 'C', 'system:notice:list', 1, 'message', 8);
INSERT INTO `sys_menu` VALUES (400, NULL, NULL, NULL, NULL, '运营管理', 'Operations', '運用管理', 0, 'operation', NULL, NULL, 'M', NULL, 1, 'guide', 4);
INSERT INTO `sys_menu` VALUES (401, NULL, NULL, NULL, NULL, '项目管理', 'Projects', 'プロジェクト', 400, 'project', 'operation/project/index', NULL, 'C', 'operation:project:list', 1, 'example', 1);
INSERT INTO `sys_menu` VALUES (402, NULL, NULL, NULL, NULL, '服务器管理', 'Servers', 'サーバー', 400, 'server', 'operation/server/index', NULL, 'C', 'operation:server:list', 1, 'server', 2);
INSERT INTO `sys_menu` VALUES (403, NULL, NULL, NULL, NULL, '平台管理', 'Platforms', 'プラットフォーム', 400, 'platform', 'operation/platform/index', NULL, 'C', 'operation:platform:list', 1, 'tree', 3);
INSERT INTO `sys_menu` VALUES (404, NULL, NULL, NULL, NULL, '组件管理', 'Components', 'コンポーネント', 400, 'component', 'operation/component/index', NULL, 'C', 'operation:component:list', 1, 'component', 4);
INSERT INTO `sys_menu` VALUES (500, NULL, NULL, 2, '2026-06-09 21:58:01', 'ChatGPT', 'ChatGPT', 'ChatGPT', 0, 'chatgpt', NULL, 'Chatgpt', 'M', NULL, 0, 'message', 5);
INSERT INTO `sys_menu` VALUES (501, NULL, NULL, 2, '2026-06-09 21:58:08', '智能对话', 'AI Chat', 'AI対話', 500, 'completion', 'chatgpt/completion/index', NULL, 'C', 'chatgpt:completion:list', 0, 'message', 1);
INSERT INTO `sys_menu` VALUES (600, NULL, NULL, 1, '2026-06-09 23:00:34', '烛龙', 'Candlelight', '燭龍データ', 0, 'candlelight', NULL, NULL, 'M', NULL, 1, 'chart', 6);
INSERT INTO `sys_menu` VALUES (601, NULL, NULL, NULL, NULL, 'BI分析', 'BI', 'BI分析', 600, 'bi', 'CandlelightDragon/bi/index', NULL, 'C', 'candlelight:bi:list', 1, 'chart', 1);
INSERT INTO `sys_menu` VALUES (602, NULL, NULL, NULL, NULL, '数据驾驶舱', 'Cockpit', 'コックピット', 600, 'cockpit', 'CandlelightDragon/cockpit/index', NULL, 'C', 'candlelight:cockpit:list', 1, 'dashboard', 2);
INSERT INTO `sys_menu` VALUES (603, NULL, NULL, NULL, NULL, '用户画像', 'User Portrait', 'ユーザーピクチャ', 600, 'userportrait', 'CandlelightDragon/userportrait/index', NULL, 'C', 'candlelight:userportrait:list', 1, 'user', 3);
INSERT INTO `sys_menu` VALUES (700, NULL, NULL, 1, '2026-06-11 02:19:30', '洞察与控制', 'Insight & Control', '洞察と制御', 0, 'insight', NULL, 'Insight', 'M', NULL, 1, 'chart', 7);
INSERT INTO `sys_menu` VALUES (701, NULL, NULL, NULL, NULL, '报表', 'Reports', 'レポート', 700, 'reports', 'meiling/reports/index', NULL, 'C', 'meiling:reports:list', 1, 'documentation', 1);
INSERT INTO `sys_menu` VALUES (702, NULL, NULL, NULL, NULL, 'Pulse', 'Pulse', 'Pulse', 700, 'pulse', 'meiling/pulse/index', NULL, 'C', 'meiling:pulse:list', 1, 'message', 2);
INSERT INTO `sys_menu` VALUES (703, NULL, NULL, NULL, NULL, '工作流', 'Workflows', 'ワークフロー', 700, 'workflows', 'meiling/workflows/index', NULL, 'C', 'meiling:workflows:list', 1, 'guide', 3);
INSERT INTO `sys_menu` VALUES (800, 1, '2026-06-11 03:16:58', 1, '2026-06-11 03:16:58', '身份与门户', 'Identity & Portal', 'マルチシステム', 0, 'portal', NULL, 'Portal', 'M', NULL, 1, 'guide', 1);
INSERT INTO `sys_menu` VALUES (810, 1, '2026-06-11 03:16:58', 1, '2026-06-11 03:16:58', '安全审计', 'Security Audit', '監査ログ', 0, 'audit', NULL, 'Audit', 'M', NULL, 1, 'monitor', 9);
INSERT INTO `sys_menu` VALUES (719698282376331264, 1, '2026-06-09 23:44:02', 1, '2026-06-09 23:44:47', '操作日志', '', '', 810, 'operlog', 'system/operlog/index', NULL, 'C', 'system:operlog:list', 1, 'monitor', 1);
INSERT INTO `sys_menu` VALUES (719706422979330048, 1, '2026-06-10 00:16:23', NULL, NULL, '登录日志', '', '', 810, 'loginlog', 'system/loginlog/index', NULL, 'C', 'system:loginlog:list', 1, 'monitor', 2);
INSERT INTO `sys_menu` VALUES (720069615614427136, 1, '2026-06-11 00:19:35', 1, '2026-06-11 00:19:57', '系统注册', '', '', 800, 'system', 'system/system/index', 'SystemRegistry', 'C', 'system:system:list', 1, 'system', 1);
INSERT INTO `sys_menu` VALUES (720092589008617472, 1, '2026-06-11 01:50:52', 1, '2026-06-11 01:51:24', '分配系统', '', '', 800, 'system-user', 'system/system-user/index', 'SystemUserAssign', 'C', 'system:user:list', 1, 'system', 2);
INSERT INTO `sys_menu` VALUES (720092589008617473, NULL, '2026-06-11 18:47:37', NULL, NULL, '动作目录', NULL, NULL, 1, 'action', 'system/action/index', 'ActionManage', 'C', 'system:menu:list', 1, NULL, 4);

-- ----------------------------
-- Table structure for sys_operation_log
-- ----------------------------
DROP TABLE IF EXISTS `sys_operation_log`;
CREATE TABLE `sys_operation_log`  (
  `id` bigint NOT NULL COMMENT '主键',
  `title` varchar(256) CHARACTER SET utf8mb4 COLLATE utf8mb4_general_ci NULL DEFAULT NULL COMMENT '标题',
  `business_type` int NULL DEFAULT NULL COMMENT '业务类型',
  `method_name` varchar(256) CHARACTER SET utf8mb4 COLLATE utf8mb4_general_ci NULL DEFAULT NULL COMMENT '方法名',
  `request_method` varchar(16) CHARACTER SET utf8mb4 COLLATE utf8mb4_general_ci NULL DEFAULT NULL COMMENT 'HTTP方法',
  `user_name` varchar(128) CHARACTER SET utf8mb4 COLLATE utf8mb4_general_ci NULL DEFAULT NULL COMMENT '用户名',
  `request_ip` varchar(64) CHARACTER SET utf8mb4 COLLATE utf8mb4_general_ci NULL DEFAULT NULL COMMENT '请求IP',
  `request_url` varchar(512) CHARACTER SET utf8mb4 COLLATE utf8mb4_general_ci NULL DEFAULT NULL COMMENT 'URL',
  `request_param` text CHARACTER SET utf8mb4 COLLATE utf8mb4_general_ci NULL COMMENT '请求参数',
  `response_result` text CHARACTER SET utf8mb4 COLLATE utf8mb4_general_ci NULL COMMENT '返回结果',
  `status` int NULL DEFAULT NULL COMMENT '1正常 0异常',
  `create_time` datetime NULL DEFAULT NULL COMMENT '创建时间',
  PRIMARY KEY (`id`) USING BTREE,
  INDEX `idx_sys_operation_log_create_time`(`create_time` ASC) USING BTREE
) ENGINE = InnoDB CHARACTER SET = utf8mb4 COLLATE = utf8mb4_general_ci COMMENT = '操作日志' ROW_FORMAT = Dynamic;

-- ----------------------------
-- Records of sys_operation_log
-- ----------------------------
INSERT INTO `sys_operation_log` VALUES (720220060777447424, '进入系统', 1, 'com.moli.system.controller.SystemController.enter()', 'POST', 'zhangsan', '127.0.0.1', '/system/enter', '{\"systemId\":1}', '{\"code\":200,\"data\":{\"currentSystem\":{\"baseUrl\":\"http://localhost:9528\",\"icon\":\"system\",\"id\":1,\"isDefault\":true,\"sort\":1,\"ssoMode\":\"INTERNAL\",\"systemCode\":\"moli-admin\",\"systemGroup\":\"governance\",\"systemName\":\"moli-admin 管理后台\"},\"hubToken\":\"login_token_932e3a70-8d90-4184-bffd-ad8e435aceb1\",\"menuVoList\":[{\"alwaysShow\":true,\"children\":[{\"component\":\"system/dept/index\",\"hidden\":false,\"icon\":\"tree\",\"id\":5,\"menuName\":\"部门管理\",\"menuType\":\"C\",\"meta\":{\"icon\":\"tree\",\"noCache\":false,\"title\":\"部门管理\"},\"name\":\"Dept\",\"orderNum\":4,\"parentId\":1,\"path\":\"dept\",\"perms\":\"system:dept:list\",\"redirect\":\"noRedirect\",\"status\":1},{\"component\":\"system/post/index\",\"hidden\":false,\"icon\":\"post\",\"id\":6,\"menuName\":\"岗位管理\",\"menuType\":\"C\",\"meta\":{\"icon\":\"post\",\"noCache\":false,\"title\":\"岗位管理\"},\"name\":\"Post\",\"orderNum\":5,\"parentId\":1,\"path\":\"post\",\"perms\":\"system:post:list\",\"redirect\":\"noRedirect\",\"status\":1},{\"component\":\"system/dict/index\",\"hidden\":false,\"icon\":\"dict\",\"id\":7,\"menuName\":\"字典管理\",\"menuType\":\"C\",\"meta\":{\"icon\":\"dict\",\"noCache\":false,\"title\":\"字典管理\"},\"name\":\"Dict\",\"orderNum\":6,\"parentId\":1,\"path\":\"dict\",\"perms\":\"system:dict:list\",\"redirect\":\"noRedirect\",\"status\":1}],\"component\":\"Layout\",\"hidden\":false,\"icon\":\"system\",\"id\":1,\"menuName\":\"系统管理\",\"menuType\":\"M\",\"meta\":{\"icon\":\"system\",\"noCache\":false,\"title\":\"系统管理\"},\"name\":\"System\",\"orderNum\":2,\"parentId\":0,\"path\":\"/system\",\"redirect\":\"noRedirect\",\"routeName\":\"System\",\"status\":1,\"updateId\":1,\"updateTime\":1781115494000}]}}', 1, '2026-06-11 10:17:24');
INSERT INTO `sys_operation_log` VALUES (720223117846249472, '用户系统授权', 2, 'com.moli.system.controller.UserController.insertUserSystem()', 'PUT', 'superadmin', '127.0.0.1', '/user/insertUserSystem', '{\"systemIds\":[2],\"userId\":719712653013942272}', '{\"code\":200,\"data\":true}', 1, '2026-06-11 10:29:32');
INSERT INTO `sys_operation_log` VALUES (720223852017221632, '进入系统', 1, 'com.moli.system.controller.SystemController.enter()', 'POST', 'zhangsan', '127.0.0.1', '/system/enter', '{\"systemId\":2}', '{\"code\":200,\"data\":{\"currentSystem\":{\"baseUrl\":\"http://localhost:9528\",\"icon\":\"server\",\"id\":2,\"isDefault\":true,\"sort\":51,\"ssoMode\":\"EXTERNAL\",\"systemCode\":\"moli-ops\",\"systemGroup\":\"ops\",\"systemName\":\"运维总控台\"},\"hubToken\":\"login_token_932e3a70-8d90-4184-bffd-ad8e435aceb1\",\"menuVoList\":[],\"redirectUrl\":\"http://localhost:9528/sso/login?ticket=ba8c0f9592814ec3a8bcc11ee9994371&systemCode=moli-ops\"}}', 1, '2026-06-11 10:32:27');
INSERT INTO `sys_operation_log` VALUES (720223857578868736, '进入系统', 1, 'com.moli.system.controller.SystemController.enter()', 'POST', 'zhangsan', '127.0.0.1', '/system/enter', '{\"systemId\":2}', '{\"code\":200,\"data\":{\"currentSystem\":{\"baseUrl\":\"http://localhost:9528\",\"icon\":\"server\",\"id\":2,\"isDefault\":true,\"sort\":51,\"ssoMode\":\"EXTERNAL\",\"systemCode\":\"moli-ops\",\"systemGroup\":\"ops\",\"systemName\":\"运维总控台\"},\"hubToken\":\"login_token_932e3a70-8d90-4184-bffd-ad8e435aceb1\",\"menuVoList\":[],\"redirectUrl\":\"http://localhost:9528/sso/login?ticket=826605ca05534da3a853c54e140e3e2a&systemCode=moli-ops\"}}', 1, '2026-06-11 10:32:29');
INSERT INTO `sys_operation_log` VALUES (720223933441245184, '用户系统授权', 2, 'com.moli.system.controller.UserController.insertUserSystem()', 'PUT', 'superadmin', '127.0.0.1', '/user/insertUserSystem', '{\"systemIds\":[2,1],\"userId\":719712653013942272}', '{\"code\":200,\"data\":true}', 1, '2026-06-11 10:32:47');
INSERT INTO `sys_operation_log` VALUES (720223976583856128, '进入系统', 1, 'com.moli.system.controller.SystemController.enter()', 'POST', 'zhangsan', '127.0.0.1', '/system/enter', '{\"systemId\":1}', '{\"code\":200,\"data\":{\"currentSystem\":{\"baseUrl\":\"http://localhost:9528\",\"icon\":\"system\",\"id\":1,\"isDefault\":false,\"sort\":1,\"ssoMode\":\"INTERNAL\",\"systemCode\":\"moli-admin\",\"systemGroup\":\"governance\",\"systemName\":\"moli-admin 管理后台\"},\"hubToken\":\"login_token_932e3a70-8d90-4184-bffd-ad8e435aceb1\",\"menuVoList\":[{\"alwaysShow\":true,\"children\":[{\"component\":\"system/dept/index\",\"hidden\":false,\"icon\":\"tree\",\"id\":5,\"menuName\":\"部门管理\",\"menuType\":\"C\",\"meta\":{\"icon\":\"tree\",\"noCache\":false,\"title\":\"部门管理\"},\"name\":\"Dept\",\"orderNum\":4,\"parentId\":1,\"path\":\"dept\",\"perms\":\"system:dept:list\",\"redirect\":\"noRedirect\",\"status\":1},{\"component\":\"system/post/index\",\"hidden\":false,\"icon\":\"post\",\"id\":6,\"menuName\":\"岗位管理\",\"menuType\":\"C\",\"meta\":{\"icon\":\"post\",\"noCache\":false,\"title\":\"岗位管理\"},\"name\":\"Post\",\"orderNum\":5,\"parentId\":1,\"path\":\"post\",\"perms\":\"system:post:list\",\"redirect\":\"noRedirect\",\"status\":1},{\"component\":\"system/dict/index\",\"hidden\":false,\"icon\":\"dict\",\"id\":7,\"menuName\":\"字典管理\",\"menuType\":\"C\",\"meta\":{\"icon\":\"dict\",\"noCache\":false,\"title\":\"字典管理\"},\"name\":\"Dict\",\"orderNum\":6,\"parentId\":1,\"path\":\"dict\",\"perms\":\"system:dict:list\",\"redirect\":\"noRedirect\",\"status\":1}],\"component\":\"Layout\",\"hidden\":false,\"icon\":\"system\",\"id\":1,\"menuName\":\"系统管理\",\"menuType\":\"M\",\"meta\":{\"icon\":\"system\",\"noCache\":false,\"title\":\"系统管理\"},\"name\":\"System\",\"orderNum\":2,\"parentId\":0,\"path\":\"/system\",\"redirect\":\"noRedirect\",\"routeName\":\"System\",\"status\":1,\"updateId\":1,\"updateTime\":1781115494000}]}}', 1, '2026-06-11 10:32:57');
INSERT INTO `sys_operation_log` VALUES (720225653340766208, '用户系统授权', 2, 'com.moli.system.controller.UserController.insertUserSystem()', 'PUT', 'superadmin', '127.0.0.1', '/user/insertUserSystem', '{\"systemIds\":[2,1,10],\"userId\":719712653013942272}', '{\"code\":200,\"data\":true}', 1, '2026-06-11 10:39:37');
INSERT INTO `sys_operation_log` VALUES (720226521628803072, '进入系统', 1, 'com.moli.system.controller.SystemController.enter()', 'POST', 'superadmin', '127.0.0.1', '/system/enter', '{\"systemId\":1}', '{\"code\":200,\"data\":{\"currentSystem\":{\"baseUrl\":\"http://localhost:9528\",\"icon\":\"system\",\"id\":1,\"isDefault\":true,\"sort\":1,\"ssoMode\":\"INTERNAL\",\"systemCode\":\"moli-admin\",\"systemGroup\":\"governance\",\"systemName\":\"moli-admin 管理后台\"},\"hubToken\":\"login_token_5dffedee-28d3-4229-a0ce-3938f682d71c\",\"menuVoList\":[{\"alwaysShow\":true,\"children\":[{\"component\":\"system/system/index\",\"createId\":1,\"createTime\":1781108375000,\"hidden\":false,\"icon\":\"system\",\"id\":720069615614427136,\"menuName\":\"系统注册\",\"menuType\":\"C\",\"meta\":{\"icon\":\"system\",\"noCache\":false,\"title\":\"系统注册\"},\"name\":\"SystemRegistry\",\"orderNum\":1,\"parentId\":800,\"path\":\"system\",\"perms\":\"system:system:list\",\"redirect\":\"noRedirect\",\"routeName\":\"SystemRegistry\",\"status\":1,\"updateId\":1,\"updateTime\":1781108397000},{\"component\":\"system/system-user/index\",\"createId\":1,\"createTime\":1781113852000,\"hidden\":false,\"icon\":\"system\",\"id\":720092589008617472,\"menuName\":\"分配系统\",\"menuType\":\"C\",\"meta\":{\"icon\":\"system\",\"noCache\":false,\"title\":\"分配系统\"},\"name\":\"SystemUserAssign\",\"orderNum\":2,\"parentId\":800,\"path\":\"system-user\",\"perms\":\"system:user:list\",\"redirect\":\"noRedirect\",\"routeName\":\"SystemUserAssign\",\"status\":1,\"updateId\":1,\"updateTime\":1781113884000}],\"component\":\"Layout\",\"createId\":1,\"createTime\":1781119018000,\"hidden\":false,\"icon\":\"guide\",\"id\":800,\"menuName\":\"身份与门户\",\"menuType\":\"M\",\"meta\":{\"icon\":\"guide\",\"noCache\":false,\"title\":\"身份与门户\"},\"name\":\"Portal\",\"orderNum\":1,\"parentId\":0,\"path\":\"/portal\",\"redirect\":\"noRedirect\",\"routeName\":\"Portal\",\"status\":1,\"updateId\":1,\"updateTime\":1781119018000},{\"alwaysShow\":true,\"children\":[{\"component\":\"system/user/index\",\"hidden\":false,\"icon\":\"user\",\"id\":2,\"menuName\":\"用户管理\",\"menuType\":\"C\",\"meta\":{\"icon\":\"user\",\"noCache\":false,\"title\":\"用户管理\"},\"name\":\"User\",\"orderNum\":1,\"parentId\":1,\"path\":\"user\",\"perms\":\"system:user:list\",\"redirect\":\"noRedirect\",\"status\":1},{\"component\":\"system/role/index\",\"hidden\":false,\"icon\":\"peoples\",\"id\":3,\"menuName\":\"角色管理\",\"menuType\":\"C\",\"meta\":{\"icon\":\"peoples\",\"noCache\":false,\"title\":\"角色管理\"},', 1, '2026-06-11 10:43:04');
INSERT INTO `sys_operation_log` VALUES (720229929865707520, '进入系统', 1, 'com.moli.system.controller.SystemController.enter()', 'POST', 'zhangsan', '127.0.0.1', '/system/enter', '{\"systemId\":1}', '{\"code\":200,\"data\":{\"currentSystem\":{\"baseUrl\":\"http://localhost:9528\",\"icon\":\"system\",\"id\":1,\"isDefault\":false,\"sort\":1,\"ssoMode\":\"INTERNAL\",\"systemCode\":\"moli-admin\",\"systemGroup\":\"governance\",\"systemName\":\"moli-admin 管理后台\"},\"hubToken\":\"login_token_fe81114e-bf05-40a2-b544-5a0697ac8dbd\",\"menuVoList\":[{\"alwaysShow\":true,\"children\":[{\"component\":\"system/dept/index\",\"hidden\":false,\"icon\":\"tree\",\"id\":5,\"menuName\":\"部门管理\",\"menuType\":\"C\",\"meta\":{\"icon\":\"tree\",\"noCache\":false,\"title\":\"部门管理\"},\"name\":\"Dept\",\"orderNum\":4,\"parentId\":1,\"path\":\"dept\",\"perms\":\"system:dept:list\",\"redirect\":\"noRedirect\",\"status\":1},{\"component\":\"system/post/index\",\"hidden\":false,\"icon\":\"post\",\"id\":6,\"menuName\":\"岗位管理\",\"menuType\":\"C\",\"meta\":{\"icon\":\"post\",\"noCache\":false,\"title\":\"岗位管理\"},\"name\":\"Post\",\"orderNum\":5,\"parentId\":1,\"path\":\"post\",\"perms\":\"system:post:list\",\"redirect\":\"noRedirect\",\"status\":1},{\"component\":\"system/dict/index\",\"hidden\":false,\"icon\":\"dict\",\"id\":7,\"menuName\":\"字典管理\",\"menuType\":\"C\",\"meta\":{\"icon\":\"dict\",\"noCache\":false,\"title\":\"字典管理\"},\"name\":\"Dict\",\"orderNum\":6,\"parentId\":1,\"path\":\"dict\",\"perms\":\"system:dict:list\",\"redirect\":\"noRedirect\",\"status\":1}],\"component\":\"Layout\",\"hidden\":false,\"icon\":\"system\",\"id\":1,\"menuName\":\"系统管理\",\"menuType\":\"M\",\"meta\":{\"icon\":\"system\",\"noCache\":false,\"title\":\"系统管理\"},\"name\":\"System\",\"orderNum\":2,\"parentId\":0,\"path\":\"/system\",\"redirect\":\"noRedirect\",\"routeName\":\"System\",\"status\":1,\"updateId\":1,\"updateTime\":1781115494000}]}}', 1, '2026-06-11 10:56:37');
INSERT INTO `sys_operation_log` VALUES (720257945664749568, '角色批量授权用户', 2, 'com.moli.system.controller.UserController.addUserRole()', 'PUT', 'superadmin', '127.0.0.1', '/user/addUserRole', '{\"roleId\":1,\"userIds\":[1]}', '{\"code\":200,\"data\":true,\"msg\":\"角色授权已更新，请通知相关用户刷新页面后查看新菜单\"}', 1, '2026-06-11 12:47:56');
INSERT INTO `sys_operation_log` VALUES (720257972000784384, '角色移除用户', 2, 'com.moli.system.controller.UserController.removeUsers()', 'PUT', 'superadmin', '127.0.0.1', '/user/removeUsers', '{\"roleId\":1,\"userIds\":[1]}', '{\"code\":200,\"data\":true,\"msg\":\"角色授权已更新，请通知相关用户刷新页面后查看新菜单\"}', 1, '2026-06-11 12:48:02');
INSERT INTO `sys_operation_log` VALUES (720259422525325312, '角色批量授权用户', 2, 'com.moli.system.controller.UserController.addUserRole()', 'PUT', 'superadmin', '127.0.0.1', '/user/addUserRole', '{\"roleId\":1,\"userIds\":[1,2]}', '{\"code\":200,\"data\":true,\"msg\":\"角色授权已更新，请通知相关用户刷新页面后查看新菜单\"}', 1, '2026-06-11 12:53:48');
INSERT INTO `sys_operation_log` VALUES (720259444201488384, '角色移除用户', 2, 'com.moli.system.controller.UserController.removeUsers()', 'PUT', 'superadmin', '127.0.0.1', '/user/removeUsers', '{\"roleId\":1,\"userIds\":[2]}', '{\"code\":200,\"data\":true,\"msg\":\"角色授权已更新，请通知相关用户刷新页面后查看新菜单\"}', 1, '2026-06-11 12:53:53');
INSERT INTO `sys_operation_log` VALUES (720259455828099072, '角色移除用户', 2, 'com.moli.system.controller.UserController.removeUsers()', 'PUT', 'superadmin', '127.0.0.1', '/user/removeUsers', '{\"roleId\":1,\"userIds\":[1]}', '{\"code\":200,\"data\":true,\"msg\":\"角色授权已更新，请通知相关用户刷新页面后查看新菜单\"}', 1, '2026-06-11 12:53:56');
INSERT INTO `sys_operation_log` VALUES (720260944202039296, '用户角色授权', 2, 'com.moli.system.controller.UserController.insertUserRole()', 'PUT', 'superadmin', '127.0.0.1', '/user/insertUserRole', '{\"roleIds\":[2,3],\"userId\":719712653013942272}', '{\"code\":200,\"data\":true,\"msg\":\"角色授权已更新，请通知相关用户刷新页面后查看新菜单\"}', 1, '2026-06-11 12:59:51');
INSERT INTO `sys_operation_log` VALUES (720262604257230848, '切换系统', 1, 'com.moli.system.controller.SystemController.switchSystem()', 'POST', 'superadmin', '127.0.0.1', '/system/switch', '{\"systemId\":3}', '{\"code\":200,\"data\":{\"currentSystem\":{\"baseUrl\":\"http://127.0.0.1:9000\",\"icon\":\"guide\",\"id\":3,\"isDefault\":false,\"sort\":10,\"ssoMode\":\"EXTERNAL\",\"systemCode\":\"crm-demo\",\"systemGroup\":\"business\",\"systemName\":\"CRM 客户管理\"},\"hubToken\":\"login_token_5dffedee-28d3-4229-a0ce-3938f682d71c\",\"menuVoList\":[],\"redirectUrl\":\"http://127.0.0.1:9000/sso/login?ticket=86c44a57cb4643e98cab99df58db12a5&systemCode=crm-demo\"}}', 1, '2026-06-11 13:06:27');
INSERT INTO `sys_operation_log` VALUES (720262869723119616, '用户系统授权', 2, 'com.moli.system.controller.UserController.insertUserSystem()', 'PUT', 'superadmin', '127.0.0.1', '/user/insertUserSystem', '{\"systemIds\":[1],\"userId\":720000000000000002}', '{\"code\":200,\"data\":true}', 1, '2026-06-11 13:07:30');
INSERT INTO `sys_operation_log` VALUES (720262869865725952, '用户系统授权', 2, 'com.moli.system.controller.UserController.insertUserSystem()', 'PUT', 'superadmin', '127.0.0.1', '/user/insertUserSystem', '{\"systemIds\":[1],\"userId\":720000000000000003}', '{\"code\":200,\"data\":true}', 1, '2026-06-11 13:07:30');
INSERT INTO `sys_operation_log` VALUES (720262870016720896, '用户系统授权', 2, 'com.moli.system.controller.UserController.insertUserSystem()', 'PUT', 'superadmin', '127.0.0.1', '/user/insertUserSystem', '{\"systemIds\":[1],\"userId\":720000000000000004}', '{\"code\":200,\"data\":true}', 1, '2026-06-11 13:07:30');
INSERT INTO `sys_operation_log` VALUES (720262870150938624, '用户系统授权', 2, 'com.moli.system.controller.UserController.insertUserSystem()', 'PUT', 'superadmin', '127.0.0.1', '/user/insertUserSystem', '{\"systemIds\":[1],\"userId\":720000000000000005}', '{\"code\":200,\"data\":true}', 1, '2026-06-11 13:07:30');
INSERT INTO `sys_operation_log` VALUES (720262870280962048, '用户系统授权', 2, 'com.moli.system.controller.UserController.insertUserSystem()', 'PUT', 'superadmin', '127.0.0.1', '/user/insertUserSystem', '{\"systemIds\":[1],\"userId\":720000000000000006}', '{\"code\":200,\"data\":true}', 1, '2026-06-11 13:07:30');
INSERT INTO `sys_operation_log` VALUES (720262870406791168, '用户系统授权', 2, 'com.moli.system.controller.UserController.insertUserSystem()', 'PUT', 'superadmin', '127.0.0.1', '/user/insertUserSystem', '{\"systemIds\":[1],\"userId\":720000000000000007}', '{\"code\":200,\"data\":true}', 1, '2026-06-11 13:07:30');
INSERT INTO `sys_operation_log` VALUES (720262870561980416, '用户系统授权', 2, 'com.moli.system.controller.UserController.insertUserSystem()', 'PUT', 'superadmin', '127.0.0.1', '/user/insertUserSystem', '{\"systemIds\":[1],\"userId\":720000000000000008}', '{\"code\":200,\"data\":true}', 1, '2026-06-11 13:07:30');
INSERT INTO `sys_operation_log` VALUES (720262870733946880, '用户系统授权', 2, 'com.moli.system.controller.UserController.insertUserSystem()', 'PUT', 'superadmin', '127.0.0.1', '/user/insertUserSystem', '{\"systemIds\":[1],\"userId\":720000000000000009}', '{\"code\":200,\"data\":true}', 1, '2026-06-11 13:07:30');
INSERT INTO `sys_operation_log` VALUES (720262870889136128, '用户系统授权', 2, 'com.moli.system.controller.UserController.insertUserSystem()', 'PUT', 'superadmin', '127.0.0.1', '/user/insertUserSystem', '{\"systemIds\":[1],\"userId\":720000000000000010}', '{\"code\":200,\"data\":true}', 1, '2026-06-11 13:07:30');
INSERT INTO `sys_operation_log` VALUES (720262871040131072, '用户系统授权', 2, 'com.moli.system.controller.UserController.insertUserSystem()', 'PUT', 'superadmin', '127.0.0.1', '/user/insertUserSystem', '{\"systemIds\":[1],\"userId\":720000000000000011}', '{\"code\":200,\"data\":true}', 1, '2026-06-11 13:07:30');
INSERT INTO `sys_operation_log` VALUES (720262871182737408, '用户系统授权', 2, 'com.moli.system.controller.UserController.insertUserSystem()', 'PUT', 'superadmin', '127.0.0.1', '/user/insertUserSystem', '{\"systemIds\":[1],\"userId\":720000000000000012}', '{\"code\":200,\"data\":true}', 1, '2026-06-11 13:07:30');
INSERT INTO `sys_operation_log` VALUES (720262871325343744, '用户系统授权', 2, 'com.moli.system.controller.UserController.insertUserSystem()', 'PUT', 'superadmin', '127.0.0.1', '/user/insertUserSystem', '{\"systemIds\":[1],\"userId\":720000000000000013}', '{\"code\":200,\"data\":true}', 1, '2026-06-11 13:07:30');
INSERT INTO `sys_operation_log` VALUES (720262871467950080, '用户系统授权', 2, 'com.moli.system.controller.UserController.insertUserSystem()', 'PUT', 'superadmin', '127.0.0.1', '/user/insertUserSystem', '{\"systemIds\":[1],\"userId\":720000000000000014}', '{\"code\":200,\"data\":true}', 1, '2026-06-11 13:07:30');
INSERT INTO `sys_operation_log` VALUES (720262871610556416, '用户系统授权', 2, 'com.moli.system.controller.UserController.insertUserSystem()', 'PUT', 'superadmin', '127.0.0.1', '/user/insertUserSystem', '{\"systemIds\":[1],\"userId\":720000000000000015}', '{\"code\":200,\"data\":true}', 1, '2026-06-11 13:07:30');
INSERT INTO `sys_operation_log` VALUES (720262871761551360, '用户系统授权', 2, 'com.moli.system.controller.UserController.insertUserSystem()', 'PUT', 'superadmin', '127.0.0.1', '/user/insertUserSystem', '{\"systemIds\":[1],\"userId\":720000000000000016}', '{\"code\":200,\"data\":true}', 1, '2026-06-11 13:07:30');
INSERT INTO `sys_operation_log` VALUES (720262871933517824, '用户系统授权', 2, 'com.moli.system.controller.UserController.insertUserSystem()', 'PUT', 'superadmin', '127.0.0.1', '/user/insertUserSystem', '{\"systemIds\":[1],\"userId\":720000000000000017}', '{\"code\":200,\"data\":true}', 1, '2026-06-11 13:07:31');
INSERT INTO `sys_operation_log` VALUES (720262872097095680, '用户系统授权', 2, 'com.moli.system.controller.UserController.insertUserSystem()', 'PUT', 'superadmin', '127.0.0.1', '/user/insertUserSystem', '{\"systemIds\":[1],\"userId\":720000000000000018}', '{\"code\":200,\"data\":true}', 1, '2026-06-11 13:07:31');
INSERT INTO `sys_operation_log` VALUES (720262872235507712, '用户系统授权', 2, 'com.moli.system.controller.UserController.insertUserSystem()', 'PUT', 'superadmin', '127.0.0.1', '/user/insertUserSystem', '{\"systemIds\":[1],\"userId\":720000000000000019}', '{\"code\":200,\"data\":true}', 1, '2026-06-11 13:07:31');
INSERT INTO `sys_operation_log` VALUES (720262872373919744, '用户系统授权', 2, 'com.moli.system.controller.UserController.insertUserSystem()', 'PUT', 'superadmin', '127.0.0.1', '/user/insertUserSystem', '{\"systemIds\":[1],\"userId\":720000000000000020}', '{\"code\":200,\"data\":true}', 1, '2026-06-11 13:07:31');
INSERT INTO `sys_operation_log` VALUES (720262872508137472, '用户系统授权', 2, 'com.moli.system.controller.UserController.insertUserSystem()', 'PUT', 'superadmin', '127.0.0.1', '/user/insertUserSystem', '{\"systemIds\":[1],\"userId\":720000000000000021}', '{\"code\":200,\"data\":true}', 1, '2026-06-11 13:07:31');
INSERT INTO `sys_operation_log` VALUES (720289261659619328, '进入系统', 1, 'com.moli.system.controller.SystemController.enter()', 'POST', 'superadmin', '127.0.0.1', '/system/enter', '{\"systemId\":1}', '{\"code\":200,\"data\":{\"currentSystem\":{\"baseUrl\":\"http://localhost:9528\",\"icon\":\"system\",\"id\":1,\"isDefault\":true,\"sort\":1,\"ssoMode\":\"INTERNAL\",\"systemCode\":\"moli-admin\",\"systemGroup\":\"governance\",\"systemName\":\"moli-admin 管理后台\"},\"fullPermission\":true,\"hubToken\":\"login_token_4f7569d8-8beb-454e-af88-8519b2198899\",\"menuVoList\":[{\"alwaysShow\":true,\"children\":[{\"component\":\"system/system/index\",\"createId\":1,\"createTime\":1781108375000,\"hidden\":false,\"icon\":\"system\",\"id\":720069615614427136,\"menuName\":\"系统注册\",\"menuType\":\"C\",\"meta\":{\"icon\":\"system\",\"noCache\":false,\"title\":\"系统注册\"},\"name\":\"SystemRegistry\",\"orderNum\":1,\"parentId\":800,\"path\":\"system\",\"perms\":\"system:system:list\",\"redirect\":\"noRedirect\",\"routeName\":\"SystemRegistry\",\"status\":1,\"updateId\":1,\"updateTime\":1781108397000},{\"component\":\"system/system-user/index\",\"createId\":1,\"createTime\":1781113852000,\"hidden\":false,\"icon\":\"system\",\"id\":720092589008617472,\"menuName\":\"分配系统\",\"menuType\":\"C\",\"meta\":{\"icon\":\"system\",\"noCache\":false,\"title\":\"分配系统\"},\"name\":\"SystemUserAssign\",\"orderNum\":2,\"parentId\":800,\"path\":\"system-user\",\"perms\":\"system:user:list\",\"redirect\":\"noRedirect\",\"routeName\":\"SystemUserAssign\",\"status\":1,\"updateId\":1,\"updateTime\":1781113884000}],\"component\":\"Layout\",\"createId\":1,\"createTime\":1781119018000,\"hidden\":false,\"icon\":\"guide\",\"id\":800,\"menuName\":\"身份与门户\",\"menuType\":\"M\",\"meta\":{\"icon\":\"guide\",\"noCache\":false,\"title\":\"身份与门户\"},\"name\":\"Portal\",\"orderNum\":1,\"parentId\":0,\"path\":\"/portal\",\"redirect\":\"noRedirect\",\"routeName\":\"Portal\",\"status\":1,\"updateId\":1,\"updateTime\":1781119018000},{\"alwaysShow\":true,\"children\":[{\"component\":\"system/user/index\",\"hidden\":false,\"icon\":\"user\",\"id\":2,\"menuName\":\"用户管理\",\"menuType\":\"C\",\"meta\":{\"icon\":\"user\",\"noCache\":false,\"title\":\"用户管理\"},\"name\":\"User\",\"orderNum\":1,\"parentId\":1,\"path\":\"user\",\"perms\":\"system:user:list\",\"redirect\":\"noRedirect\",\"status\":1},{\"component\":\"system/role/index\",\"hidden\":false,\"icon\":\"peoples\",\"id\":3,\"menuName\":\"角色管理\",\"menuType\":\"C\",\"meta\":{\"icon\":\"peoples\",\"noCache\":', 1, '2026-06-11 14:52:22');
INSERT INTO `sys_operation_log` VALUES (720294418849988608, '角色菜单授权', 2, 'com.moli.system.controller.RoleController.update()', 'PUT', 'superadmin', '127.0.0.1', '/role', '{\"updateId\":1,\"createTime\":1781022119000,\"createId\":1,\"roleName\":\"运营人员\",\"actionCodes\":[],\"orderNum\":\"5\",\"remark\":\"运营管理模块权限\",\"updateTime\":1781022119000,\"id\":5,\"menuIds\":[2,1],\"status\":1}', '{\"code\":200,\"data\":true,\"msg\":\"角色授权已更新，请通知相关用户刷新页面后查看新菜单\"}', 1, '2026-06-11 15:12:52');
INSERT INTO `sys_operation_log` VALUES (720294836493615104, '进入系统', 1, 'com.moli.system.controller.SystemController.enter()', 'POST', 'superadmin', '127.0.0.1', '/system/enter', '{\"systemId\":1}', '{\"code\":200,\"data\":{\"currentSystem\":{\"baseUrl\":\"http://localhost:9528\",\"icon\":\"system\",\"id\":1,\"isDefault\":true,\"sort\":1,\"ssoMode\":\"INTERNAL\",\"systemCode\":\"moli-admin\",\"systemGroup\":\"governance\",\"systemName\":\"moli-admin 管理后台\"},\"fullPermission\":true,\"hubToken\":\"login_token_4f7569d8-8beb-454e-af88-8519b2198899\",\"menuVoList\":[{\"alwaysShow\":true,\"children\":[{\"component\":\"system/system/index\",\"createId\":1,\"createTime\":1781108375000,\"hidden\":false,\"icon\":\"system\",\"id\":720069615614427136,\"menuName\":\"系统注册\",\"menuType\":\"C\",\"meta\":{\"icon\":\"system\",\"noCache\":false,\"title\":\"系统注册\"},\"name\":\"SystemRegistry\",\"orderNum\":1,\"parentId\":800,\"path\":\"system\",\"perms\":\"system:system:list\",\"redirect\":\"noRedirect\",\"routeName\":\"SystemRegistry\",\"status\":1,\"updateId\":1,\"updateTime\":1781108397000},{\"component\":\"system/system-user/index\",\"createId\":1,\"createTime\":1781113852000,\"hidden\":false,\"icon\":\"system\",\"id\":720092589008617472,\"menuName\":\"分配系统\",\"menuType\":\"C\",\"meta\":{\"icon\":\"system\",\"noCache\":false,\"title\":\"分配系统\"},\"name\":\"SystemUserAssign\",\"orderNum\":2,\"parentId\":800,\"path\":\"system-user\",\"perms\":\"system:user:list\",\"redirect\":\"noRedirect\",\"routeName\":\"SystemUserAssign\",\"status\":1,\"updateId\":1,\"updateTime\":1781113884000}],\"component\":\"Layout\",\"createId\":1,\"createTime\":1781119018000,\"hidden\":false,\"icon\":\"guide\",\"id\":800,\"menuName\":\"身份与门户\",\"menuType\":\"M\",\"meta\":{\"icon\":\"guide\",\"noCache\":false,\"title\":\"身份与门户\"},\"name\":\"Portal\",\"orderNum\":1,\"parentId\":0,\"path\":\"/portal\",\"redirect\":\"noRedirect\",\"routeName\":\"Portal\",\"status\":1,\"updateId\":1,\"updateTime\":1781119018000},{\"alwaysShow\":true,\"children\":[{\"component\":\"system/user/index\",\"hidden\":false,\"icon\":\"user\",\"id\":2,\"menuName\":\"用户管理\",\"menuType\":\"C\",\"meta\":{\"icon\":\"user\",\"noCache\":false,\"title\":\"用户管理\"},\"name\":\"User\",\"orderNum\":1,\"parentId\":1,\"path\":\"user\",\"perms\":\"system:user:list\",\"redirect\":\"noRedirect\",\"status\":1},{\"component\":\"system/role/index\",\"hidden\":false,\"icon\":\"peoples\",\"id\":3,\"menuName\":\"角色管理\",\"menuType\":\"C\",\"meta\":{\"icon\":\"peoples\",\"noCache\":', 1, '2026-06-11 15:14:31');
INSERT INTO `sys_operation_log` VALUES (720295346445484032, '角色菜单授权', 2, 'com.moli.system.controller.RoleController.update()', 'PUT', 'superadmin', '127.0.0.1', '/role', '{\"updateId\":1,\"createTime\":1781022119000,\"createId\":1,\"roleName\":\"研发工程师\",\"actionCodes\":[],\"orderNum\":\"3\",\"remark\":\"研发与运维相关功能权限\",\"updateTime\":1781022119000,\"id\":3,\"menuIds\":[1,5,6,7,3,2],\"status\":1}', '{\"code\":200,\"data\":true,\"msg\":\"角色授权已更新，请通知相关用户刷新页面后查看新菜单\"}', 1, '2026-06-11 15:16:33');
INSERT INTO `sys_operation_log` VALUES (720322593294385152, '角色菜单授权', 2, 'com.moli.system.controller.RoleController.update()', 'PUT', 'superadmin', '127.0.0.1', '/role', '{\"updateId\":1,\"createTime\":1781022119000,\"createId\":1,\"roleName\":\"研发工程师\",\"actionCodes\":[],\"orderNum\":\"3\",\"remark\":\"研发与运维相关功能权限\",\"updateTime\":1781022119000,\"id\":3,\"menuIds\":[1,2,3,5,6,7],\"status\":1}', '{\"code\":200,\"data\":true,\"msg\":\"角色授权已更新，请通知相关用户刷新页面后查看新菜单\"}', 1, '2026-06-11 17:04:49');
INSERT INTO `sys_operation_log` VALUES (720322650345308160, '进入系统', 1, 'com.moli.system.controller.SystemController.enter()', 'POST', 'zhangsan', '127.0.0.1', '/system/enter', '{\"systemId\":1}', '{\"code\":200,\"data\":{\"currentSystem\":{\"baseUrl\":\"http://localhost:9528\",\"icon\":\"system\",\"id\":1,\"isDefault\":false,\"sort\":1,\"ssoMode\":\"INTERNAL\",\"systemCode\":\"moli-admin\",\"systemGroup\":\"governance\",\"systemName\":\"moli-admin 管理后台\"},\"fullPermission\":false,\"hubToken\":\"login_token_9a0b3d36-0931-4b4b-8f17-7ad486a99f06\",\"menuVoList\":[{\"alwaysShow\":true,\"children\":[{\"component\":\"system/user/index\",\"hidden\":false,\"icon\":\"user\",\"id\":2,\"menuName\":\"用户管理\",\"menuType\":\"C\",\"meta\":{\"icon\":\"user\",\"noCache\":false,\"title\":\"用户管理\"},\"name\":\"User\",\"orderNum\":1,\"parentId\":1,\"path\":\"user\",\"perms\":\"system:user:list\",\"redirect\":\"noRedirect\",\"status\":1},{\"component\":\"system/role/index\",\"hidden\":false,\"icon\":\"peoples\",\"id\":3,\"menuName\":\"角色管理\",\"menuType\":\"C\",\"meta\":{\"icon\":\"peoples\",\"noCache\":false,\"title\":\"角色管理\"},\"name\":\"Role\",\"orderNum\":2,\"parentId\":1,\"path\":\"role\",\"perms\":\"system:role:list\",\"redirect\":\"noRedirect\",\"status\":1},{\"component\":\"system/dept/index\",\"hidden\":false,\"icon\":\"tree\",\"id\":5,\"menuName\":\"部门管理\",\"menuType\":\"C\",\"meta\":{\"icon\":\"tree\",\"noCache\":false,\"title\":\"部门管理\"},\"name\":\"Dept\",\"orderNum\":4,\"parentId\":1,\"path\":\"dept\",\"perms\":\"system:dept:list\",\"redirect\":\"noRedirect\",\"status\":1},{\"component\":\"system/post/index\",\"hidden\":false,\"icon\":\"post\",\"id\":6,\"menuName\":\"岗位管理\",\"menuType\":\"C\",\"meta\":{\"icon\":\"post\",\"noCache\":false,\"title\":\"岗位管理\"},\"name\":\"Post\",\"orderNum\":5,\"parentId\":1,\"path\":\"post\",\"perms\":\"system:post:list\",\"redirect\":\"noRedirect\",\"status\":1},{\"component\":\"system/dict/index\",\"hidden\":false,\"icon\":\"dict\",\"id\":7,\"menuName\":\"字典管理\",\"menuType\":\"C\",\"meta\":{\"icon\":\"dict\",\"noCache\":false,\"title\":\"字典管理\"},\"name\":\"Dict\",\"orderNum\":6,\"parentId\":1,\"path\":\"dict\",\"perms\":\"system:dict:list\",\"redirect\":\"noRedirect\",\"status\":1}],\"component\":\"Layout\",\"hidden\":false,\"icon\":\"system\",\"id\":1,\"menuName\":\"系统管理\",\"menuType\":\"M\",\"meta\":{\"icon\":\"system\",\"noCache\":false,\"title\":\"系统管理\"},\"name\":\"System\",\"orderNum\":2,\"parentId\":0,\"path\":\"/system\",\"redirect\":\"noRedirect\",\"routeName\":\"System\",\"status\":1,\"updateI', 1, '2026-06-11 17:05:03');
INSERT INTO `sys_operation_log` VALUES (720331805181345792, '角色菜单授权', 2, 'com.moli.system.controller.RoleController.update()', 'PUT', 'superadmin', '127.0.0.1', '/role', '{\"updateId\":1,\"createTime\":1781022119000,\"createId\":1,\"roleName\":\"研发工程师\",\"actionCodes\":[\"system:dept:add\",\"system:dept:edit\",\"system:dept:remove\",\"system:post:add\",\"system:post:edit\",\"system:post:remove\",\"system:role:add\",\"system:role:edit\",\"system:role:remove\",\"system:menu:add\",\"system:menu:edit\",\"system:menu:remove\",\"system:user:add\",\"system:user:remove\",\"system:user:resetPwd\",\"system:user:assignRole\",\"system:user:assignSystem\"],\"orderNum\":\"3\",\"remark\":\"研发与运维相关功能权限\",\"updateTime\":1781022119000,\"id\":3,\"menuIds\":[1,5,6,7,3,4,2],\"status\":1}', '{\"code\":200,\"data\":true,\"msg\":\"角色授权已更新，请通知相关用户刷新页面后查看新菜单\"}', 1, '2026-06-11 17:41:25');
INSERT INTO `sys_operation_log` VALUES (720332401904975872, '进入系统', 1, 'com.moli.system.controller.SystemController.enter()', 'POST', 'zhangsan', '127.0.0.1', '/system/enter', '{\"systemId\":1}', '{\"code\":200,\"data\":{\"currentSystem\":{\"baseUrl\":\"http://localhost:9528\",\"icon\":\"system\",\"id\":1,\"isDefault\":false,\"sort\":1,\"ssoMode\":\"INTERNAL\",\"systemCode\":\"moli-admin\",\"systemGroup\":\"governance\",\"systemName\":\"moli-admin 管理后台\"},\"fullPermission\":false,\"hubToken\":\"login_token_2a3171fa-3028-4468-9449-39847b00b78c\",\"menuVoList\":[{\"alwaysShow\":true,\"children\":[{\"component\":\"system/user/index\",\"hidden\":false,\"icon\":\"user\",\"id\":2,\"menuName\":\"用户管理\",\"menuType\":\"C\",\"meta\":{\"icon\":\"user\",\"noCache\":false,\"title\":\"用户管理\"},\"name\":\"User\",\"orderNum\":1,\"parentId\":1,\"path\":\"user\",\"perms\":\"system:user:list\",\"redirect\":\"noRedirect\",\"status\":1},{\"component\":\"system/role/index\",\"hidden\":false,\"icon\":\"peoples\",\"id\":3,\"menuName\":\"角色管理\",\"menuType\":\"C\",\"meta\":{\"icon\":\"peoples\",\"noCache\":false,\"title\":\"角色管理\"},\"name\":\"Role\",\"orderNum\":2,\"parentId\":1,\"path\":\"role\",\"perms\":\"system:role:list\",\"redirect\":\"noRedirect\",\"status\":1},{\"component\":\"system/menu/index\",\"hidden\":false,\"icon\":\"tree-table\",\"id\":4,\"menuName\":\"菜单管理\",\"menuType\":\"C\",\"meta\":{\"icon\":\"tree-table\",\"noCache\":false,\"title\":\"菜单管理\"},\"name\":\"Menu\",\"orderNum\":3,\"parentId\":1,\"path\":\"menu\",\"perms\":\"system:menu:list\",\"redirect\":\"noRedirect\",\"status\":1},{\"component\":\"system/dept/index\",\"hidden\":false,\"icon\":\"tree\",\"id\":5,\"menuName\":\"部门管理\",\"menuType\":\"C\",\"meta\":{\"icon\":\"tree\",\"noCache\":false,\"title\":\"部门管理\"},\"name\":\"Dept\",\"orderNum\":4,\"parentId\":1,\"path\":\"dept\",\"perms\":\"system:dept:list\",\"redirect\":\"noRedirect\",\"status\":1},{\"component\":\"system/post/index\",\"hidden\":false,\"icon\":\"post\",\"id\":6,\"menuName\":\"岗位管理\",\"menuType\":\"C\",\"meta\":{\"icon\":\"post\",\"noCache\":false,\"title\":\"岗位管理\"},\"name\":\"Post\",\"orderNum\":5,\"parentId\":1,\"path\":\"post\",\"perms\":\"system:post:list\",\"redirect\":\"noRedirect\",\"status\":1},{\"component\":\"system/dict/index\",\"hidden\":false,\"icon\":\"dict\",\"id\":7,\"menuName\":\"字典管理\",\"menuType\":\"C\",\"meta\":{\"icon\":\"dict\",\"noCache\":false,\"title\":\"字典管理\"},\"name\":\"Dict\",\"orderNum\":6,\"parentId\":1,\"path\":\"dict\",\"perms\":\"system:dict:list\",\"redirect\":\"noRedirect\"', 1, '2026-06-11 17:43:48');
INSERT INTO `sys_operation_log` VALUES (720332428618498048, '进入系统', 1, 'com.moli.system.controller.SystemController.enter()', 'POST', 'zhangsan', '127.0.0.1', '/system/enter', '{\"systemId\":2}', '{\"code\":200,\"data\":{\"currentSystem\":{\"baseUrl\":\"http://localhost:9528\",\"icon\":\"server\",\"id\":2,\"isDefault\":true,\"sort\":51,\"ssoMode\":\"EXTERNAL\",\"systemCode\":\"moli-ops\",\"systemGroup\":\"ops\",\"systemName\":\"运维总控台\"},\"fullPermission\":false,\"hubToken\":\"login_token_7a75d0bf-846f-4039-adf6-dc36eff254e3\",\"menuVoList\":[],\"permissions\":[],\"redirectUrl\":\"http://localhost:9528/sso/login?ticket=0f3d947f113948d7adbf056cea023234&systemCode=moli-ops\"}}', 1, '2026-06-11 17:43:54');
INSERT INTO `sys_operation_log` VALUES (720332560650993664, '进入系统', 1, 'com.moli.system.controller.SystemController.enter()', 'POST', 'zhangsan', '127.0.0.1', '/system/enter', '{\"systemId\":1}', '{\"code\":200,\"data\":{\"currentSystem\":{\"baseUrl\":\"http://localhost:9528\",\"icon\":\"system\",\"id\":1,\"isDefault\":false,\"sort\":1,\"ssoMode\":\"INTERNAL\",\"systemCode\":\"moli-admin\",\"systemGroup\":\"governance\",\"systemName\":\"moli-admin 管理后台\"},\"fullPermission\":false,\"hubToken\":\"login_token_56cf4842-1534-4c71-86c8-4e92c3241983\",\"menuVoList\":[{\"alwaysShow\":true,\"children\":[{\"component\":\"system/user/index\",\"hidden\":false,\"icon\":\"user\",\"id\":2,\"menuName\":\"用户管理\",\"menuType\":\"C\",\"meta\":{\"icon\":\"user\",\"noCache\":false,\"title\":\"用户管理\"},\"name\":\"User\",\"orderNum\":1,\"parentId\":1,\"path\":\"user\",\"perms\":\"system:user:list\",\"redirect\":\"noRedirect\",\"status\":1},{\"component\":\"system/role/index\",\"hidden\":false,\"icon\":\"peoples\",\"id\":3,\"menuName\":\"角色管理\",\"menuType\":\"C\",\"meta\":{\"icon\":\"peoples\",\"noCache\":false,\"title\":\"角色管理\"},\"name\":\"Role\",\"orderNum\":2,\"parentId\":1,\"path\":\"role\",\"perms\":\"system:role:list\",\"redirect\":\"noRedirect\",\"status\":1},{\"component\":\"system/menu/index\",\"hidden\":false,\"icon\":\"tree-table\",\"id\":4,\"menuName\":\"菜单管理\",\"menuType\":\"C\",\"meta\":{\"icon\":\"tree-table\",\"noCache\":false,\"title\":\"菜单管理\"},\"name\":\"Menu\",\"orderNum\":3,\"parentId\":1,\"path\":\"menu\",\"perms\":\"system:menu:list\",\"redirect\":\"noRedirect\",\"status\":1},{\"component\":\"system/dept/index\",\"hidden\":false,\"icon\":\"tree\",\"id\":5,\"menuName\":\"部门管理\",\"menuType\":\"C\",\"meta\":{\"icon\":\"tree\",\"noCache\":false,\"title\":\"部门管理\"},\"name\":\"Dept\",\"orderNum\":4,\"parentId\":1,\"path\":\"dept\",\"perms\":\"system:dept:list\",\"redirect\":\"noRedirect\",\"status\":1},{\"component\":\"system/post/index\",\"hidden\":false,\"icon\":\"post\",\"id\":6,\"menuName\":\"岗位管理\",\"menuType\":\"C\",\"meta\":{\"icon\":\"post\",\"noCache\":false,\"title\":\"岗位管理\"},\"name\":\"Post\",\"orderNum\":5,\"parentId\":1,\"path\":\"post\",\"perms\":\"system:post:list\",\"redirect\":\"noRedirect\",\"status\":1},{\"component\":\"system/dict/index\",\"hidden\":false,\"icon\":\"dict\",\"id\":7,\"menuName\":\"字典管理\",\"menuType\":\"C\",\"meta\":{\"icon\":\"dict\",\"noCache\":false,\"title\":\"字典管理\"},\"name\":\"Dict\",\"orderNum\":6,\"parentId\":1,\"path\":\"dict\",\"perms\":\"system:dict:list\",\"redirect\":\"noRedirect\"', 1, '2026-06-11 17:44:26');
INSERT INTO `sys_operation_log` VALUES (720332904160296960, '进入系统', 1, 'com.moli.system.controller.SystemController.enter()', 'POST', 'zhangsan', '127.0.0.1', '/system/enter', '{\"systemId\":1}', '{\"code\":200,\"data\":{\"currentSystem\":{\"baseUrl\":\"http://localhost:9528\",\"icon\":\"system\",\"id\":1,\"isDefault\":false,\"sort\":1,\"ssoMode\":\"INTERNAL\",\"systemCode\":\"moli-admin\",\"systemGroup\":\"governance\",\"systemName\":\"moli-admin 管理后台\"},\"fullPermission\":false,\"hubToken\":\"login_token_0aff44a1-83de-4b16-8de1-fc27539f0685\",\"menuVoList\":[{\"alwaysShow\":true,\"children\":[{\"component\":\"system/user/index\",\"hidden\":false,\"icon\":\"user\",\"id\":2,\"menuName\":\"用户管理\",\"menuType\":\"C\",\"meta\":{\"icon\":\"user\",\"noCache\":false,\"title\":\"用户管理\"},\"name\":\"User\",\"orderNum\":1,\"parentId\":1,\"path\":\"user\",\"perms\":\"system:user:list\",\"redirect\":\"noRedirect\",\"status\":1},{\"component\":\"system/role/index\",\"hidden\":false,\"icon\":\"peoples\",\"id\":3,\"menuName\":\"角色管理\",\"menuType\":\"C\",\"meta\":{\"icon\":\"peoples\",\"noCache\":false,\"title\":\"角色管理\"},\"name\":\"Role\",\"orderNum\":2,\"parentId\":1,\"path\":\"role\",\"perms\":\"system:role:list\",\"redirect\":\"noRedirect\",\"status\":1},{\"component\":\"system/menu/index\",\"hidden\":false,\"icon\":\"tree-table\",\"id\":4,\"menuName\":\"菜单管理\",\"menuType\":\"C\",\"meta\":{\"icon\":\"tree-table\",\"noCache\":false,\"title\":\"菜单管理\"},\"name\":\"Menu\",\"orderNum\":3,\"parentId\":1,\"path\":\"menu\",\"perms\":\"system:menu:list\",\"redirect\":\"noRedirect\",\"status\":1},{\"component\":\"system/dept/index\",\"hidden\":false,\"icon\":\"tree\",\"id\":5,\"menuName\":\"部门管理\",\"menuType\":\"C\",\"meta\":{\"icon\":\"tree\",\"noCache\":false,\"title\":\"部门管理\"},\"name\":\"Dept\",\"orderNum\":4,\"parentId\":1,\"path\":\"dept\",\"perms\":\"system:dept:list\",\"redirect\":\"noRedirect\",\"status\":1},{\"component\":\"system/post/index\",\"hidden\":false,\"icon\":\"post\",\"id\":6,\"menuName\":\"岗位管理\",\"menuType\":\"C\",\"meta\":{\"icon\":\"post\",\"noCache\":false,\"title\":\"岗位管理\"},\"name\":\"Post\",\"orderNum\":5,\"parentId\":1,\"path\":\"post\",\"perms\":\"system:post:list\",\"redirect\":\"noRedirect\",\"status\":1},{\"component\":\"system/dict/index\",\"hidden\":false,\"icon\":\"dict\",\"id\":7,\"menuName\":\"字典管理\",\"menuType\":\"C\",\"meta\":{\"icon\":\"dict\",\"noCache\":false,\"title\":\"字典管理\"},\"name\":\"Dict\",\"orderNum\":6,\"parentId\":1,\"path\":\"dict\",\"perms\":\"system:dict:list\",\"redirect\":\"noRedirect\"', 1, '2026-06-11 17:45:47');
INSERT INTO `sys_operation_log` VALUES (720333119097405440, '角色菜单授权', 2, 'com.moli.system.controller.RoleController.update()', 'PUT', 'superadmin', '127.0.0.1', '/role', '{\"updateId\":1,\"createTime\":1781022119000,\"createId\":1,\"roleName\":\"研发工程师\",\"actionCodes\":[\"system:user:resetPwd\",\"system:dept:edit\",\"system:post:add\",\"system:user:remove\",\"system:dept:remove\",\"system:menu:add\",\"system:user:assignSystem\",\"system:role:edit\",\"system:user:add\",\"system:post:edit\",\"system:user:assignRole\",\"system:role:remove\",\"system:role:add\",\"system:menu:remove\",\"system:post:remove\",\"system:menu:edit\",\"system:dept:add\",\"system:user:edit\"],\"orderNum\":\"3\",\"remark\":\"研发与运维相关功能权限\",\"updateTime\":1781022119000,\"id\":3,\"menuIds\":[1,2,3,4,5,6,7],\"status\":1}', '{\"code\":200,\"data\":true,\"msg\":\"角色授权已更新，请通知相关用户刷新页面后查看新菜单\"}', 1, '2026-06-11 17:46:39');
INSERT INTO `sys_operation_log` VALUES (720351341104332800, '添加用户', 1, 'com.moli.system.controller.UserController.insert()', 'POST', 'superadmin', '127.0.0.1', '/user', '{\"password\":\"123456\",\"postIds\":[65],\"nickName\":\"test\",\"sex\":0,\"userName\":\"test\",\"status\":1}', '{\"code\":200,\"data\":true}', 1, '2026-06-11 18:59:03');
INSERT INTO `sys_operation_log` VALUES (720351817245917184, '用户角色授权', 2, 'com.moli.system.controller.UserController.insertUserRole()', 'PUT', 'superadmin', '127.0.0.1', '/user/insertUserRole', '{\"roleIds\":[3,9],\"userId\":719712653013942272}', '{\"code\":200,\"data\":true,\"msg\":\"角色授权已更新，请通知相关用户刷新页面后查看新菜单\"}', 1, '2026-06-11 19:00:57');
INSERT INTO `sys_operation_log` VALUES (720352608157433856, '用户角色授权', 2, 'com.moli.system.controller.UserController.insertUserRole()', 'PUT', 'superadmin', '127.0.0.1', '/user/insertUserRole', '{\"roleIds\":[9],\"userId\":719712653013942272}', '{\"code\":200,\"data\":true,\"msg\":\"角色授权已更新，请通知相关用户刷新页面后查看新菜单\"}', 1, '2026-06-11 19:04:05');
INSERT INTO `sys_operation_log` VALUES (720354230560358400, '添加角色', 1, 'com.moli.system.controller.RoleController.insert()', 'POST', 'superadmin', '127.0.0.1', '/role', '{\"orderNum\":\"19\",\"roleName\":\"test\",\"menuIds\":[],\"status\":1}', '{\"code\":200,\"data\":true}', 1, '2026-06-11 19:10:32');
INSERT INTO `sys_operation_log` VALUES (720355623195115520, '进入系统', 1, 'com.moli.system.controller.SystemController.enter()', 'POST', 'superadmin', '127.0.0.1', '/system/enter', '{\"systemId\":1}', '{\"code\":200,\"data\":{\"currentSystem\":{\"baseUrl\":\"http://localhost:9528\",\"icon\":\"system\",\"id\":1,\"isDefault\":true,\"sort\":1,\"ssoMode\":\"INTERNAL\",\"systemCode\":\"moli-admin\",\"systemGroup\":\"governance\",\"systemName\":\"moli-admin 管理后台\"},\"fullPermission\":true,\"hubToken\":\"login_token_2ab0c26a-f2bc-478a-ab38-5503047e9eb8\",\"menuVoList\":[{\"alwaysShow\":true,\"children\":[{\"component\":\"system/system/index\",\"createId\":1,\"createTime\":1781108375000,\"hidden\":false,\"icon\":\"system\",\"id\":720069615614427136,\"menuName\":\"系统注册\",\"menuType\":\"C\",\"meta\":{\"icon\":\"system\",\"noCache\":false,\"title\":\"系统注册\"},\"name\":\"SystemRegistry\",\"orderNum\":1,\"parentId\":800,\"path\":\"system\",\"perms\":\"system:system:list\",\"redirect\":\"noRedirect\",\"routeName\":\"SystemRegistry\",\"status\":1,\"updateId\":1,\"updateTime\":1781108397000},{\"component\":\"system/system-user/index\",\"createId\":1,\"createTime\":1781113852000,\"hidden\":false,\"icon\":\"system\",\"id\":720092589008617472,\"menuName\":\"分配系统\",\"menuType\":\"C\",\"meta\":{\"icon\":\"system\",\"noCache\":false,\"title\":\"分配系统\"},\"name\":\"SystemUserAssign\",\"orderNum\":2,\"parentId\":800,\"path\":\"system-user\",\"perms\":\"system:user:list\",\"redirect\":\"noRedirect\",\"routeName\":\"SystemUserAssign\",\"status\":1,\"updateId\":1,\"updateTime\":1781113884000}],\"component\":\"Layout\",\"createId\":1,\"createTime\":1781119018000,\"hidden\":false,\"icon\":\"guide\",\"id\":800,\"menuName\":\"身份与门户\",\"menuType\":\"M\",\"meta\":{\"icon\":\"guide\",\"noCache\":false,\"title\":\"身份与门户\"},\"name\":\"Portal\",\"orderNum\":1,\"parentId\":0,\"path\":\"/portal\",\"redirect\":\"noRedirect\",\"routeName\":\"Portal\",\"status\":1,\"updateId\":1,\"updateTime\":1781119018000},{\"alwaysShow\":true,\"children\":[{\"component\":\"system/user/index\",\"hidden\":false,\"icon\":\"user\",\"id\":2,\"menuName\":\"用户管理\",\"menuType\":\"C\",\"meta\":{\"icon\":\"user\",\"noCache\":false,\"title\":\"用户管理\"},\"name\":\"User\",\"orderNum\":1,\"parentId\":1,\"path\":\"user\",\"perms\":\"system:user:list\",\"redirect\":\"noRedirect\",\"status\":1},{\"component\":\"system/role/index\",\"hidden\":false,\"icon\":\"peoples\",\"id\":3,\"menuName\":\"角色管理\",\"menuType\":\"C\",\"meta\":{\"icon\":\"peoples\",\"noCache\":', 1, '2026-06-11 19:16:04');
INSERT INTO `sys_operation_log` VALUES (720355763771408384, '进入系统', 1, 'com.moli.system.controller.SystemController.enter()', 'POST', 'superadmin', '127.0.0.1', '/system/enter', '{\"systemId\":1}', '{\"code\":200,\"data\":{\"currentSystem\":{\"baseUrl\":\"http://localhost:9528\",\"icon\":\"system\",\"id\":1,\"isDefault\":true,\"sort\":1,\"ssoMode\":\"INTERNAL\",\"systemCode\":\"moli-admin\",\"systemGroup\":\"governance\",\"systemName\":\"moli-admin 管理后台\"},\"fullPermission\":true,\"hubToken\":\"login_token_b04e481f-832e-47b4-8528-12be3b9220af\",\"menuVoList\":[{\"alwaysShow\":true,\"children\":[{\"component\":\"system/system/index\",\"createId\":1,\"createTime\":1781108375000,\"hidden\":false,\"icon\":\"system\",\"id\":720069615614427136,\"menuName\":\"系统注册\",\"menuType\":\"C\",\"meta\":{\"icon\":\"system\",\"noCache\":false,\"title\":\"系统注册\"},\"name\":\"SystemRegistry\",\"orderNum\":1,\"parentId\":800,\"path\":\"system\",\"perms\":\"system:system:list\",\"redirect\":\"noRedirect\",\"routeName\":\"SystemRegistry\",\"status\":1,\"updateId\":1,\"updateTime\":1781108397000},{\"component\":\"system/system-user/index\",\"createId\":1,\"createTime\":1781113852000,\"hidden\":false,\"icon\":\"system\",\"id\":720092589008617472,\"menuName\":\"分配系统\",\"menuType\":\"C\",\"meta\":{\"icon\":\"system\",\"noCache\":false,\"title\":\"分配系统\"},\"name\":\"SystemUserAssign\",\"orderNum\":2,\"parentId\":800,\"path\":\"system-user\",\"perms\":\"system:user:list\",\"redirect\":\"noRedirect\",\"routeName\":\"SystemUserAssign\",\"status\":1,\"updateId\":1,\"updateTime\":1781113884000}],\"component\":\"Layout\",\"createId\":1,\"createTime\":1781119018000,\"hidden\":false,\"icon\":\"guide\",\"id\":800,\"menuName\":\"身份与门户\",\"menuType\":\"M\",\"meta\":{\"icon\":\"guide\",\"noCache\":false,\"title\":\"身份与门户\"},\"name\":\"Portal\",\"orderNum\":1,\"parentId\":0,\"path\":\"/portal\",\"redirect\":\"noRedirect\",\"routeName\":\"Portal\",\"status\":1,\"updateId\":1,\"updateTime\":1781119018000},{\"alwaysShow\":true,\"children\":[{\"component\":\"system/user/index\",\"hidden\":false,\"icon\":\"user\",\"id\":2,\"menuName\":\"用户管理\",\"menuType\":\"C\",\"meta\":{\"icon\":\"user\",\"noCache\":false,\"title\":\"用户管理\"},\"name\":\"User\",\"orderNum\":1,\"parentId\":1,\"path\":\"user\",\"perms\":\"system:user:list\",\"redirect\":\"noRedirect\",\"status\":1},{\"component\":\"system/role/index\",\"hidden\":false,\"icon\":\"peoples\",\"id\":3,\"menuName\":\"角色管理\",\"menuType\":\"C\",\"meta\":{\"icon\":\"peoples\",\"noCache\":', 1, '2026-06-11 19:16:38');
INSERT INTO `sys_operation_log` VALUES (720356051941064704, '进入系统', 1, 'com.moli.system.controller.SystemController.enter()', 'POST', 'superadmin', '127.0.0.1', '/system/enter', '{\"systemId\":1}', '{\"code\":200,\"data\":{\"currentSystem\":{\"baseUrl\":\"http://localhost:9528\",\"icon\":\"system\",\"id\":1,\"isDefault\":true,\"sort\":1,\"ssoMode\":\"INTERNAL\",\"systemCode\":\"moli-admin\",\"systemGroup\":\"governance\",\"systemName\":\"moli-admin 管理后台\"},\"fullPermission\":true,\"hubToken\":\"login_token_210ef07f-2fea-4752-80dd-5a38a1875170\",\"menuVoList\":[{\"alwaysShow\":true,\"children\":[{\"component\":\"system/system/index\",\"createId\":1,\"createTime\":1781108375000,\"hidden\":false,\"icon\":\"system\",\"id\":720069615614427136,\"menuName\":\"系统注册\",\"menuType\":\"C\",\"meta\":{\"icon\":\"system\",\"noCache\":false,\"title\":\"系统注册\"},\"name\":\"SystemRegistry\",\"orderNum\":1,\"parentId\":800,\"path\":\"system\",\"perms\":\"system:system:list\",\"redirect\":\"noRedirect\",\"routeName\":\"SystemRegistry\",\"status\":1,\"updateId\":1,\"updateTime\":1781108397000},{\"component\":\"system/system-user/index\",\"createId\":1,\"createTime\":1781113852000,\"hidden\":false,\"icon\":\"system\",\"id\":720092589008617472,\"menuName\":\"分配系统\",\"menuType\":\"C\",\"meta\":{\"icon\":\"system\",\"noCache\":false,\"title\":\"分配系统\"},\"name\":\"SystemUserAssign\",\"orderNum\":2,\"parentId\":800,\"path\":\"system-user\",\"perms\":\"system:user:list\",\"redirect\":\"noRedirect\",\"routeName\":\"SystemUserAssign\",\"status\":1,\"updateId\":1,\"updateTime\":1781113884000}],\"component\":\"Layout\",\"createId\":1,\"createTime\":1781119018000,\"hidden\":false,\"icon\":\"guide\",\"id\":800,\"menuName\":\"身份与门户\",\"menuType\":\"M\",\"meta\":{\"icon\":\"guide\",\"noCache\":false,\"title\":\"身份与门户\"},\"name\":\"Portal\",\"orderNum\":1,\"parentId\":0,\"path\":\"/portal\",\"redirect\":\"noRedirect\",\"routeName\":\"Portal\",\"status\":1,\"updateId\":1,\"updateTime\":1781119018000},{\"alwaysShow\":true,\"children\":[{\"component\":\"system/user/index\",\"hidden\":false,\"icon\":\"user\",\"id\":2,\"menuName\":\"用户管理\",\"menuType\":\"C\",\"meta\":{\"icon\":\"user\",\"noCache\":false,\"title\":\"用户管理\"},\"name\":\"User\",\"orderNum\":1,\"parentId\":1,\"path\":\"user\",\"perms\":\"system:user:list\",\"redirect\":\"noRedirect\",\"status\":1},{\"component\":\"system/role/index\",\"hidden\":false,\"icon\":\"peoples\",\"id\":3,\"menuName\":\"角色管理\",\"menuType\":\"C\",\"meta\":{\"icon\":\"peoples\",\"noCache\":', 1, '2026-06-11 19:17:46');
INSERT INTO `sys_operation_log` VALUES (720356423539621888, '进入系统', 1, 'com.moli.system.controller.SystemController.enter()', 'POST', 'superadmin', '127.0.0.1', '/system/enter', '{\"systemId\":1}', '{\"code\":200,\"data\":{\"currentSystem\":{\"baseUrl\":\"http://localhost:9528\",\"icon\":\"system\",\"id\":1,\"isDefault\":true,\"sort\":1,\"ssoMode\":\"INTERNAL\",\"systemCode\":\"moli-admin\",\"systemGroup\":\"governance\",\"systemName\":\"moli-admin 管理后台\"},\"fullPermission\":true,\"hubToken\":\"login_token_ba9ef309-54b4-4e11-9780-762deb6a2787\",\"menuVoList\":[{\"alwaysShow\":true,\"children\":[{\"component\":\"system/system/index\",\"createId\":1,\"createTime\":1781108375000,\"hidden\":false,\"icon\":\"system\",\"id\":720069615614427136,\"menuName\":\"系统注册\",\"menuType\":\"C\",\"meta\":{\"icon\":\"system\",\"noCache\":false,\"title\":\"系统注册\"},\"name\":\"SystemRegistry\",\"orderNum\":1,\"parentId\":800,\"path\":\"system\",\"perms\":\"system:system:list\",\"redirect\":\"noRedirect\",\"routeName\":\"SystemRegistry\",\"status\":1,\"updateId\":1,\"updateTime\":1781108397000},{\"component\":\"system/system-user/index\",\"createId\":1,\"createTime\":1781113852000,\"hidden\":false,\"icon\":\"system\",\"id\":720092589008617472,\"menuName\":\"分配系统\",\"menuType\":\"C\",\"meta\":{\"icon\":\"system\",\"noCache\":false,\"title\":\"分配系统\"},\"name\":\"SystemUserAssign\",\"orderNum\":2,\"parentId\":800,\"path\":\"system-user\",\"perms\":\"system:user:list\",\"redirect\":\"noRedirect\",\"routeName\":\"SystemUserAssign\",\"status\":1,\"updateId\":1,\"updateTime\":1781113884000}],\"component\":\"Layout\",\"createId\":1,\"createTime\":1781119018000,\"hidden\":false,\"icon\":\"guide\",\"id\":800,\"menuName\":\"身份与门户\",\"menuType\":\"M\",\"meta\":{\"icon\":\"guide\",\"noCache\":false,\"title\":\"身份与门户\"},\"name\":\"Portal\",\"orderNum\":1,\"parentId\":0,\"path\":\"/portal\",\"redirect\":\"noRedirect\",\"routeName\":\"Portal\",\"status\":1,\"updateId\":1,\"updateTime\":1781119018000},{\"alwaysShow\":true,\"children\":[{\"component\":\"system/user/index\",\"hidden\":false,\"icon\":\"user\",\"id\":2,\"menuName\":\"用户管理\",\"menuType\":\"C\",\"meta\":{\"icon\":\"user\",\"noCache\":false,\"title\":\"用户管理\"},\"name\":\"User\",\"orderNum\":1,\"parentId\":1,\"path\":\"user\",\"perms\":\"system:user:list\",\"redirect\":\"noRedirect\",\"status\":1},{\"component\":\"system/role/index\",\"hidden\":false,\"icon\":\"peoples\",\"id\":3,\"menuName\":\"角色管理\",\"menuType\":\"C\",\"meta\":{\"icon\":\"peoples\",\"noCache\":', 1, '2026-06-11 19:19:15');
INSERT INTO `sys_operation_log` VALUES (720357316897013760, '进入系统', 1, 'com.moli.system.controller.SystemController.enter()', 'POST', 'superadmin', '127.0.0.1', '/system/enter', '{\"systemId\":1}', '{\"code\":200,\"data\":{\"currentSystem\":{\"baseUrl\":\"http://localhost:9528\",\"icon\":\"system\",\"id\":1,\"isDefault\":true,\"sort\":1,\"ssoMode\":\"INTERNAL\",\"systemCode\":\"moli-admin\",\"systemGroup\":\"governance\",\"systemName\":\"moli-admin 管理后台\"},\"fullPermission\":true,\"hubToken\":\"login_token_34eb816b-9edd-43a3-9265-8d99eaaa7427\",\"menuVoList\":[{\"alwaysShow\":true,\"children\":[{\"component\":\"system/system/index\",\"createId\":1,\"createTime\":1781108375000,\"hidden\":false,\"icon\":\"system\",\"id\":720069615614427136,\"menuName\":\"系统注册\",\"menuType\":\"C\",\"meta\":{\"icon\":\"system\",\"noCache\":false,\"title\":\"系统注册\"},\"name\":\"SystemRegistry\",\"orderNum\":1,\"parentId\":800,\"path\":\"system\",\"perms\":\"system:system:list\",\"redirect\":\"noRedirect\",\"routeName\":\"SystemRegistry\",\"status\":1,\"updateId\":1,\"updateTime\":1781108397000},{\"component\":\"system/system-user/index\",\"createId\":1,\"createTime\":1781113852000,\"hidden\":false,\"icon\":\"system\",\"id\":720092589008617472,\"menuName\":\"分配系统\",\"menuType\":\"C\",\"meta\":{\"icon\":\"system\",\"noCache\":false,\"title\":\"分配系统\"},\"name\":\"SystemUserAssign\",\"orderNum\":2,\"parentId\":800,\"path\":\"system-user\",\"perms\":\"system:user:list\",\"redirect\":\"noRedirect\",\"routeName\":\"SystemUserAssign\",\"status\":1,\"updateId\":1,\"updateTime\":1781113884000}],\"component\":\"Layout\",\"createId\":1,\"createTime\":1781119018000,\"hidden\":false,\"icon\":\"guide\",\"id\":800,\"menuName\":\"身份与门户\",\"menuType\":\"M\",\"meta\":{\"icon\":\"guide\",\"noCache\":false,\"title\":\"身份与门户\"},\"name\":\"Portal\",\"orderNum\":1,\"parentId\":0,\"path\":\"/portal\",\"redirect\":\"noRedirect\",\"routeName\":\"Portal\",\"status\":1,\"updateId\":1,\"updateTime\":1781119018000},{\"alwaysShow\":true,\"children\":[{\"component\":\"system/user/index\",\"hidden\":false,\"icon\":\"user\",\"id\":2,\"menuName\":\"用户管理\",\"menuType\":\"C\",\"meta\":{\"icon\":\"user\",\"noCache\":false,\"title\":\"用户管理\"},\"name\":\"User\",\"orderNum\":1,\"parentId\":1,\"path\":\"user\",\"perms\":\"system:user:list\",\"redirect\":\"noRedirect\",\"status\":1},{\"component\":\"system/role/index\",\"hidden\":false,\"icon\":\"peoples\",\"id\":3,\"menuName\":\"角色管理\",\"menuType\":\"C\",\"meta\":{\"icon\":\"peoples\",\"noCache\":', 1, '2026-06-11 19:22:48');
INSERT INTO `sys_operation_log` VALUES (720357353521676288, '角色批量授权用户', 2, 'com.moli.system.controller.UserController.addUserRole()', 'PUT', 'superadmin', '127.0.0.1', '/user/addUserRole', '{\"roleId\":720354230530998272,\"userIds\":[720351341083361280]}', '{\"code\":200,\"data\":true,\"msg\":\"角色授权已更新，请通知相关用户刷新页面后查看新菜单\"}', 1, '2026-06-11 19:22:57');
INSERT INTO `sys_operation_log` VALUES (720357455485206528, '角色菜单授权', 2, 'com.moli.system.controller.RoleController.update()', 'PUT', 'superadmin', '127.0.0.1', '/role', '{\"createTime\":1781176232000,\"createId\":1,\"roleName\":\"test\",\"actionCodes\":[],\"orderNum\":\"19\",\"id\":720354230530998272,\"menuIds\":[800,720069615614427100,720092589008617500,1,2,3,4,5,720092589008617500,6,7,8,9,400,401,402,403,404,500,501,600,601,602,603,700,701,702,703,810,719698282376331300,719706422979330000],\"status\":1}', '{\"code\":200,\"data\":true,\"msg\":\"角色授权已更新，请通知相关用户刷新页面后查看新菜单\"}', 1, '2026-06-11 19:23:21');
INSERT INTO `sys_operation_log` VALUES (720358094768439296, '用户系统授权', 2, 'com.moli.system.controller.UserController.insertUserSystem()', 'PUT', 'superadmin', '127.0.0.1', '/user/insertUserSystem', '{\"systemIds\":[1],\"userId\":720351341083361280}', '{\"code\":200,\"data\":true}', 1, '2026-06-11 19:25:53');
INSERT INTO `sys_operation_log` VALUES (720358192944513024, '用户系统授权', 2, 'com.moli.system.controller.UserController.insertUserSystem()', 'PUT', 'superadmin', '127.0.0.1', '/user/insertUserSystem', '{\"systemIds\":[2,10],\"userId\":719712653013942272}', '{\"code\":200,\"data\":true}', 1, '2026-06-11 19:26:17');
INSERT INTO `sys_operation_log` VALUES (720358193422663680, '用户系统授权', 2, 'com.moli.system.controller.UserController.insertUserSystem()', 'PUT', 'superadmin', '127.0.0.1', '/user/insertUserSystem', '{\"systemIds\":[],\"userId\":720000000000000002}', '{\"code\":200,\"data\":true}', 1, '2026-06-11 19:26:17');
INSERT INTO `sys_operation_log` VALUES (720358193934368768, '用户系统授权', 2, 'com.moli.system.controller.UserController.insertUserSystem()', 'PUT', 'superadmin', '127.0.0.1', '/user/insertUserSystem', '{\"systemIds\":[],\"userId\":720000000000000003}', '{\"code\":200,\"data\":true}', 1, '2026-06-11 19:26:17');
INSERT INTO `sys_operation_log` VALUES (720358194387353600, '用户系统授权', 2, 'com.moli.system.controller.UserController.insertUserSystem()', 'PUT', 'superadmin', '127.0.0.1', '/user/insertUserSystem', '{\"systemIds\":[],\"userId\":720000000000000004}', '{\"code\":200,\"data\":true}', 1, '2026-06-11 19:26:17');
INSERT INTO `sys_operation_log` VALUES (720358194752258048, '用户系统授权', 2, 'com.moli.system.controller.UserController.insertUserSystem()', 'PUT', 'superadmin', '127.0.0.1', '/user/insertUserSystem', '{\"systemIds\":[],\"userId\":720000000000000005}', '{\"code\":200,\"data\":true}', 1, '2026-06-11 19:26:17');
INSERT INTO `sys_operation_log` VALUES (720358195142328320, '用户系统授权', 2, 'com.moli.system.controller.UserController.insertUserSystem()', 'PUT', 'superadmin', '127.0.0.1', '/user/insertUserSystem', '{\"systemIds\":[],\"userId\":720000000000000006}', '{\"code\":200,\"data\":true}', 1, '2026-06-11 19:26:17');
INSERT INTO `sys_operation_log` VALUES (720358195536592896, '用户系统授权', 2, 'com.moli.system.controller.UserController.insertUserSystem()', 'PUT', 'superadmin', '127.0.0.1', '/user/insertUserSystem', '{\"systemIds\":[],\"userId\":720000000000000007}', '{\"code\":200,\"data\":true}', 1, '2026-06-11 19:26:17');
INSERT INTO `sys_operation_log` VALUES (720358195888914432, '用户系统授权', 2, 'com.moli.system.controller.UserController.insertUserSystem()', 'PUT', 'superadmin', '127.0.0.1', '/user/insertUserSystem', '{\"systemIds\":[],\"userId\":720000000000000008}', '{\"code\":200,\"data\":true}', 1, '2026-06-11 19:26:18');
INSERT INTO `sys_operation_log` VALUES (720358196308344832, '用户系统授权', 2, 'com.moli.system.controller.UserController.insertUserSystem()', 'PUT', 'superadmin', '127.0.0.1', '/user/insertUserSystem', '{\"systemIds\":[],\"userId\":720000000000000009}', '{\"code\":200,\"data\":true}', 1, '2026-06-11 19:26:18');
INSERT INTO `sys_operation_log` VALUES (720358196698415104, '用户系统授权', 2, 'com.moli.system.controller.UserController.insertUserSystem()', 'PUT', 'superadmin', '127.0.0.1', '/user/insertUserSystem', '{\"systemIds\":[],\"userId\":720000000000000010}', '{\"code\":200,\"data\":true}', 1, '2026-06-11 19:26:18');
INSERT INTO `sys_operation_log` VALUES (720358197038153728, '用户系统授权', 2, 'com.moli.system.controller.UserController.insertUserSystem()', 'PUT', 'superadmin', '127.0.0.1', '/user/insertUserSystem', '{\"systemIds\":[],\"userId\":720000000000000011}', '{\"code\":200,\"data\":true}', 1, '2026-06-11 19:26:18');
INSERT INTO `sys_operation_log` VALUES (720358197373698048, '用户系统授权', 2, 'com.moli.system.controller.UserController.insertUserSystem()', 'PUT', 'superadmin', '127.0.0.1', '/user/insertUserSystem', '{\"systemIds\":[],\"userId\":720000000000000012}', '{\"code\":200,\"data\":true}', 1, '2026-06-11 19:26:18');
INSERT INTO `sys_operation_log` VALUES (720358197830877184, '用户系统授权', 2, 'com.moli.system.controller.UserController.insertUserSystem()', 'PUT', 'superadmin', '127.0.0.1', '/user/insertUserSystem', '{\"systemIds\":[],\"userId\":720000000000000013}', '{\"code\":200,\"data\":true}', 1, '2026-06-11 19:26:18');
INSERT INTO `sys_operation_log` VALUES (720358198036398080, '用户系统授权', 2, 'com.moli.system.controller.UserController.insertUserSystem()', 'PUT', 'superadmin', '127.0.0.1', '/user/insertUserSystem', '{\"systemIds\":[],\"userId\":720000000000000014}', '{\"code\":200,\"data\":true}', 1, '2026-06-11 19:26:18');
INSERT INTO `sys_operation_log` VALUES (720358198241918976, '用户系统授权', 2, 'com.moli.system.controller.UserController.insertUserSystem()', 'PUT', 'superadmin', '127.0.0.1', '/user/insertUserSystem', '{\"systemIds\":[],\"userId\":720000000000000015}', '{\"code\":200,\"data\":true}', 1, '2026-06-11 19:26:18');
INSERT INTO `sys_operation_log` VALUES (720358198443245568, '用户系统授权', 2, 'com.moli.system.controller.UserController.insertUserSystem()', 'PUT', 'superadmin', '127.0.0.1', '/user/insertUserSystem', '{\"systemIds\":[],\"userId\":720000000000000016}', '{\"code\":200,\"data\":true}', 1, '2026-06-11 19:26:18');
INSERT INTO `sys_operation_log` VALUES (720358198673932288, '用户系统授权', 2, 'com.moli.system.controller.UserController.insertUserSystem()', 'PUT', 'superadmin', '127.0.0.1', '/user/insertUserSystem', '{\"systemIds\":[],\"userId\":720000000000000017}', '{\"code\":200,\"data\":true}', 1, '2026-06-11 19:26:18');
INSERT INTO `sys_operation_log` VALUES (720358198917201920, '用户系统授权', 2, 'com.moli.system.controller.UserController.insertUserSystem()', 'PUT', 'superadmin', '127.0.0.1', '/user/insertUserSystem', '{\"systemIds\":[],\"userId\":720000000000000018}', '{\"code\":200,\"data\":true}', 1, '2026-06-11 19:26:18');
INSERT INTO `sys_operation_log` VALUES (720358239954272256, '用户系统授权', 2, 'com.moli.system.controller.UserController.insertUserSystem()', 'PUT', 'superadmin', '127.0.0.1', '/user/insertUserSystem', '{\"systemIds\":[2,10,1],\"userId\":719712653013942272}', '{\"code\":200,\"data\":true}', 1, '2026-06-11 19:26:28');
INSERT INTO `sys_operation_log` VALUES (720358240214319104, '用户系统授权', 2, 'com.moli.system.controller.UserController.insertUserSystem()', 'PUT', 'superadmin', '127.0.0.1', '/user/insertUserSystem', '{\"systemIds\":[1],\"userId\":720000000000000002}', '{\"code\":200,\"data\":true}', 1, '2026-06-11 19:26:28');
INSERT INTO `sys_operation_log` VALUES (720358240541474816, '用户系统授权', 2, 'com.moli.system.controller.UserController.insertUserSystem()', 'PUT', 'superadmin', '127.0.0.1', '/user/insertUserSystem', '{\"systemIds\":[1],\"userId\":720000000000000003}', '{\"code\":200,\"data\":true}', 1, '2026-06-11 19:26:28');
INSERT INTO `sys_operation_log` VALUES (720358240788938752, '用户系统授权', 2, 'com.moli.system.controller.UserController.insertUserSystem()', 'PUT', 'superadmin', '127.0.0.1', '/user/insertUserSystem', '{\"systemIds\":[1],\"userId\":720000000000000004}', '{\"code\":200,\"data\":true}', 1, '2026-06-11 19:26:28');
INSERT INTO `sys_operation_log` VALUES (720358241195786240, '用户系统授权', 2, 'com.moli.system.controller.UserController.insertUserSystem()', 'PUT', 'superadmin', '127.0.0.1', '/user/insertUserSystem', '{\"systemIds\":[1],\"userId\":720000000000000005}', '{\"code\":200,\"data\":true}', 1, '2026-06-11 19:26:28');
INSERT INTO `sys_operation_log` VALUES (720358241401307136, '用户系统授权', 2, 'com.moli.system.controller.UserController.insertUserSystem()', 'PUT', 'superadmin', '127.0.0.1', '/user/insertUserSystem', '{\"systemIds\":[1],\"userId\":720000000000000006}', '{\"code\":200,\"data\":true}', 1, '2026-06-11 19:26:28');
INSERT INTO `sys_operation_log` VALUES (720358241598439424, '用户系统授权', 2, 'com.moli.system.controller.UserController.insertUserSystem()', 'PUT', 'superadmin', '127.0.0.1', '/user/insertUserSystem', '{\"systemIds\":[1],\"userId\":720000000000000007}', '{\"code\":200,\"data\":true}', 1, '2026-06-11 19:26:28');
INSERT INTO `sys_operation_log` VALUES (720358241808154624, '用户系统授权', 2, 'com.moli.system.controller.UserController.insertUserSystem()', 'PUT', 'superadmin', '127.0.0.1', '/user/insertUserSystem', '{\"systemIds\":[1],\"userId\":720000000000000008}', '{\"code\":200,\"data\":true}', 1, '2026-06-11 19:26:28');
INSERT INTO `sys_operation_log` VALUES (720358241980121088, '用户系统授权', 2, 'com.moli.system.controller.UserController.insertUserSystem()', 'PUT', 'superadmin', '127.0.0.1', '/user/insertUserSystem', '{\"systemIds\":[1],\"userId\":720000000000000009}', '{\"code\":200,\"data\":true}', 1, '2026-06-11 19:26:28');
INSERT INTO `sys_operation_log` VALUES (720358242219196416, '用户系统授权', 2, 'com.moli.system.controller.UserController.insertUserSystem()', 'PUT', 'superadmin', '127.0.0.1', '/user/insertUserSystem', '{\"systemIds\":[1],\"userId\":720000000000000010}', '{\"code\":200,\"data\":true}', 1, '2026-06-11 19:26:29');
INSERT INTO `sys_operation_log` VALUES (720358242433105920, '用户系统授权', 2, 'com.moli.system.controller.UserController.insertUserSystem()', 'PUT', 'superadmin', '127.0.0.1', '/user/insertUserSystem', '{\"systemIds\":[1],\"userId\":720000000000000011}', '{\"code\":200,\"data\":true}', 1, '2026-06-11 19:26:29');
INSERT INTO `sys_operation_log` VALUES (720358242751873024, '用户系统授权', 2, 'com.moli.system.controller.UserController.insertUserSystem()', 'PUT', 'superadmin', '127.0.0.1', '/user/insertUserSystem', '{\"systemIds\":[1],\"userId\":720000000000000012}', '{\"code\":200,\"data\":true}', 1, '2026-06-11 19:26:29');
INSERT INTO `sys_operation_log` VALUES (720358242949005312, '用户系统授权', 2, 'com.moli.system.controller.UserController.insertUserSystem()', 'PUT', 'superadmin', '127.0.0.1', '/user/insertUserSystem', '{\"systemIds\":[1],\"userId\":720000000000000013}', '{\"code\":200,\"data\":true}', 1, '2026-06-11 19:26:29');
INSERT INTO `sys_operation_log` VALUES (720358243225829376, '用户系统授权', 2, 'com.moli.system.controller.UserController.insertUserSystem()', 'PUT', 'superadmin', '127.0.0.1', '/user/insertUserSystem', '{\"systemIds\":[1],\"userId\":720000000000000014}', '{\"code\":200,\"data\":true}', 1, '2026-06-11 19:26:29');
INSERT INTO `sys_operation_log` VALUES (720358243435544576, '用户系统授权', 2, 'com.moli.system.controller.UserController.insertUserSystem()', 'PUT', 'superadmin', '127.0.0.1', '/user/insertUserSystem', '{\"systemIds\":[1],\"userId\":720000000000000015}', '{\"code\":200,\"data\":true}', 1, '2026-06-11 19:26:29');
INSERT INTO `sys_operation_log` VALUES (720358243645259776, '用户系统授权', 2, 'com.moli.system.controller.UserController.insertUserSystem()', 'PUT', 'superadmin', '127.0.0.1', '/user/insertUserSystem', '{\"systemIds\":[1],\"userId\":720000000000000016}', '{\"code\":200,\"data\":true}', 1, '2026-06-11 19:26:29');
INSERT INTO `sys_operation_log` VALUES (720358243867557888, '用户系统授权', 2, 'com.moli.system.controller.UserController.insertUserSystem()', 'PUT', 'superadmin', '127.0.0.1', '/user/insertUserSystem', '{\"systemIds\":[1],\"userId\":720000000000000017}', '{\"code\":200,\"data\":true}', 1, '2026-06-11 19:26:29');
INSERT INTO `sys_operation_log` VALUES (720358244119216128, '用户系统授权', 2, 'com.moli.system.controller.UserController.insertUserSystem()', 'PUT', 'superadmin', '127.0.0.1', '/user/insertUserSystem', '{\"systemIds\":[1],\"userId\":720000000000000018}', '{\"code\":200,\"data\":true}', 1, '2026-06-11 19:26:29');
INSERT INTO `sys_operation_log` VALUES (720358244303765504, '用户系统授权', 2, 'com.moli.system.controller.UserController.insertUserSystem()', 'PUT', 'superadmin', '127.0.0.1', '/user/insertUserSystem', '{\"systemIds\":[1],\"userId\":720000000000000022}', '{\"code\":200,\"data\":true}', 1, '2026-06-11 19:26:29');
INSERT INTO `sys_operation_log` VALUES (720358244492509184, '用户系统授权', 2, 'com.moli.system.controller.UserController.insertUserSystem()', 'PUT', 'superadmin', '127.0.0.1', '/user/insertUserSystem', '{\"systemIds\":[1],\"userId\":720000000000000023}', '{\"code\":200,\"data\":true}', 1, '2026-06-11 19:26:29');
INSERT INTO `sys_operation_log` VALUES (720358522616807424, '用户系统授权', 2, 'com.moli.system.controller.UserController.insertUserSystem()', 'PUT', 'superadmin', '127.0.0.1', '/user/insertUserSystem', '{\"systemIds\":[2,10],\"userId\":719712653013942272}', '{\"code\":200,\"data\":true}', 1, '2026-06-11 19:27:35');
INSERT INTO `sys_operation_log` VALUES (720358522872659968, '用户系统授权', 2, 'com.moli.system.controller.UserController.insertUserSystem()', 'PUT', 'superadmin', '127.0.0.1', '/user/insertUserSystem', '{\"systemIds\":[],\"userId\":720000000000000002}', '{\"code\":200,\"data\":true}', 1, '2026-06-11 19:27:35');
INSERT INTO `sys_operation_log` VALUES (720358523094958080, '用户系统授权', 2, 'com.moli.system.controller.UserController.insertUserSystem()', 'PUT', 'superadmin', '127.0.0.1', '/user/insertUserSystem', '{\"systemIds\":[],\"userId\":720000000000000003}', '{\"code\":200,\"data\":true}', 1, '2026-06-11 19:27:36');
INSERT INTO `sys_operation_log` VALUES (720358523464056832, '用户系统授权', 2, 'com.moli.system.controller.UserController.insertUserSystem()', 'PUT', 'superadmin', '127.0.0.1', '/user/insertUserSystem', '{\"systemIds\":[],\"userId\":720000000000000004}', '{\"code\":200,\"data\":true}', 1, '2026-06-11 19:27:36');
INSERT INTO `sys_operation_log` VALUES (720358523753463808, '用户系统授权', 2, 'com.moli.system.controller.UserController.insertUserSystem()', 'PUT', 'superadmin', '127.0.0.1', '/user/insertUserSystem', '{\"systemIds\":[],\"userId\":720000000000000005}', '{\"code\":200,\"data\":true}', 1, '2026-06-11 19:27:36');
INSERT INTO `sys_operation_log` VALUES (720358523992539136, '用户系统授权', 2, 'com.moli.system.controller.UserController.insertUserSystem()', 'PUT', 'superadmin', '127.0.0.1', '/user/insertUserSystem', '{\"systemIds\":[],\"userId\":720000000000000006}', '{\"code\":200,\"data\":true}', 1, '2026-06-11 19:27:36');
INSERT INTO `sys_operation_log` VALUES (720358526190354432, '用户系统授权', 2, 'com.moli.system.controller.UserController.insertUserSystem()', 'PUT', 'superadmin', '127.0.0.1', '/user/insertUserSystem', '{\"systemIds\":[],\"userId\":720000000000000007}', '{\"code\":200,\"data\":true}', 1, '2026-06-11 19:27:36');
INSERT INTO `sys_operation_log` VALUES (720358526601396224, '用户系统授权', 2, 'com.moli.system.controller.UserController.insertUserSystem()', 'PUT', 'superadmin', '127.0.0.1', '/user/insertUserSystem', '{\"systemIds\":[],\"userId\":720000000000000008}', '{\"code\":200,\"data\":true}', 1, '2026-06-11 19:27:36');
INSERT INTO `sys_operation_log` VALUES (720358526840471552, '用户系统授权', 2, 'com.moli.system.controller.UserController.insertUserSystem()', 'PUT', 'superadmin', '127.0.0.1', '/user/insertUserSystem', '{\"systemIds\":[],\"userId\":720000000000000009}', '{\"code\":200,\"data\":true}', 1, '2026-06-11 19:27:36');
INSERT INTO `sys_operation_log` VALUES (720358527113101312, '用户系统授权', 2, 'com.moli.system.controller.UserController.insertUserSystem()', 'PUT', 'superadmin', '127.0.0.1', '/user/insertUserSystem', '{\"systemIds\":[],\"userId\":720000000000000010}', '{\"code\":200,\"data\":true}', 1, '2026-06-11 19:27:36');
INSERT INTO `sys_operation_log` VALUES (720358527331205120, '用户系统授权', 2, 'com.moli.system.controller.UserController.insertUserSystem()', 'PUT', 'superadmin', '127.0.0.1', '/user/insertUserSystem', '{\"systemIds\":[],\"userId\":720000000000000011}', '{\"code\":200,\"data\":true}', 1, '2026-06-11 19:27:37');
INSERT INTO `sys_operation_log` VALUES (720358527528337408, '用户系统授权', 2, 'com.moli.system.controller.UserController.insertUserSystem()', 'PUT', 'superadmin', '127.0.0.1', '/user/insertUserSystem', '{\"systemIds\":[],\"userId\":720000000000000012}', '{\"code\":200,\"data\":true}', 1, '2026-06-11 19:27:37');
INSERT INTO `sys_operation_log` VALUES (720358527851298816, '用户系统授权', 2, 'com.moli.system.controller.UserController.insertUserSystem()', 'PUT', 'superadmin', '127.0.0.1', '/user/insertUserSystem', '{\"systemIds\":[],\"userId\":720000000000000013}', '{\"code\":200,\"data\":true}', 1, '2026-06-11 19:27:37');
INSERT INTO `sys_operation_log` VALUES (720358528115539968, '用户系统授权', 2, 'com.moli.system.controller.UserController.insertUserSystem()', 'PUT', 'superadmin', '127.0.0.1', '/user/insertUserSystem', '{\"systemIds\":[],\"userId\":720000000000000014}', '{\"code\":200,\"data\":true}', 1, '2026-06-11 19:27:37');
INSERT INTO `sys_operation_log` VALUES (720358528363003904, '用户系统授权', 2, 'com.moli.system.controller.UserController.insertUserSystem()', 'PUT', 'superadmin', '127.0.0.1', '/user/insertUserSystem', '{\"systemIds\":[],\"userId\":720000000000000015}', '{\"code\":200,\"data\":true}', 1, '2026-06-11 19:27:37');
INSERT INTO `sys_operation_log` VALUES (720358528576913408, '用户系统授权', 2, 'com.moli.system.controller.UserController.insertUserSystem()', 'PUT', 'superadmin', '127.0.0.1', '/user/insertUserSystem', '{\"systemIds\":[],\"userId\":720000000000000016}', '{\"code\":200,\"data\":true}', 1, '2026-06-11 19:27:37');
INSERT INTO `sys_operation_log` VALUES (720358528929234944, '用户系统授权', 2, 'com.moli.system.controller.UserController.insertUserSystem()', 'PUT', 'superadmin', '127.0.0.1', '/user/insertUserSystem', '{\"systemIds\":[],\"userId\":720000000000000017}', '{\"code\":200,\"data\":true}', 1, '2026-06-11 19:27:37');
INSERT INTO `sys_operation_log` VALUES (720358529315110912, '用户系统授权', 2, 'com.moli.system.controller.UserController.insertUserSystem()', 'PUT', 'superadmin', '127.0.0.1', '/user/insertUserSystem', '{\"systemIds\":[],\"userId\":720000000000000018}', '{\"code\":200,\"data\":true}', 1, '2026-06-11 19:27:37');
INSERT INTO `sys_operation_log` VALUES (720358555655340032, '用户系统授权', 2, 'com.moli.system.controller.UserController.insertUserSystem()', 'PUT', 'superadmin', '127.0.0.1', '/user/insertUserSystem', '{\"systemIds\":[2,10,1],\"userId\":719712653013942272}', '{\"code\":200,\"data\":true}', 1, '2026-06-11 19:27:43');
INSERT INTO `sys_operation_log` VALUES (720358555844083712, '用户系统授权', 2, 'com.moli.system.controller.UserController.insertUserSystem()', 'PUT', 'superadmin', '127.0.0.1', '/user/insertUserSystem', '{\"systemIds\":[1],\"userId\":720000000000000002}', '{\"code\":200,\"data\":true}', 1, '2026-06-11 19:27:43');
INSERT INTO `sys_operation_log` VALUES (720358556007661568, '用户系统授权', 2, 'com.moli.system.controller.UserController.insertUserSystem()', 'PUT', 'superadmin', '127.0.0.1', '/user/insertUserSystem', '{\"systemIds\":[1],\"userId\":720000000000000003}', '{\"code\":200,\"data\":true}', 1, '2026-06-11 19:27:43');
INSERT INTO `sys_operation_log` VALUES (720358556242542592, '用户系统授权', 2, 'com.moli.system.controller.UserController.insertUserSystem()', 'PUT', 'superadmin', '127.0.0.1', '/user/insertUserSystem', '{\"systemIds\":[1],\"userId\":720000000000000004}', '{\"code\":200,\"data\":true}', 1, '2026-06-11 19:27:43');
INSERT INTO `sys_operation_log` VALUES (720358556414509056, '用户系统授权', 2, 'com.moli.system.controller.UserController.insertUserSystem()', 'PUT', 'superadmin', '127.0.0.1', '/user/insertUserSystem', '{\"systemIds\":[1],\"userId\":720000000000000005}', '{\"code\":200,\"data\":true}', 1, '2026-06-11 19:27:43');
INSERT INTO `sys_operation_log` VALUES (720358556582281216, '用户系统授权', 2, 'com.moli.system.controller.UserController.insertUserSystem()', 'PUT', 'superadmin', '127.0.0.1', '/user/insertUserSystem', '{\"systemIds\":[1],\"userId\":720000000000000006}', '{\"code\":200,\"data\":true}', 1, '2026-06-11 19:27:44');
INSERT INTO `sys_operation_log` VALUES (720358556779413504, '用户系统授权', 2, 'com.moli.system.controller.UserController.insertUserSystem()', 'PUT', 'superadmin', '127.0.0.1', '/user/insertUserSystem', '{\"systemIds\":[1],\"userId\":720000000000000007}', '{\"code\":200,\"data\":true}', 1, '2026-06-11 19:27:44');
INSERT INTO `sys_operation_log` VALUES (720358556989128704, '用户系统授权', 2, 'com.moli.system.controller.UserController.insertUserSystem()', 'PUT', 'superadmin', '127.0.0.1', '/user/insertUserSystem', '{\"systemIds\":[1],\"userId\":720000000000000008}', '{\"code\":200,\"data\":true}', 1, '2026-06-11 19:27:44');
INSERT INTO `sys_operation_log` VALUES (720358557165289472, '用户系统授权', 2, 'com.moli.system.controller.UserController.insertUserSystem()', 'PUT', 'superadmin', '127.0.0.1', '/user/insertUserSystem', '{\"systemIds\":[1],\"userId\":720000000000000009}', '{\"code\":200,\"data\":true}', 1, '2026-06-11 19:27:44');
INSERT INTO `sys_operation_log` VALUES (720358557530193920, '用户系统授权', 2, 'com.moli.system.controller.UserController.insertUserSystem()', 'PUT', 'superadmin', '127.0.0.1', '/user/insertUserSystem', '{\"systemIds\":[1],\"userId\":720000000000000010}', '{\"code\":200,\"data\":true}', 1, '2026-06-11 19:27:44');
INSERT INTO `sys_operation_log` VALUES (720358557718937600, '用户系统授权', 2, 'com.moli.system.controller.UserController.insertUserSystem()', 'PUT', 'superadmin', '127.0.0.1', '/user/insertUserSystem', '{\"systemIds\":[1],\"userId\":720000000000000011}', '{\"code\":200,\"data\":true}', 1, '2026-06-11 19:27:44');
INSERT INTO `sys_operation_log` VALUES (720358557874126848, '用户系统授权', 2, 'com.moli.system.controller.UserController.insertUserSystem()', 'PUT', 'superadmin', '127.0.0.1', '/user/insertUserSystem', '{\"systemIds\":[1],\"userId\":720000000000000012}', '{\"code\":200,\"data\":true}', 1, '2026-06-11 19:27:44');
INSERT INTO `sys_operation_log` VALUES (720358558025121792, '用户系统授权', 2, 'com.moli.system.controller.UserController.insertUserSystem()', 'PUT', 'superadmin', '127.0.0.1', '/user/insertUserSystem', '{\"systemIds\":[1],\"userId\":720000000000000013}', '{\"code\":200,\"data\":true}', 1, '2026-06-11 19:27:44');
INSERT INTO `sys_operation_log` VALUES (720358558243225600, '用户系统授权', 2, 'com.moli.system.controller.UserController.insertUserSystem()', 'PUT', 'superadmin', '127.0.0.1', '/user/insertUserSystem', '{\"systemIds\":[1],\"userId\":720000000000000014}', '{\"code\":200,\"data\":true}', 1, '2026-06-11 19:27:44');
INSERT INTO `sys_operation_log` VALUES (720358558423580672, '用户系统授权', 2, 'com.moli.system.controller.UserController.insertUserSystem()', 'PUT', 'superadmin', '127.0.0.1', '/user/insertUserSystem', '{\"systemIds\":[1],\"userId\":720000000000000015}', '{\"code\":200,\"data\":true}', 1, '2026-06-11 19:27:44');
INSERT INTO `sys_operation_log` VALUES (720358558599741440, '用户系统授权', 2, 'com.moli.system.controller.UserController.insertUserSystem()', 'PUT', 'superadmin', '127.0.0.1', '/user/insertUserSystem', '{\"systemIds\":[1],\"userId\":720000000000000016}', '{\"code\":200,\"data\":true}', 1, '2026-06-11 19:27:44');
INSERT INTO `sys_operation_log` VALUES (720358558754930688, '用户系统授权', 2, 'com.moli.system.controller.UserController.insertUserSystem()', 'PUT', 'superadmin', '127.0.0.1', '/user/insertUserSystem', '{\"systemIds\":[1],\"userId\":720000000000000017}', '{\"code\":200,\"data\":true}', 1, '2026-06-11 19:27:44');
INSERT INTO `sys_operation_log` VALUES (720358558931091456, '用户系统授权', 2, 'com.moli.system.controller.UserController.insertUserSystem()', 'PUT', 'superadmin', '127.0.0.1', '/user/insertUserSystem', '{\"systemIds\":[1],\"userId\":720000000000000018}', '{\"code\":200,\"data\":true}', 1, '2026-06-11 19:27:44');
INSERT INTO `sys_operation_log` VALUES (720358559199526912, '用户系统授权', 2, 'com.moli.system.controller.UserController.insertUserSystem()', 'PUT', 'superadmin', '127.0.0.1', '/user/insertUserSystem', '{\"systemIds\":[1],\"userId\":720000000000000024}', '{\"code\":200,\"data\":true}', 1, '2026-06-11 19:27:44');
INSERT INTO `sys_operation_log` VALUES (720358559388270592, '用户系统授权', 2, 'com.moli.system.controller.UserController.insertUserSystem()', 'PUT', 'superadmin', '127.0.0.1', '/user/insertUserSystem', '{\"systemIds\":[1],\"userId\":720000000000000025}', '{\"code\":200,\"data\":true}', 1, '2026-06-11 19:27:44');
INSERT INTO `sys_operation_log` VALUES (720358596528832512, '用户系统授权', 2, 'com.moli.system.controller.UserController.insertUserSystem()', 'PUT', 'superadmin', '127.0.0.1', '/user/insertUserSystem', '{\"systemIds\":[1],\"userId\":720000000000000026}', '{\"code\":200,\"data\":true}', 1, '2026-06-11 19:27:53');
INSERT INTO `sys_operation_log` VALUES (720358596805656576, '用户系统授权', 2, 'com.moli.system.controller.UserController.insertUserSystem()', 'PUT', 'superadmin', '127.0.0.1', '/user/insertUserSystem', '{\"systemIds\":[1],\"userId\":720000000000000027}', '{\"code\":200,\"data\":true}', 1, '2026-06-11 19:27:53');
INSERT INTO `sys_operation_log` VALUES (720358597023760384, '用户系统授权', 2, 'com.moli.system.controller.UserController.insertUserSystem()', 'PUT', 'superadmin', '127.0.0.1', '/user/insertUserSystem', '{\"systemIds\":[1],\"userId\":720000000000000028}', '{\"code\":200,\"data\":true}', 1, '2026-06-11 19:27:53');
INSERT INTO `sys_operation_log` VALUES (720358597241864192, '用户系统授权', 2, 'com.moli.system.controller.UserController.insertUserSystem()', 'PUT', 'superadmin', '127.0.0.1', '/user/insertUserSystem', '{\"systemIds\":[1],\"userId\":720000000000000029}', '{\"code\":200,\"data\":true}', 1, '2026-06-11 19:27:53');
INSERT INTO `sys_operation_log` VALUES (720358597548048384, '用户系统授权', 2, 'com.moli.system.controller.UserController.insertUserSystem()', 'PUT', 'superadmin', '127.0.0.1', '/user/insertUserSystem', '{\"systemIds\":[1],\"userId\":720000000000000030}', '{\"code\":200,\"data\":true}', 1, '2026-06-11 19:27:53');
INSERT INTO `sys_operation_log` VALUES (720358942844125184, '用户系统授权', 2, 'com.moli.system.controller.UserController.insertUserSystem()', 'PUT', 'superadmin', '127.0.0.1', '/user/insertUserSystem', '{\"systemIds\":[1,3,8,9,10,11,12,13,14,15,16,4,5,26,27,28,29,30,31,32,6,17,18,19,20,21,22,23,24,25,2,33,34,35,36,37,38,7],\"userId\":720351341083361280}', '{\"code\":200,\"data\":true}', 1, '2026-06-11 19:29:16');
INSERT INTO `sys_operation_log` VALUES (720359606475292672, '进入系统', 1, 'com.moli.system.controller.SystemController.enter()', 'POST', 'test', '127.0.0.1', '/system/enter', '{\"systemId\":1}', '{\"code\":200,\"data\":{\"currentSystem\":{\"baseUrl\":\"http://localhost:9528\",\"icon\":\"system\",\"id\":1,\"isDefault\":true,\"sort\":1,\"ssoMode\":\"INTERNAL\",\"systemCode\":\"moli-admin\",\"systemGroup\":\"governance\",\"systemName\":\"moli-admin 管理后台\"},\"fullPermission\":false,\"hubToken\":\"login_token_1b43e1ca-7927-4243-b8d9-9514c97cd37c\",\"menuVoList\":[{\"alwaysShow\":true,\"component\":\"Layout\",\"createId\":1,\"createTime\":1781119018000,\"hidden\":false,\"icon\":\"guide\",\"id\":800,\"menuName\":\"身份与门户\",\"menuType\":\"M\",\"meta\":{\"icon\":\"guide\",\"noCache\":false,\"title\":\"身份与门户\"},\"name\":\"Portal\",\"orderNum\":1,\"parentId\":0,\"path\":\"/portal\",\"redirect\":\"noRedirect\",\"routeName\":\"Portal\",\"status\":1,\"updateId\":1,\"updateTime\":1781119018000},{\"alwaysShow\":true,\"children\":[{\"component\":\"system/user/index\",\"hidden\":false,\"icon\":\"user\",\"id\":2,\"menuName\":\"用户管理\",\"menuType\":\"C\",\"meta\":{\"icon\":\"user\",\"noCache\":false,\"title\":\"用户管理\"},\"name\":\"User\",\"orderNum\":1,\"parentId\":1,\"path\":\"user\",\"perms\":\"system:user:list\",\"redirect\":\"noRedirect\",\"status\":1},{\"component\":\"system/role/index\",\"hidden\":false,\"icon\":\"peoples\",\"id\":3,\"menuName\":\"角色管理\",\"menuType\":\"C\",\"meta\":{\"icon\":\"peoples\",\"noCache\":false,\"title\":\"角色管理\"},\"name\":\"Role\",\"orderNum\":2,\"parentId\":1,\"path\":\"role\",\"perms\":\"system:role:list\",\"redirect\":\"noRedirect\",\"status\":1},{\"component\":\"system/menu/index\",\"hidden\":false,\"icon\":\"tree-table\",\"id\":4,\"menuName\":\"菜单管理\",\"menuType\":\"C\",\"meta\":{\"icon\":\"tree-table\",\"noCache\":false,\"title\":\"菜单管理\"},\"name\":\"Menu\",\"orderNum\":3,\"parentId\":1,\"path\":\"menu\",\"perms\":\"system:menu:list\",\"redirect\":\"noRedirect\",\"status\":1},{\"component\":\"system/dept/index\",\"hidden\":false,\"icon\":\"tree\",\"id\":5,\"menuName\":\"部门管理\",\"menuType\":\"C\",\"meta\":{\"icon\":\"tree\",\"noCache\":false,\"title\":\"部门管理\"},\"name\":\"Dept\",\"orderNum\":4,\"parentId\":1,\"path\":\"dept\",\"perms\":\"system:dept:list\",\"redirect\":\"noRedirect\",\"status\":1},{\"component\":\"system/post/index\",\"hidden\":false,\"icon\":\"post\",\"id\":6,\"menuName\":\"岗位管理\",\"menuType\":\"C\",\"meta\":{\"icon\":\"post\",\"noCache\":false,\"title\":\"岗位管理\"},\"name\":\"Post\"', 1, '2026-06-11 19:31:54');
INSERT INTO `sys_operation_log` VALUES (720359868988391424, '进入系统', 1, 'com.moli.system.controller.SystemController.enter()', 'POST', 'test', '127.0.0.1', '/system/enter', '{\"systemId\":1}', '{\"code\":200,\"data\":{\"currentSystem\":{\"baseUrl\":\"http://localhost:9528\",\"icon\":\"system\",\"id\":1,\"isDefault\":true,\"sort\":1,\"ssoMode\":\"INTERNAL\",\"systemCode\":\"moli-admin\",\"systemGroup\":\"governance\",\"systemName\":\"moli-admin 管理后台\"},\"fullPermission\":false,\"hubToken\":\"login_token_1b43e1ca-7927-4243-b8d9-9514c97cd37c\",\"menuVoList\":[{\"alwaysShow\":true,\"component\":\"Layout\",\"createId\":1,\"createTime\":1781119018000,\"hidden\":false,\"icon\":\"guide\",\"id\":800,\"menuName\":\"身份与门户\",\"menuType\":\"M\",\"meta\":{\"icon\":\"guide\",\"noCache\":false,\"title\":\"身份与门户\"},\"name\":\"Portal\",\"orderNum\":1,\"parentId\":0,\"path\":\"/portal\",\"redirect\":\"noRedirect\",\"routeName\":\"Portal\",\"status\":1,\"updateId\":1,\"updateTime\":1781119018000},{\"alwaysShow\":true,\"children\":[{\"component\":\"system/user/index\",\"hidden\":false,\"icon\":\"user\",\"id\":2,\"menuName\":\"用户管理\",\"menuType\":\"C\",\"meta\":{\"icon\":\"user\",\"noCache\":false,\"title\":\"用户管理\"},\"name\":\"User\",\"orderNum\":1,\"parentId\":1,\"path\":\"user\",\"perms\":\"system:user:list\",\"redirect\":\"noRedirect\",\"status\":1},{\"component\":\"system/role/index\",\"hidden\":false,\"icon\":\"peoples\",\"id\":3,\"menuName\":\"角色管理\",\"menuType\":\"C\",\"meta\":{\"icon\":\"peoples\",\"noCache\":false,\"title\":\"角色管理\"},\"name\":\"Role\",\"orderNum\":2,\"parentId\":1,\"path\":\"role\",\"perms\":\"system:role:list\",\"redirect\":\"noRedirect\",\"status\":1},{\"component\":\"system/menu/index\",\"hidden\":false,\"icon\":\"tree-table\",\"id\":4,\"menuName\":\"菜单管理\",\"menuType\":\"C\",\"meta\":{\"icon\":\"tree-table\",\"noCache\":false,\"title\":\"菜单管理\"},\"name\":\"Menu\",\"orderNum\":3,\"parentId\":1,\"path\":\"menu\",\"perms\":\"system:menu:list\",\"redirect\":\"noRedirect\",\"status\":1},{\"component\":\"system/dept/index\",\"hidden\":false,\"icon\":\"tree\",\"id\":5,\"menuName\":\"部门管理\",\"menuType\":\"C\",\"meta\":{\"icon\":\"tree\",\"noCache\":false,\"title\":\"部门管理\"},\"name\":\"Dept\",\"orderNum\":4,\"parentId\":1,\"path\":\"dept\",\"perms\":\"system:dept:list\",\"redirect\":\"noRedirect\",\"status\":1},{\"component\":\"system/post/index\",\"hidden\":false,\"icon\":\"post\",\"id\":6,\"menuName\":\"岗位管理\",\"menuType\":\"C\",\"meta\":{\"icon\":\"post\",\"noCache\":false,\"title\":\"岗位管理\"},\"name\":\"Post\"', 1, '2026-06-11 19:32:56');
INSERT INTO `sys_operation_log` VALUES (720360276901232640, '角色菜单授权', 2, 'com.moli.system.controller.RoleController.update()', 'PUT', 'superadmin', '127.0.0.1', '/role', '{\"updateId\":1,\"createTime\":1781176232000,\"createId\":1,\"roleName\":\"test\",\"actionCodes\":[],\"orderNum\":\"19\",\"updateTime\":1781177001000,\"id\":720354230530998272,\"menuIds\":[800,720069615614427100,720092589008617500,1,2,3,4,5,720092589008617500,6,7,8,9,400,401,402,403,404,500,501,600,601,602,603,700,701,702,703,810,719698282376331300,719706422979330000],\"status\":1}', '{\"code\":200,\"data\":true,\"msg\":\"角色授权已更新，请通知相关用户刷新页面后查看新菜单\"}', 1, '2026-06-11 19:34:34');
INSERT INTO `sys_operation_log` VALUES (720360315463663616, '角色菜单授权', 2, 'com.moli.system.controller.RoleController.update()', 'PUT', 'superadmin', '127.0.0.1', '/role', '{\"updateId\":1,\"createTime\":1781176232000,\"createId\":1,\"roleName\":\"test\",\"actionCodes\":[\"system:system:add\",\"system:system:edit\",\"system:system:remove\",\"system:user:add\",\"system:user:edit\",\"system:user:remove\",\"system:user:resetPwd\",\"system:user:assignRole\",\"system:user:assignSystem\",\"system:role:add\",\"system:role:edit\",\"system:role:remove\",\"system:menu:add\",\"system:menu:edit\",\"system:menu:remove\",\"system:dept:add\",\"system:dept:edit\",\"system:dept:remove\",\"system:post:add\",\"system:post:edit\",\"system:post:remove\",\"system:dict:add\",\"system:dict:edit\",\"system:dict:remove\",\"operation:project:add\",\"operation:project:edit\",\"operation:project:remove\",\"operation:server:add\",\"operation:server:edit\",\"operation:server:remove\",\"operation:platform:add\",\"operation:platform:edit\",\"operation:platform:remove\",\"operation:component:add\",\"operation:component:edit\",\"operation:component:remove\",\"system:operlog:remove\",\"system:loginlog:remove\"],\"orderNum\":\"19\",\"updateTime\":1781177001000,\"id\":720354230530998272,\"menuIds\":[800,720069615614427100,720092589008617500,1,2,3,4,5,720092589008617500,6,7,8,9,400,401,402,403,404,500,501,600,601,602,603,700,701,702,703,810,719698282376331300,719706422979330000],\"status\":1}', '动作「新增系统」须先勾选对应页面', 0, '2026-06-11 19:34:43');
INSERT INTO `sys_operation_log` VALUES (720360372510392320, '角色菜单授权', 2, 'com.moli.system.controller.RoleController.update()', 'PUT', 'superadmin', '127.0.0.1', '/role', '{\"updateId\":1,\"createTime\":1781176232000,\"createId\":1,\"roleName\":\"test\",\"actionCodes\":[\"system:system:add\",\"system:system:edit\",\"system:system:remove\",\"system:user:add\",\"system:user:edit\",\"system:user:remove\",\"system:user:resetPwd\",\"system:user:assignRole\",\"system:user:assignSystem\",\"system:role:add\",\"system:role:edit\",\"system:role:remove\",\"system:menu:add\",\"system:menu:edit\",\"system:menu:remove\",\"system:dept:add\",\"system:dept:edit\",\"system:dept:remove\",\"system:post:add\",\"system:post:edit\",\"system:post:remove\",\"system:dict:add\",\"system:dict:edit\",\"system:dict:remove\",\"operation:project:add\",\"operation:project:edit\",\"operation:project:remove\",\"operation:server:add\",\"operation:server:edit\",\"operation:server:remove\",\"operation:platform:add\",\"operation:platform:edit\",\"operation:platform:remove\",\"operation:component:add\",\"operation:component:edit\",\"operation:component:remove\",\"system:operlog:remove\",\"system:loginlog:remove\"],\"orderNum\":\"19\",\"updateTime\":1781177001000,\"id\":720354230530998272,\"menuIds\":[800,720069615614427100,720092589008617500,1,2,3,4,5,720092589008617500,6,7,8,9,400,401,402,403,404,500,501,600,601,602,603,700,701,702,703,810,719698282376331300,719706422979330000],\"status\":1}', '动作「新增系统」须先勾选对应页面', 0, '2026-06-11 19:34:56');
INSERT INTO `sys_operation_log` VALUES (720360384157974528, '角色菜单授权', 2, 'com.moli.system.controller.RoleController.update()', 'PUT', 'superadmin', '127.0.0.1', '/role', '{\"updateId\":1,\"createTime\":1781176232000,\"createId\":1,\"roleName\":\"test\",\"actionCodes\":[\"system:system:add\",\"system:system:edit\",\"system:system:remove\",\"system:user:add\",\"system:user:edit\",\"system:user:remove\",\"system:user:resetPwd\",\"system:user:assignRole\",\"system:user:assignSystem\",\"system:role:add\",\"system:role:edit\",\"system:role:remove\",\"system:menu:add\",\"system:menu:edit\",\"system:menu:remove\",\"system:dept:add\",\"system:dept:edit\",\"system:dept:remove\",\"system:post:add\",\"system:post:edit\",\"system:post:remove\",\"system:dict:add\",\"system:dict:edit\",\"system:dict:remove\",\"operation:project:add\",\"operation:project:edit\",\"operation:project:remove\",\"operation:server:add\",\"operation:server:edit\",\"operation:server:remove\",\"operation:platform:add\",\"operation:platform:edit\",\"operation:platform:remove\",\"operation:component:add\",\"operation:component:edit\",\"operation:component:remove\",\"system:operlog:remove\",\"system:loginlog:remove\"],\"orderNum\":\"19\",\"updateTime\":1781177001000,\"id\":720354230530998272,\"menuIds\":[800,720069615614427100,720092589008617500,1,2,3,4,5,720092589008617500,6,7,8,9,400,401,402,403,404,500,501,600,601,602,603,700,701,702,703,810,719698282376331300,719706422979330000],\"status\":1}', '动作「新增系统」须先勾选对应页面', 0, '2026-06-11 19:34:59');
INSERT INTO `sys_operation_log` VALUES (720360388075454464, '角色菜单授权', 2, 'com.moli.system.controller.RoleController.update()', 'PUT', 'superadmin', '127.0.0.1', '/role', '{\"updateId\":1,\"createTime\":1781176232000,\"createId\":1,\"roleName\":\"test\",\"actionCodes\":[\"system:system:add\",\"system:system:edit\",\"system:system:remove\",\"system:user:add\",\"system:user:edit\",\"system:user:remove\",\"system:user:resetPwd\",\"system:user:assignRole\",\"system:user:assignSystem\",\"system:role:add\",\"system:role:edit\",\"system:role:remove\",\"system:menu:add\",\"system:menu:edit\",\"system:menu:remove\",\"system:dept:add\",\"system:dept:edit\",\"system:dept:remove\",\"system:post:add\",\"system:post:edit\",\"system:post:remove\",\"system:dict:add\",\"system:dict:edit\",\"system:dict:remove\",\"operation:project:add\",\"operation:project:edit\",\"operation:project:remove\",\"operation:server:add\",\"operation:server:edit\",\"operation:server:remove\",\"operation:platform:add\",\"operation:platform:edit\",\"operation:platform:remove\",\"operation:component:add\",\"operation:component:edit\",\"operation:component:remove\",\"system:operlog:remove\",\"system:loginlog:remove\"],\"orderNum\":\"19\",\"updateTime\":1781177001000,\"id\":720354230530998272,\"menuIds\":[800,720069615614427100,720092589008617500,1,2,3,4,5,720092589008617500,6,7,8,9,400,401,402,403,404,500,501,600,601,602,603,700,701,702,703,810,719698282376331300,719706422979330000],\"status\":1}', '动作「新增系统」须先勾选对应页面', 0, '2026-06-11 19:35:00');
INSERT INTO `sys_operation_log` VALUES (720360391779024896, '角色菜单授权', 2, 'com.moli.system.controller.RoleController.update()', 'PUT', 'superadmin', '127.0.0.1', '/role', '{\"updateId\":1,\"createTime\":1781176232000,\"createId\":1,\"roleName\":\"test\",\"actionCodes\":[\"system:system:add\",\"system:system:edit\",\"system:system:remove\",\"system:user:add\",\"system:user:edit\",\"system:user:remove\",\"system:user:resetPwd\",\"system:user:assignRole\",\"system:user:assignSystem\",\"system:role:add\",\"system:role:edit\",\"system:role:remove\",\"system:menu:add\",\"system:menu:edit\",\"system:menu:remove\",\"system:dept:add\",\"system:dept:edit\",\"system:dept:remove\",\"system:post:add\",\"system:post:edit\",\"system:post:remove\",\"system:dict:add\",\"system:dict:edit\",\"system:dict:remove\",\"operation:project:add\",\"operation:project:edit\",\"operation:project:remove\",\"operation:server:add\",\"operation:server:edit\",\"operation:server:remove\",\"operation:platform:add\",\"operation:platform:edit\",\"operation:platform:remove\",\"operation:component:add\",\"operation:component:edit\",\"operation:component:remove\",\"system:operlog:remove\",\"system:loginlog:remove\"],\"orderNum\":\"19\",\"updateTime\":1781177001000,\"id\":720354230530998272,\"menuIds\":[800,720069615614427100,720092589008617500,1,2,3,4,5,720092589008617500,6,7,8,9,400,401,402,403,404,500,501,600,601,602,603,700,701,702,703,810,719698282376331300,719706422979330000],\"status\":1}', '动作「新增系统」须先勾选对应页面', 0, '2026-06-11 19:35:01');
INSERT INTO `sys_operation_log` VALUES (720360474754940928, '角色菜单授权', 2, 'com.moli.system.controller.RoleController.update()', 'PUT', 'superadmin', '127.0.0.1', '/role', '{\"updateId\":1,\"createTime\":1781176232000,\"createId\":1,\"roleName\":\"test\",\"actionCodes\":[\"system:user:add\",\"system:user:edit\",\"system:user:remove\",\"system:user:resetPwd\",\"system:user:assignRole\",\"system:user:assignSystem\",\"system:role:add\",\"system:role:edit\",\"system:role:remove\",\"system:menu:add\",\"system:menu:edit\",\"system:menu:remove\",\"system:dept:add\",\"system:dept:edit\",\"system:dept:remove\",\"system:post:add\",\"system:post:edit\",\"system:post:remove\",\"system:dict:add\",\"system:dict:edit\",\"system:dict:remove\",\"operation:project:add\",\"operation:project:edit\",\"operation:project:remove\",\"operation:server:add\",\"operation:server:edit\",\"operation:server:remove\",\"operation:platform:add\",\"operation:platform:edit\",\"operation:platform:remove\",\"operation:component:add\",\"operation:component:edit\",\"operation:component:remove\",\"system:operlog:remove\",\"system:loginlog:remove\"],\"orderNum\":\"19\",\"updateTime\":1781177001000,\"id\":720354230530998272,\"menuIds\":[800,720069615614427100,720092589008617500,1,2,3,4,5,720092589008617500,6,7,8,9,400,401,402,403,404,500,501,600,601,602,603,700,701,702,703,810,719698282376331300,719706422979330000],\"status\":1}', '动作「删除操作日志」须先勾选对应页面', 0, '2026-06-11 19:35:21');
INSERT INTO `sys_operation_log` VALUES (720360868340039680, '角色菜单授权', 2, 'com.moli.system.controller.RoleController.update()', 'PUT', 'superadmin', '127.0.0.1', '/role', '{\"updateId\":1,\"createTime\":1781176232000,\"createId\":1,\"roleName\":\"test\",\"actionCodes\":[],\"orderNum\":\"19\",\"updateTime\":1781177001000,\"id\":720354230530998272,\"menuIds\":[800,720069615614427136,720092589008617472,1,2,3,4,5,720092589008617473,6,7,8,9,400,401,402,403,404,500,501,600,601,602,603,700,701,702,703,810,719698282376331264,719706422979330048],\"status\":1}', '{\"code\":200,\"data\":true,\"msg\":\"角色授权已更新，请通知相关用户刷新页面后查看新菜单\"}', 1, '2026-06-11 19:36:55');
INSERT INTO `sys_operation_log` VALUES (720360886279077888, '角色菜单授权', 2, 'com.moli.system.controller.RoleController.update()', 'PUT', 'superadmin', '127.0.0.1', '/role', '{\"updateId\":1,\"createTime\":1781176232000,\"createId\":1,\"roleName\":\"test\",\"actionCodes\":[\"system:system:add\",\"system:system:edit\",\"system:system:remove\",\"system:user:add\",\"system:user:edit\",\"system:user:remove\",\"system:user:resetPwd\",\"system:user:assignRole\",\"system:user:assignSystem\",\"system:role:add\",\"system:role:edit\",\"system:role:remove\",\"system:menu:add\",\"system:menu:edit\",\"system:menu:remove\",\"system:dept:add\",\"system:dept:edit\",\"system:dept:remove\",\"system:post:add\",\"system:post:edit\",\"system:post:remove\",\"system:dict:add\",\"system:dict:edit\",\"system:dict:remove\",\"operation:project:add\",\"operation:project:edit\",\"operation:project:remove\",\"operation:server:add\",\"operation:server:edit\",\"operation:server:remove\",\"operation:platform:add\",\"operation:platform:edit\",\"operation:platform:remove\",\"operation:component:add\",\"operation:component:edit\",\"operation:component:remove\",\"system:operlog:remove\",\"system:loginlog:remove\"],\"orderNum\":\"19\",\"updateTime\":1781177001000,\"id\":720354230530998272,\"menuIds\":[1,2,3,4,5,6,7,8,9,400,401,402,403,404,500,501,600,601,602,603,700,701,702,703,800,810,719698282376331264,719706422979330048,720069615614427136,720092589008617472,720092589008617473],\"status\":1}', '{\"code\":200,\"data\":true,\"msg\":\"角色授权已更新，请通知相关用户刷新页面后查看新菜单\"}', 1, '2026-06-11 19:36:59');
INSERT INTO `sys_operation_log` VALUES (720360906717921280, '角色菜单授权', 2, 'com.moli.system.controller.RoleController.update()', 'PUT', 'superadmin', '127.0.0.1', '/role', '{\"updateId\":1,\"createTime\":1781176232000,\"createId\":1,\"roleName\":\"test\",\"actionCodes\":[],\"orderNum\":\"19\",\"updateTime\":1781177001000,\"id\":720354230530998272,\"menuIds\":[1,2,3,4,5,6,7,8,9,400,401,402,403,404,500,501,600,601,602,603,700,701,702,703,800,810,719698282376331264,719706422979330048,720069615614427136,720092589008617472,720092589008617473],\"status\":1}', '{\"code\":200,\"data\":true,\"msg\":\"角色授权已更新，请通知相关用户刷新页面后查看新菜单\"}', 1, '2026-06-11 19:37:04');
INSERT INTO `sys_operation_log` VALUES (720362272286834688, '角色菜单授权', 2, 'com.moli.system.controller.RoleController.update()', 'PUT', 'superadmin', '127.0.0.1', '/role', '{\"updateId\":1,\"createTime\":1781022119000,\"createId\":1,\"roleName\":\"系统管理员\",\"orderNum\":\"2\",\"remark\":\"负责用户、角色、菜单、部门等系统配置\",\"updateTime\":1781022119000,\"id\":2,\"status\":1}', '{\"code\":200,\"data\":true,\"msg\":\"角色授权已更新，请通知相关用户刷新页面后查看新菜单\"}', 1, '2026-06-11 19:42:29');
INSERT INTO `sys_operation_log` VALUES (720362285893156864, '角色菜单授权', 2, 'com.moli.system.controller.RoleController.update()', 'PUT', 'superadmin', '127.0.0.1', '/role', '{\"updateId\":1,\"createTime\":1781022119000,\"createId\":1,\"roleName\":\"系统管理员\",\"orderNum\":\"2\",\"remark\":\"负责用户、角色、菜单、部门等系统配置\",\"updateTime\":1781022119000,\"id\":2,\"status\":1}', '{\"code\":200,\"data\":true,\"msg\":\"角色授权已更新，请通知相关用户刷新页面后查看新菜单\"}', 1, '2026-06-11 19:42:33');
INSERT INTO `sys_operation_log` VALUES (720362302569709568, '角色菜单授权', 2, 'com.moli.system.controller.RoleController.update()', 'PUT', 'superadmin', '127.0.0.1', '/role', '{\"updateId\":1,\"createTime\":1781022119000,\"createId\":1,\"roleName\":\"系统管理员\",\"orderNum\":\"2\",\"remark\":\"负责用户、角色、菜单、部门等系统配置\",\"updateTime\":1781022119000,\"id\":2,\"status\":1}', '{\"code\":200,\"data\":true,\"msg\":\"角色授权已更新，请通知相关用户刷新页面后查看新菜单\"}', 1, '2026-06-11 19:42:37');
INSERT INTO `sys_operation_log` VALUES (720362320957538304, '角色菜单授权', 2, 'com.moli.system.controller.RoleController.update()', 'PUT', 'superadmin', '127.0.0.1', '/role', '{\"updateId\":1,\"createTime\":1781022119000,\"createId\":1,\"roleName\":\"系统管理员\",\"orderNum\":\"2\",\"remark\":\"负责用户、角色、菜单、部门等系统配置\",\"updateTime\":1781022119000,\"id\":2,\"status\":1}', '{\"code\":200,\"data\":true,\"msg\":\"角色授权已更新，请通知相关用户刷新页面后查看新菜单\"}', 1, '2026-06-11 19:42:41');
INSERT INTO `sys_operation_log` VALUES (720362727620476928, '角色菜单授权', 2, 'com.moli.system.controller.RoleController.update()', 'PUT', 'superadmin', '127.0.0.1', '/role', '{\"updateId\":1,\"createTime\":1781022119000,\"createId\":1,\"roleName\":\"部门经理\",\"actionCodes\":[],\"orderNum\":\"8\",\"remark\":\"系统查看 + 运营管理权限\",\"updateTime\":1781022119000,\"id\":8,\"menuIds\":[],\"status\":1}', '{\"code\":200,\"data\":true,\"msg\":\"角色授权已更新，请通知相关用户刷新页面后查看新菜单\"}', 1, '2026-06-11 19:44:18');
INSERT INTO `sys_operation_log` VALUES (720363519165333504, '进入系统', 1, 'com.moli.system.controller.SystemController.enter()', 'POST', 'test', '127.0.0.1', '/system/enter', '{\"systemId\":3}', '{\"code\":200,\"data\":{\"currentSystem\":{\"baseUrl\":\"http://127.0.0.1:9000\",\"icon\":\"guide\",\"id\":3,\"isDefault\":false,\"sort\":10,\"ssoMode\":\"EXTERNAL\",\"systemCode\":\"crm-demo\",\"systemGroup\":\"business\",\"systemName\":\"CRM 客户管理\"},\"fullPermission\":false,\"hubToken\":\"login_token_1b43e1ca-7927-4243-b8d9-9514c97cd37c\",\"menuVoList\":[],\"permissions\":[],\"redirectUrl\":\"http://127.0.0.1:9000/sso/login?ticket=8abb76cd84c3469ca4278efaaef6f23a&systemCode=crm-demo\"}}', 1, '2026-06-11 19:47:27');
INSERT INTO `sys_operation_log` VALUES (720363562664460288, '进入系统', 1, 'com.moli.system.controller.SystemController.enter()', 'POST', 'test', '127.0.0.1', '/system/enter', '{\"systemId\":8}', '{\"code\":200,\"data\":{\"currentSystem\":{\"baseUrl\":\"http://127.0.0.1:9001\",\"icon\":\"shopping-cart\",\"id\":8,\"isDefault\":false,\"sort\":11,\"ssoMode\":\"EXTERNAL\",\"systemCode\":\"ecom-mall\",\"systemGroup\":\"business\",\"systemName\":\"电商商城\"},\"fullPermission\":false,\"hubToken\":\"login_token_1b43e1ca-7927-4243-b8d9-9514c97cd37c\",\"menuVoList\":[],\"permissions\":[],\"redirectUrl\":\"http://127.0.0.1:9001/sso/login?ticket=329766ed97ef432d8955ff04a4644a21&systemCode=ecom-mall\"}}', 1, '2026-06-11 19:47:37');
INSERT INTO `sys_operation_log` VALUES (720363666326683648, '进入系统', 1, 'com.moli.system.controller.SystemController.enter()', 'POST', 'test', '127.0.0.1', '/system/enter', '{\"systemId\":1}', '{\"code\":200,\"data\":{\"currentSystem\":{\"baseUrl\":\"http://localhost:9528\",\"icon\":\"system\",\"id\":1,\"isDefault\":true,\"sort\":1,\"ssoMode\":\"INTERNAL\",\"systemCode\":\"moli-admin\",\"systemGroup\":\"governance\",\"systemName\":\"moli-admin 管理后台\"},\"fullPermission\":false,\"hubToken\":\"login_token_1b43e1ca-7927-4243-b8d9-9514c97cd37c\",\"menuVoList\":[{\"alwaysShow\":true,\"children\":[{\"component\":\"system/system/index\",\"createId\":1,\"createTime\":1781108375000,\"hidden\":false,\"icon\":\"system\",\"id\":720069615614427136,\"menuName\":\"系统注册\",\"menuType\":\"C\",\"meta\":{\"icon\":\"system\",\"noCache\":false,\"title\":\"系统注册\"},\"name\":\"SystemRegistry\",\"orderNum\":1,\"parentId\":800,\"path\":\"system\",\"perms\":\"system:system:list\",\"redirect\":\"noRedirect\",\"routeName\":\"SystemRegistry\",\"status\":1,\"updateId\":1,\"updateTime\":1781108397000},{\"component\":\"system/system-user/index\",\"createId\":1,\"createTime\":1781113852000,\"hidden\":false,\"icon\":\"system\",\"id\":720092589008617472,\"menuName\":\"分配系统\",\"menuType\":\"C\",\"meta\":{\"icon\":\"system\",\"noCache\":false,\"title\":\"分配系统\"},\"name\":\"SystemUserAssign\",\"orderNum\":2,\"parentId\":800,\"path\":\"system-user\",\"perms\":\"system:user:list\",\"redirect\":\"noRedirect\",\"routeName\":\"SystemUserAssign\",\"status\":1,\"updateId\":1,\"updateTime\":1781113884000}],\"component\":\"Layout\",\"createId\":1,\"createTime\":1781119018000,\"hidden\":false,\"icon\":\"guide\",\"id\":800,\"menuName\":\"身份与门户\",\"menuType\":\"M\",\"meta\":{\"icon\":\"guide\",\"noCache\":false,\"title\":\"身份与门户\"},\"name\":\"Portal\",\"orderNum\":1,\"parentId\":0,\"path\":\"/portal\",\"redirect\":\"noRedirect\",\"routeName\":\"Portal\",\"status\":1,\"updateId\":1,\"updateTime\":1781119018000},{\"alwaysShow\":true,\"children\":[{\"component\":\"system/user/index\",\"hidden\":false,\"icon\":\"user\",\"id\":2,\"menuName\":\"用户管理\",\"menuType\":\"C\",\"meta\":{\"icon\":\"user\",\"noCache\":false,\"title\":\"用户管理\"},\"name\":\"User\",\"orderNum\":1,\"parentId\":1,\"path\":\"user\",\"perms\":\"system:user:list\",\"redirect\":\"noRedirect\",\"status\":1},{\"component\":\"system/role/index\",\"hidden\":false,\"icon\":\"peoples\",\"id\":3,\"menuName\":\"角色管理\",\"menuType\":\"C\",\"meta\":{\"icon\":\"peoples\",\"noCache\"', 1, '2026-06-11 19:48:02');
INSERT INTO `sys_operation_log` VALUES (720364007055163392, '进入系统', 1, 'com.moli.system.controller.SystemController.enter()', 'POST', 'test', '127.0.0.1', '/system/enter', '{\"systemId\":3}', '{\"code\":200,\"data\":{\"currentSystem\":{\"baseUrl\":\"http://127.0.0.1:9000\",\"icon\":\"guide\",\"id\":3,\"isDefault\":false,\"sort\":10,\"ssoMode\":\"EXTERNAL\",\"systemCode\":\"crm-demo\",\"systemGroup\":\"business\",\"systemName\":\"CRM 客户管理\"},\"fullPermission\":false,\"hubToken\":\"login_token_1b43e1ca-7927-4243-b8d9-9514c97cd37c\",\"menuVoList\":[],\"permissions\":[],\"redirectUrl\":\"http://127.0.0.1:9000/sso/login?ticket=77e0996268094d33822f0e08ef718cf5&systemCode=crm-demo\"}}', 1, '2026-06-11 19:49:23');
INSERT INTO `sys_operation_log` VALUES (720364031612813312, '进入系统', 1, 'com.moli.system.controller.SystemController.enter()', 'POST', 'test', '127.0.0.1', '/system/enter', '{\"systemId\":1}', '{\"code\":200,\"data\":{\"currentSystem\":{\"baseUrl\":\"http://localhost:9528\",\"icon\":\"system\",\"id\":1,\"isDefault\":true,\"sort\":1,\"ssoMode\":\"INTERNAL\",\"systemCode\":\"moli-admin\",\"systemGroup\":\"governance\",\"systemName\":\"moli-admin 管理后台\"},\"fullPermission\":false,\"hubToken\":\"login_token_1b43e1ca-7927-4243-b8d9-9514c97cd37c\",\"menuVoList\":[{\"alwaysShow\":true,\"children\":[{\"component\":\"system/system/index\",\"createId\":1,\"createTime\":1781108375000,\"hidden\":false,\"icon\":\"system\",\"id\":720069615614427136,\"menuName\":\"系统注册\",\"menuType\":\"C\",\"meta\":{\"icon\":\"system\",\"noCache\":false,\"title\":\"系统注册\"},\"name\":\"SystemRegistry\",\"orderNum\":1,\"parentId\":800,\"path\":\"system\",\"perms\":\"system:system:list\",\"redirect\":\"noRedirect\",\"routeName\":\"SystemRegistry\",\"status\":1,\"updateId\":1,\"updateTime\":1781108397000},{\"component\":\"system/system-user/index\",\"createId\":1,\"createTime\":1781113852000,\"hidden\":false,\"icon\":\"system\",\"id\":720092589008617472,\"menuName\":\"分配系统\",\"menuType\":\"C\",\"meta\":{\"icon\":\"system\",\"noCache\":false,\"title\":\"分配系统\"},\"name\":\"SystemUserAssign\",\"orderNum\":2,\"parentId\":800,\"path\":\"system-user\",\"perms\":\"system:user:list\",\"redirect\":\"noRedirect\",\"routeName\":\"SystemUserAssign\",\"status\":1,\"updateId\":1,\"updateTime\":1781113884000}],\"component\":\"Layout\",\"createId\":1,\"createTime\":1781119018000,\"hidden\":false,\"icon\":\"guide\",\"id\":800,\"menuName\":\"身份与门户\",\"menuType\":\"M\",\"meta\":{\"icon\":\"guide\",\"noCache\":false,\"title\":\"身份与门户\"},\"name\":\"Portal\",\"orderNum\":1,\"parentId\":0,\"path\":\"/portal\",\"redirect\":\"noRedirect\",\"routeName\":\"Portal\",\"status\":1,\"updateId\":1,\"updateTime\":1781119018000},{\"alwaysShow\":true,\"children\":[{\"component\":\"system/user/index\",\"hidden\":false,\"icon\":\"user\",\"id\":2,\"menuName\":\"用户管理\",\"menuType\":\"C\",\"meta\":{\"icon\":\"user\",\"noCache\":false,\"title\":\"用户管理\"},\"name\":\"User\",\"orderNum\":1,\"parentId\":1,\"path\":\"user\",\"perms\":\"system:user:list\",\"redirect\":\"noRedirect\",\"status\":1},{\"component\":\"system/role/index\",\"hidden\":false,\"icon\":\"peoples\",\"id\":3,\"menuName\":\"角色管理\",\"menuType\":\"C\",\"meta\":{\"icon\":\"peoples\",\"noCache\"', 1, '2026-06-11 19:49:29');
INSERT INTO `sys_operation_log` VALUES (720365578933501952, '进入系统', 1, 'com.moli.system.controller.SystemController.enter()', 'POST', 'test', '127.0.0.1', '/system/enter', '{\"systemId\":1}', '{\"code\":200,\"data\":{\"currentSystem\":{\"baseUrl\":\"http://localhost:9528\",\"icon\":\"system\",\"id\":1,\"isDefault\":true,\"sort\":1,\"ssoMode\":\"INTERNAL\",\"systemCode\":\"moli-admin\",\"systemGroup\":\"governance\",\"systemName\":\"moli-admin 管理后台\"},\"fullPermission\":false,\"hubToken\":\"login_token_1b43e1ca-7927-4243-b8d9-9514c97cd37c\",\"menuVoList\":[{\"alwaysShow\":true,\"children\":[{\"component\":\"system/system/index\",\"createId\":1,\"createTime\":1781108375000,\"hidden\":false,\"icon\":\"system\",\"id\":720069615614427136,\"menuName\":\"系统注册\",\"menuType\":\"C\",\"meta\":{\"icon\":\"system\",\"noCache\":false,\"title\":\"系统注册\"},\"name\":\"SystemRegistry\",\"orderNum\":1,\"parentId\":800,\"path\":\"system\",\"perms\":\"system:system:list\",\"redirect\":\"noRedirect\",\"routeName\":\"SystemRegistry\",\"status\":1,\"updateId\":1,\"updateTime\":1781108397000},{\"component\":\"system/system-user/index\",\"createId\":1,\"createTime\":1781113852000,\"hidden\":false,\"icon\":\"system\",\"id\":720092589008617472,\"menuName\":\"分配系统\",\"menuType\":\"C\",\"meta\":{\"icon\":\"system\",\"noCache\":false,\"title\":\"分配系统\"},\"name\":\"SystemUserAssign\",\"orderNum\":2,\"parentId\":800,\"path\":\"system-user\",\"perms\":\"system:user:list\",\"redirect\":\"noRedirect\",\"routeName\":\"SystemUserAssign\",\"status\":1,\"updateId\":1,\"updateTime\":1781113884000}],\"component\":\"Layout\",\"createId\":1,\"createTime\":1781119018000,\"hidden\":false,\"icon\":\"guide\",\"id\":800,\"menuName\":\"身份与门户\",\"menuType\":\"M\",\"meta\":{\"icon\":\"guide\",\"noCache\":false,\"title\":\"身份与门户\"},\"name\":\"Portal\",\"orderNum\":1,\"parentId\":0,\"path\":\"/portal\",\"redirect\":\"noRedirect\",\"routeName\":\"Portal\",\"status\":1,\"updateId\":1,\"updateTime\":1781119018000},{\"alwaysShow\":true,\"children\":[{\"component\":\"system/user/index\",\"hidden\":false,\"icon\":\"user\",\"id\":2,\"menuName\":\"用户管理\",\"menuType\":\"C\",\"meta\":{\"icon\":\"user\",\"noCache\":false,\"title\":\"用户管理\"},\"name\":\"User\",\"orderNum\":1,\"parentId\":1,\"path\":\"user\",\"perms\":\"system:user:list\",\"redirect\":\"noRedirect\",\"status\":1},{\"component\":\"system/role/index\",\"hidden\":false,\"icon\":\"peoples\",\"id\":3,\"menuName\":\"角色管理\",\"menuType\":\"C\",\"meta\":{\"icon\":\"peoples\",\"noCache\"', 1, '2026-06-11 19:55:38');
INSERT INTO `sys_operation_log` VALUES (720365593248661504, '进入系统', 1, 'com.moli.system.controller.SystemController.enter()', 'POST', 'test', '127.0.0.1', '/system/enter', '{\"systemId\":1}', '{\"code\":200,\"data\":{\"currentSystem\":{\"baseUrl\":\"http://localhost:9528\",\"icon\":\"system\",\"id\":1,\"isDefault\":true,\"sort\":1,\"ssoMode\":\"INTERNAL\",\"systemCode\":\"moli-admin\",\"systemGroup\":\"governance\",\"systemName\":\"moli-admin 管理后台\"},\"fullPermission\":false,\"hubToken\":\"login_token_1b43e1ca-7927-4243-b8d9-9514c97cd37c\",\"menuVoList\":[{\"alwaysShow\":true,\"children\":[{\"component\":\"system/system/index\",\"createId\":1,\"createTime\":1781108375000,\"hidden\":false,\"icon\":\"system\",\"id\":720069615614427136,\"menuName\":\"系统注册\",\"menuType\":\"C\",\"meta\":{\"icon\":\"system\",\"noCache\":false,\"title\":\"系统注册\"},\"name\":\"SystemRegistry\",\"orderNum\":1,\"parentId\":800,\"path\":\"system\",\"perms\":\"system:system:list\",\"redirect\":\"noRedirect\",\"routeName\":\"SystemRegistry\",\"status\":1,\"updateId\":1,\"updateTime\":1781108397000},{\"component\":\"system/system-user/index\",\"createId\":1,\"createTime\":1781113852000,\"hidden\":false,\"icon\":\"system\",\"id\":720092589008617472,\"menuName\":\"分配系统\",\"menuType\":\"C\",\"meta\":{\"icon\":\"system\",\"noCache\":false,\"title\":\"分配系统\"},\"name\":\"SystemUserAssign\",\"orderNum\":2,\"parentId\":800,\"path\":\"system-user\",\"perms\":\"system:user:list\",\"redirect\":\"noRedirect\",\"routeName\":\"SystemUserAssign\",\"status\":1,\"updateId\":1,\"updateTime\":1781113884000}],\"component\":\"Layout\",\"createId\":1,\"createTime\":1781119018000,\"hidden\":false,\"icon\":\"guide\",\"id\":800,\"menuName\":\"身份与门户\",\"menuType\":\"M\",\"meta\":{\"icon\":\"guide\",\"noCache\":false,\"title\":\"身份与门户\"},\"name\":\"Portal\",\"orderNum\":1,\"parentId\":0,\"path\":\"/portal\",\"redirect\":\"noRedirect\",\"routeName\":\"Portal\",\"status\":1,\"updateId\":1,\"updateTime\":1781119018000},{\"alwaysShow\":true,\"children\":[{\"component\":\"system/user/index\",\"hidden\":false,\"icon\":\"user\",\"id\":2,\"menuName\":\"用户管理\",\"menuType\":\"C\",\"meta\":{\"icon\":\"user\",\"noCache\":false,\"title\":\"用户管理\"},\"name\":\"User\",\"orderNum\":1,\"parentId\":1,\"path\":\"user\",\"perms\":\"system:user:list\",\"redirect\":\"noRedirect\",\"status\":1},{\"component\":\"system/role/index\",\"hidden\":false,\"icon\":\"peoples\",\"id\":3,\"menuName\":\"角色管理\",\"menuType\":\"C\",\"meta\":{\"icon\":\"peoples\",\"noCache\"', 1, '2026-06-11 19:55:41');
INSERT INTO `sys_operation_log` VALUES (720369783467409408, '进入系统', 1, 'com.moli.system.controller.SystemController.enter()', 'POST', 'superadmin', '127.0.0.1', '/system/enter', '{\"systemId\":1}', '{\"code\":200,\"data\":{\"currentSystem\":{\"baseUrl\":\"http://localhost:9528\",\"icon\":\"system\",\"id\":1,\"isDefault\":true,\"sort\":1,\"ssoMode\":\"INTERNAL\",\"systemCode\":\"moli-admin\",\"systemGroup\":\"governance\",\"systemName\":\"moli-admin 管理后台\"},\"fullPermission\":true,\"hubToken\":\"login_token_bd5aaa90-8f8b-46b1-8e05-82132804bb97\",\"menuVoList\":[{\"alwaysShow\":true,\"children\":[{\"component\":\"system/system/index\",\"createId\":1,\"createTime\":1781108375000,\"hidden\":false,\"icon\":\"system\",\"id\":720069615614427136,\"menuName\":\"系统注册\",\"menuType\":\"C\",\"meta\":{\"icon\":\"system\",\"noCache\":false,\"title\":\"系统注册\"},\"name\":\"SystemRegistry\",\"orderNum\":1,\"parentId\":800,\"path\":\"system\",\"perms\":\"system:system:list\",\"redirect\":\"noRedirect\",\"routeName\":\"SystemRegistry\",\"status\":1,\"updateId\":1,\"updateTime\":1781108397000},{\"component\":\"system/system-user/index\",\"createId\":1,\"createTime\":1781113852000,\"hidden\":false,\"icon\":\"system\",\"id\":720092589008617472,\"menuName\":\"分配系统\",\"menuType\":\"C\",\"meta\":{\"icon\":\"system\",\"noCache\":false,\"title\":\"分配系统\"},\"name\":\"SystemUserAssign\",\"orderNum\":2,\"parentId\":800,\"path\":\"system-user\",\"perms\":\"system:user:list\",\"redirect\":\"noRedirect\",\"routeName\":\"SystemUserAssign\",\"status\":1,\"updateId\":1,\"updateTime\":1781113884000}],\"component\":\"Layout\",\"createId\":1,\"createTime\":1781119018000,\"hidden\":false,\"icon\":\"guide\",\"id\":800,\"menuName\":\"身份与门户\",\"menuType\":\"M\",\"meta\":{\"icon\":\"guide\",\"noCache\":false,\"title\":\"身份与门户\"},\"name\":\"Portal\",\"orderNum\":1,\"parentId\":0,\"path\":\"/portal\",\"redirect\":\"noRedirect\",\"routeName\":\"Portal\",\"status\":1,\"updateId\":1,\"updateTime\":1781119018000},{\"alwaysShow\":true,\"children\":[{\"component\":\"system/user/index\",\"hidden\":false,\"icon\":\"user\",\"id\":2,\"menuName\":\"用户管理\",\"menuType\":\"C\",\"meta\":{\"icon\":\"user\",\"noCache\":false,\"title\":\"用户管理\"},\"name\":\"User\",\"orderNum\":1,\"parentId\":1,\"path\":\"user\",\"perms\":\"system:user:list\",\"redirect\":\"noRedirect\",\"status\":1},{\"component\":\"system/role/index\",\"hidden\":false,\"icon\":\"peoples\",\"id\":3,\"menuName\":\"角色管理\",\"menuType\":\"C\",\"meta\":{\"icon\":\"peoples\",\"noCache\":', 1, '2026-06-11 20:12:20');
INSERT INTO `sys_operation_log` VALUES (720370333256777728, '进入系统', 1, 'com.moli.system.controller.SystemController.enter()', 'POST', 'test', '127.0.0.1', '/system/enter', '{\"systemId\":1}', '{\"code\":200,\"data\":{\"currentSystem\":{\"baseUrl\":\"http://localhost:9528\",\"icon\":\"system\",\"id\":1,\"isDefault\":true,\"sort\":1,\"ssoMode\":\"INTERNAL\",\"systemCode\":\"moli-admin\",\"systemGroup\":\"governance\",\"systemName\":\"moli-admin 管理后台\"},\"fullPermission\":false,\"hubToken\":\"login_token_1b43e1ca-7927-4243-b8d9-9514c97cd37c\",\"menuVoList\":[{\"alwaysShow\":true,\"children\":[{\"component\":\"system/system/index\",\"createId\":1,\"createTime\":1781108375000,\"hidden\":false,\"icon\":\"system\",\"id\":720069615614427136,\"menuName\":\"系统注册\",\"menuType\":\"C\",\"meta\":{\"icon\":\"system\",\"noCache\":false,\"title\":\"系统注册\"},\"name\":\"SystemRegistry\",\"orderNum\":1,\"parentId\":800,\"path\":\"system\",\"perms\":\"system:system:list\",\"redirect\":\"noRedirect\",\"routeName\":\"SystemRegistry\",\"status\":1,\"updateId\":1,\"updateTime\":1781108397000},{\"component\":\"system/system-user/index\",\"createId\":1,\"createTime\":1781113852000,\"hidden\":false,\"icon\":\"system\",\"id\":720092589008617472,\"menuName\":\"分配系统\",\"menuType\":\"C\",\"meta\":{\"icon\":\"system\",\"noCache\":false,\"title\":\"分配系统\"},\"name\":\"SystemUserAssign\",\"orderNum\":2,\"parentId\":800,\"path\":\"system-user\",\"perms\":\"system:user:list\",\"redirect\":\"noRedirect\",\"routeName\":\"SystemUserAssign\",\"status\":1,\"updateId\":1,\"updateTime\":1781113884000}],\"component\":\"Layout\",\"createId\":1,\"createTime\":1781119018000,\"hidden\":false,\"icon\":\"guide\",\"id\":800,\"menuName\":\"身份与门户\",\"menuType\":\"M\",\"meta\":{\"icon\":\"guide\",\"noCache\":false,\"title\":\"身份与门户\"},\"name\":\"Portal\",\"orderNum\":1,\"parentId\":0,\"path\":\"/portal\",\"redirect\":\"noRedirect\",\"routeName\":\"Portal\",\"status\":1,\"updateId\":1,\"updateTime\":1781119018000},{\"alwaysShow\":true,\"children\":[{\"component\":\"system/user/index\",\"hidden\":false,\"icon\":\"user\",\"id\":2,\"menuName\":\"用户管理\",\"menuType\":\"C\",\"meta\":{\"icon\":\"user\",\"noCache\":false,\"title\":\"用户管理\"},\"name\":\"User\",\"orderNum\":1,\"parentId\":1,\"path\":\"user\",\"perms\":\"system:user:list\",\"redirect\":\"noRedirect\",\"status\":1},{\"component\":\"system/role/index\",\"hidden\":false,\"icon\":\"peoples\",\"id\":3,\"menuName\":\"角色管理\",\"menuType\":\"C\",\"meta\":{\"icon\":\"peoples\",\"noCache\"', 1, '2026-06-11 20:14:31');
INSERT INTO `sys_operation_log` VALUES (720372516337483776, '进入系统', 1, 'com.moli.system.controller.SystemController.enter()', 'POST', 'test', '127.0.0.1', '/system/enter', '{\"systemId\":1}', '{\"code\":200,\"data\":{\"currentSystem\":{\"baseUrl\":\"http://localhost:9528\",\"icon\":\"system\",\"id\":1,\"isDefault\":true,\"sort\":1,\"ssoMode\":\"INTERNAL\",\"systemCode\":\"moli-admin\",\"systemGroup\":\"governance\",\"systemName\":\"moli-admin 管理后台\"},\"fullPermission\":false,\"hubToken\":\"login_token_b310c2ce-c96b-4632-8df5-e7bfc7517b2f\",\"menuVoList\":[{\"alwaysShow\":true,\"children\":[{\"component\":\"system/system/index\",\"createId\":1,\"createTime\":1781108375000,\"hidden\":false,\"icon\":\"system\",\"id\":720069615614427136,\"menuName\":\"系统注册\",\"menuType\":\"C\",\"meta\":{\"icon\":\"system\",\"noCache\":false,\"title\":\"系统注册\"},\"name\":\"SystemRegistry\",\"orderNum\":1,\"parentId\":800,\"path\":\"system\",\"perms\":\"system:system:list\",\"redirect\":\"noRedirect\",\"routeName\":\"SystemRegistry\",\"status\":1,\"updateId\":1,\"updateTime\":1781108397000},{\"component\":\"system/system-user/index\",\"createId\":1,\"createTime\":1781113852000,\"hidden\":false,\"icon\":\"system\",\"id\":720092589008617472,\"menuName\":\"分配系统\",\"menuType\":\"C\",\"meta\":{\"icon\":\"system\",\"noCache\":false,\"title\":\"分配系统\"},\"name\":\"SystemUserAssign\",\"orderNum\":2,\"parentId\":800,\"path\":\"system-user\",\"perms\":\"system:user:list\",\"redirect\":\"noRedirect\",\"routeName\":\"SystemUserAssign\",\"status\":1,\"updateId\":1,\"updateTime\":1781113884000}],\"component\":\"Layout\",\"createId\":1,\"createTime\":1781119018000,\"hidden\":false,\"icon\":\"guide\",\"id\":800,\"menuName\":\"身份与门户\",\"menuType\":\"M\",\"meta\":{\"icon\":\"guide\",\"noCache\":false,\"title\":\"身份与门户\"},\"name\":\"Portal\",\"orderNum\":1,\"parentId\":0,\"path\":\"/portal\",\"redirect\":\"noRedirect\",\"routeName\":\"Portal\",\"status\":1,\"updateId\":1,\"updateTime\":1781119018000},{\"alwaysShow\":true,\"children\":[{\"component\":\"system/user/index\",\"hidden\":false,\"icon\":\"user\",\"id\":2,\"menuName\":\"用户管理\",\"menuType\":\"C\",\"meta\":{\"icon\":\"user\",\"noCache\":false,\"title\":\"用户管理\"},\"name\":\"User\",\"orderNum\":1,\"parentId\":1,\"path\":\"user\",\"perms\":\"system:user:list\",\"redirect\":\"noRedirect\",\"status\":1},{\"component\":\"system/role/index\",\"hidden\":false,\"icon\":\"peoples\",\"id\":3,\"menuName\":\"角色管理\",\"menuType\":\"C\",\"meta\":{\"icon\":\"peoples\",\"noCache\"', 1, '2026-06-11 20:23:12');
INSERT INTO `sys_operation_log` VALUES (720372619957764096, '进入系统', 1, 'com.moli.system.controller.SystemController.enter()', 'POST', 'test', '127.0.0.1', '/system/enter', '{\"systemId\":1}', '{\"code\":200,\"data\":{\"currentSystem\":{\"baseUrl\":\"http://localhost:9528\",\"icon\":\"system\",\"id\":1,\"isDefault\":true,\"sort\":1,\"ssoMode\":\"INTERNAL\",\"systemCode\":\"moli-admin\",\"systemGroup\":\"governance\",\"systemName\":\"moli-admin 管理后台\"},\"fullPermission\":false,\"hubToken\":\"login_token_b0b5032e-b18a-4215-81ff-6209f07a1a0b\",\"menuVoList\":[{\"alwaysShow\":true,\"children\":[{\"component\":\"system/system/index\",\"createId\":1,\"createTime\":1781108375000,\"hidden\":false,\"icon\":\"system\",\"id\":720069615614427136,\"menuName\":\"系统注册\",\"menuType\":\"C\",\"meta\":{\"icon\":\"system\",\"noCache\":false,\"title\":\"系统注册\"},\"name\":\"SystemRegistry\",\"orderNum\":1,\"parentId\":800,\"path\":\"system\",\"perms\":\"system:system:list\",\"redirect\":\"noRedirect\",\"routeName\":\"SystemRegistry\",\"status\":1,\"updateId\":1,\"updateTime\":1781108397000},{\"component\":\"system/system-user/index\",\"createId\":1,\"createTime\":1781113852000,\"hidden\":false,\"icon\":\"system\",\"id\":720092589008617472,\"menuName\":\"分配系统\",\"menuType\":\"C\",\"meta\":{\"icon\":\"system\",\"noCache\":false,\"title\":\"分配系统\"},\"name\":\"SystemUserAssign\",\"orderNum\":2,\"parentId\":800,\"path\":\"system-user\",\"perms\":\"system:user:list\",\"redirect\":\"noRedirect\",\"routeName\":\"SystemUserAssign\",\"status\":1,\"updateId\":1,\"updateTime\":1781113884000}],\"component\":\"Layout\",\"createId\":1,\"createTime\":1781119018000,\"hidden\":false,\"icon\":\"guide\",\"id\":800,\"menuName\":\"身份与门户\",\"menuType\":\"M\",\"meta\":{\"icon\":\"guide\",\"noCache\":false,\"title\":\"身份与门户\"},\"name\":\"Portal\",\"orderNum\":1,\"parentId\":0,\"path\":\"/portal\",\"redirect\":\"noRedirect\",\"routeName\":\"Portal\",\"status\":1,\"updateId\":1,\"updateTime\":1781119018000},{\"alwaysShow\":true,\"children\":[{\"component\":\"system/user/index\",\"hidden\":false,\"icon\":\"user\",\"id\":2,\"menuName\":\"用户管理\",\"menuType\":\"C\",\"meta\":{\"icon\":\"user\",\"noCache\":false,\"title\":\"用户管理\"},\"name\":\"User\",\"orderNum\":1,\"parentId\":1,\"path\":\"user\",\"perms\":\"system:user:list\",\"redirect\":\"noRedirect\",\"status\":1},{\"component\":\"system/role/index\",\"hidden\":false,\"icon\":\"peoples\",\"id\":3,\"menuName\":\"角色管理\",\"menuType\":\"C\",\"meta\":{\"icon\":\"peoples\",\"noCache\"', 1, '2026-06-11 20:23:36');
INSERT INTO `sys_operation_log` VALUES (720375215342747648, '进入系统', 1, 'com.moli.system.controller.SystemController.enter()', 'POST', 'test', '127.0.0.1', '/system/enter', '{\"systemId\":1}', '{\"code\":200,\"data\":{\"currentSystem\":{\"baseUrl\":\"http://localhost:9528\",\"icon\":\"system\",\"id\":1,\"isDefault\":true,\"sort\":1,\"ssoMode\":\"INTERNAL\",\"systemCode\":\"moli-admin\",\"systemGroup\":\"governance\",\"systemName\":\"moli-admin 管理后台\"},\"fullPermission\":false,\"hubToken\":\"login_token_07b08a7e-d511-443a-8d12-3620bd53d29e\",\"menuVoList\":[{\"alwaysShow\":true,\"children\":[{\"component\":\"system/system/index\",\"createId\":1,\"createTime\":1781108375000,\"hidden\":false,\"icon\":\"system\",\"id\":720069615614427136,\"menuName\":\"系统注册\",\"menuType\":\"C\",\"meta\":{\"icon\":\"system\",\"noCache\":false,\"title\":\"系统注册\"},\"name\":\"SystemRegistry\",\"orderNum\":1,\"parentId\":800,\"path\":\"system\",\"perms\":\"system:system:list\",\"redirect\":\"noRedirect\",\"routeName\":\"SystemRegistry\",\"status\":1,\"updateId\":1,\"updateTime\":1781108397000},{\"component\":\"system/system-user/index\",\"createId\":1,\"createTime\":1781113852000,\"hidden\":false,\"icon\":\"system\",\"id\":720092589008617472,\"menuName\":\"分配系统\",\"menuType\":\"C\",\"meta\":{\"icon\":\"system\",\"noCache\":false,\"title\":\"分配系统\"},\"name\":\"SystemUserAssign\",\"orderNum\":2,\"parentId\":800,\"path\":\"system-user\",\"perms\":\"system:user:list\",\"redirect\":\"noRedirect\",\"routeName\":\"SystemUserAssign\",\"status\":1,\"updateId\":1,\"updateTime\":1781113884000}],\"component\":\"Layout\",\"createId\":1,\"createTime\":1781119018000,\"hidden\":false,\"icon\":\"guide\",\"id\":800,\"menuName\":\"身份与门户\",\"menuType\":\"M\",\"meta\":{\"icon\":\"guide\",\"noCache\":false,\"title\":\"身份与门户\"},\"name\":\"Portal\",\"orderNum\":1,\"parentId\":0,\"path\":\"/portal\",\"redirect\":\"noRedirect\",\"routeName\":\"Portal\",\"status\":1,\"updateId\":1,\"updateTime\":1781119018000},{\"alwaysShow\":true,\"children\":[{\"component\":\"system/user/index\",\"hidden\":false,\"icon\":\"user\",\"id\":2,\"menuName\":\"用户管理\",\"menuType\":\"C\",\"meta\":{\"icon\":\"user\",\"noCache\":false,\"title\":\"用户管理\"},\"name\":\"User\",\"orderNum\":1,\"parentId\":1,\"path\":\"user\",\"perms\":\"system:user:list\",\"redirect\":\"noRedirect\",\"status\":1},{\"component\":\"system/role/index\",\"hidden\":false,\"icon\":\"peoples\",\"id\":3,\"menuName\":\"角色管理\",\"menuType\":\"C\",\"meta\":{\"icon\":\"peoples\",\"noCache\"', 1, '2026-06-11 20:33:55');
INSERT INTO `sys_operation_log` VALUES (720414745189941248, '进入系统', 1, 'com.moli.system.controller.SystemController.enter()', 'POST', 'test', '127.0.0.1', '/system/enter', '{\"systemId\":1}', '{\"code\":200,\"data\":{\"currentSystem\":{\"baseUrl\":\"http://localhost:9528\",\"icon\":\"system\",\"id\":1,\"isDefault\":true,\"sort\":1,\"ssoMode\":\"INTERNAL\",\"systemCode\":\"moli-admin\",\"systemGroup\":\"governance\",\"systemName\":\"moli-admin 管理后台\"},\"fullPermission\":false,\"hubToken\":\"login_token_20945455-bb78-4f98-861b-8622b612748e\",\"menuVoList\":[{\"alwaysShow\":true,\"children\":[{\"component\":\"system/system/index\",\"createId\":1,\"createTime\":1781108375000,\"hidden\":false,\"icon\":\"system\",\"id\":720069615614427136,\"menuName\":\"系统注册\",\"menuType\":\"C\",\"meta\":{\"icon\":\"system\",\"noCache\":false,\"title\":\"系统注册\"},\"name\":\"SystemRegistry\",\"orderNum\":1,\"parentId\":800,\"path\":\"system\",\"perms\":\"system:system:list\",\"redirect\":\"noRedirect\",\"routeName\":\"SystemRegistry\",\"status\":1,\"updateId\":1,\"updateTime\":1781108397000},{\"component\":\"system/system-user/index\",\"createId\":1,\"createTime\":1781113852000,\"hidden\":false,\"icon\":\"system\",\"id\":720092589008617472,\"menuName\":\"分配系统\",\"menuType\":\"C\",\"meta\":{\"icon\":\"system\",\"noCache\":false,\"title\":\"分配系统\"},\"name\":\"SystemUserAssign\",\"orderNum\":2,\"parentId\":800,\"path\":\"system-user\",\"perms\":\"system:user:list\",\"redirect\":\"noRedirect\",\"routeName\":\"SystemUserAssign\",\"status\":1,\"updateId\":1,\"updateTime\":1781113884000}],\"component\":\"Layout\",\"createId\":1,\"createTime\":1781119018000,\"hidden\":false,\"icon\":\"guide\",\"id\":800,\"menuName\":\"身份与门户\",\"menuType\":\"M\",\"meta\":{\"icon\":\"guide\",\"noCache\":false,\"title\":\"身份与门户\"},\"name\":\"Portal\",\"orderNum\":1,\"parentId\":0,\"path\":\"/portal\",\"redirect\":\"noRedirect\",\"routeName\":\"Portal\",\"status\":1,\"updateId\":1,\"updateTime\":1781119018000},{\"alwaysShow\":true,\"children\":[{\"component\":\"system/user/index\",\"hidden\":false,\"icon\":\"user\",\"id\":2,\"menuName\":\"用户管理\",\"menuType\":\"C\",\"meta\":{\"icon\":\"user\",\"noCache\":false,\"title\":\"用户管理\"},\"name\":\"User\",\"orderNum\":1,\"parentId\":1,\"path\":\"user\",\"perms\":\"system:user:list\",\"redirect\":\"noRedirect\",\"status\":1},{\"component\":\"system/role/index\",\"hidden\":false,\"icon\":\"peoples\",\"id\":3,\"menuName\":\"角色管理\",\"menuType\":\"C\",\"meta\":{\"icon\":\"peoples\",\"noCache\"', 1, '2026-06-11 23:11:00');
INSERT INTO `sys_operation_log` VALUES (720416593653268480, '进入系统', 1, 'com.moli.system.controller.SystemController.enter()', 'POST', 'test', '127.0.0.1', '/system/enter', '{\"systemId\":1}', '{\"code\":200,\"data\":{\"currentSystem\":{\"baseUrl\":\"http://localhost:9528\",\"icon\":\"system\",\"id\":1,\"isDefault\":true,\"sort\":1,\"ssoMode\":\"INTERNAL\",\"systemCode\":\"moli-admin\",\"systemGroup\":\"governance\",\"systemName\":\"moli-admin 管理后台\"},\"fullPermission\":false,\"hubToken\":\"login_token_20945455-bb78-4f98-861b-8622b612748e\",\"menuVoList\":[{\"alwaysShow\":true,\"children\":[{\"component\":\"system/system/index\",\"createId\":1,\"createTime\":1781108375000,\"hidden\":false,\"icon\":\"system\",\"id\":720069615614427136,\"menuName\":\"系统注册\",\"menuType\":\"C\",\"meta\":{\"icon\":\"system\",\"noCache\":false,\"title\":\"系统注册\"},\"name\":\"SystemRegistry\",\"orderNum\":1,\"parentId\":800,\"path\":\"system\",\"perms\":\"system:system:list\",\"redirect\":\"noRedirect\",\"routeName\":\"SystemRegistry\",\"status\":1,\"updateId\":1,\"updateTime\":1781108397000},{\"component\":\"system/system-user/index\",\"createId\":1,\"createTime\":1781113852000,\"hidden\":false,\"icon\":\"system\",\"id\":720092589008617472,\"menuName\":\"分配系统\",\"menuType\":\"C\",\"meta\":{\"icon\":\"system\",\"noCache\":false,\"title\":\"分配系统\"},\"name\":\"SystemUserAssign\",\"orderNum\":2,\"parentId\":800,\"path\":\"system-user\",\"perms\":\"system:user:list\",\"redirect\":\"noRedirect\",\"routeName\":\"SystemUserAssign\",\"status\":1,\"updateId\":1,\"updateTime\":1781113884000}],\"component\":\"Layout\",\"createId\":1,\"createTime\":1781119018000,\"hidden\":false,\"icon\":\"guide\",\"id\":800,\"menuName\":\"身份与门户\",\"menuType\":\"M\",\"meta\":{\"icon\":\"guide\",\"noCache\":false,\"title\":\"身份与门户\"},\"name\":\"Portal\",\"orderNum\":1,\"parentId\":0,\"path\":\"/portal\",\"redirect\":\"noRedirect\",\"routeName\":\"Portal\",\"status\":1,\"updateId\":1,\"updateTime\":1781119018000},{\"alwaysShow\":true,\"children\":[{\"component\":\"system/user/index\",\"hidden\":false,\"icon\":\"user\",\"id\":2,\"menuName\":\"用户管理\",\"menuType\":\"C\",\"meta\":{\"icon\":\"user\",\"noCache\":false,\"title\":\"用户管理\"},\"name\":\"User\",\"orderNum\":1,\"parentId\":1,\"path\":\"user\",\"perms\":\"system:user:list\",\"redirect\":\"noRedirect\",\"status\":1},{\"component\":\"system/role/index\",\"hidden\":false,\"icon\":\"peoples\",\"id\":3,\"menuName\":\"角色管理\",\"menuType\":\"C\",\"meta\":{\"icon\":\"peoples\",\"noCache\"', 1, '2026-06-11 23:18:21');
INSERT INTO `sys_operation_log` VALUES (720420607258263552, '进入系统', 1, 'com.moli.system.controller.SystemController.enter()', 'POST', 'test', '127.0.0.1', '/system/enter', '{\"systemId\":1}', '{\"code\":200,\"data\":{\"currentSystem\":{\"baseUrl\":\"http://localhost:9528\",\"icon\":\"system\",\"id\":1,\"isDefault\":true,\"sort\":1,\"ssoMode\":\"INTERNAL\",\"systemCode\":\"moli-admin\",\"systemGroup\":\"governance\",\"systemName\":\"moli-admin 管理后台\"},\"fullPermission\":false,\"hubToken\":\"login_token_25410690-b326-40e6-a13c-2ae03458ce23\",\"menuVoList\":[{\"alwaysShow\":true,\"children\":[{\"component\":\"system/system/index\",\"createId\":1,\"createTime\":1781108375000,\"hidden\":false,\"icon\":\"system\",\"id\":720069615614427136,\"menuName\":\"系统注册\",\"menuType\":\"C\",\"meta\":{\"icon\":\"system\",\"noCache\":false,\"title\":\"系统注册\"},\"name\":\"SystemRegistry\",\"orderNum\":1,\"parentId\":800,\"path\":\"system\",\"perms\":\"system:system:list\",\"redirect\":\"noRedirect\",\"routeName\":\"SystemRegistry\",\"status\":1,\"updateId\":1,\"updateTime\":1781108397000},{\"component\":\"system/system-user/index\",\"createId\":1,\"createTime\":1781113852000,\"hidden\":false,\"icon\":\"system\",\"id\":720092589008617472,\"menuName\":\"分配系统\",\"menuType\":\"C\",\"meta\":{\"icon\":\"system\",\"noCache\":false,\"title\":\"分配系统\"},\"name\":\"SystemUserAssign\",\"orderNum\":2,\"parentId\":800,\"path\":\"system-user\",\"perms\":\"system:user:list\",\"redirect\":\"noRedirect\",\"routeName\":\"SystemUserAssign\",\"status\":1,\"updateId\":1,\"updateTime\":1781113884000}],\"component\":\"Layout\",\"createId\":1,\"createTime\":1781119018000,\"hidden\":false,\"icon\":\"guide\",\"id\":800,\"menuName\":\"身份与门户\",\"menuType\":\"M\",\"meta\":{\"icon\":\"guide\",\"noCache\":false,\"title\":\"身份与门户\"},\"name\":\"Portal\",\"orderNum\":1,\"parentId\":0,\"path\":\"/portal\",\"redirect\":\"noRedirect\",\"routeName\":\"Portal\",\"status\":1,\"updateId\":1,\"updateTime\":1781119018000},{\"alwaysShow\":true,\"children\":[{\"component\":\"system/user/index\",\"hidden\":false,\"icon\":\"user\",\"id\":2,\"menuName\":\"用户管理\",\"menuType\":\"C\",\"meta\":{\"icon\":\"user\",\"noCache\":false,\"title\":\"用户管理\"},\"name\":\"User\",\"orderNum\":1,\"parentId\":1,\"path\":\"user\",\"perms\":\"system:user:list\",\"redirect\":\"noRedirect\",\"status\":1},{\"component\":\"system/role/index\",\"hidden\":false,\"icon\":\"peoples\",\"id\":3,\"menuName\":\"角色管理\",\"menuType\":\"C\",\"meta\":{\"icon\":\"peoples\",\"noCache\"', 1, '2026-06-11 23:34:18');
INSERT INTO `sys_operation_log` VALUES (720422404987289600, '进入系统', 1, 'com.moli.system.controller.SystemController.enter()', 'POST', 'test', '127.0.0.1', '/system/enter', '{\"systemId\":1}', '{\"code\":200,\"data\":{\"currentSystem\":{\"baseUrl\":\"http://localhost:9528\",\"icon\":\"system\",\"id\":1,\"isDefault\":true,\"sort\":1,\"ssoMode\":\"INTERNAL\",\"systemCode\":\"moli-admin\",\"systemGroup\":\"governance\",\"systemName\":\"moli-admin 管理后台\"},\"fullPermission\":false,\"hubToken\":\"login_token_09316b77-a0c1-4be9-800f-d506d3a69f33\",\"menuVoList\":[{\"alwaysShow\":true,\"children\":[{\"component\":\"system/system/index\",\"createId\":1,\"createTime\":1781108375000,\"hidden\":false,\"icon\":\"system\",\"id\":720069615614427136,\"menuName\":\"系统注册\",\"menuType\":\"C\",\"meta\":{\"icon\":\"system\",\"noCache\":false,\"title\":\"系统注册\"},\"name\":\"SystemRegistry\",\"orderNum\":1,\"parentId\":800,\"path\":\"system\",\"perms\":\"system:system:list\",\"redirect\":\"noRedirect\",\"routeName\":\"SystemRegistry\",\"status\":1,\"updateId\":1,\"updateTime\":1781108397000},{\"component\":\"system/system-user/index\",\"createId\":1,\"createTime\":1781113852000,\"hidden\":false,\"icon\":\"system\",\"id\":720092589008617472,\"menuName\":\"分配系统\",\"menuType\":\"C\",\"meta\":{\"icon\":\"system\",\"noCache\":false,\"title\":\"分配系统\"},\"name\":\"SystemUserAssign\",\"orderNum\":2,\"parentId\":800,\"path\":\"system-user\",\"perms\":\"system:user:list\",\"redirect\":\"noRedirect\",\"routeName\":\"SystemUserAssign\",\"status\":1,\"updateId\":1,\"updateTime\":1781113884000}],\"component\":\"Layout\",\"createId\":1,\"createTime\":1781119018000,\"hidden\":false,\"icon\":\"guide\",\"id\":800,\"menuName\":\"身份与门户\",\"menuType\":\"M\",\"meta\":{\"icon\":\"guide\",\"noCache\":false,\"title\":\"身份与门户\"},\"name\":\"Portal\",\"orderNum\":1,\"parentId\":0,\"path\":\"/portal\",\"redirect\":\"noRedirect\",\"routeName\":\"Portal\",\"status\":1,\"updateId\":1,\"updateTime\":1781119018000},{\"alwaysShow\":true,\"children\":[{\"component\":\"system/user/index\",\"hidden\":false,\"icon\":\"user\",\"id\":2,\"menuName\":\"用户管理\",\"menuType\":\"C\",\"meta\":{\"icon\":\"user\",\"noCache\":false,\"title\":\"用户管理\"},\"name\":\"User\",\"orderNum\":1,\"parentId\":1,\"path\":\"user\",\"perms\":\"system:user:list\",\"redirect\":\"noRedirect\",\"status\":1},{\"component\":\"system/role/index\",\"hidden\":false,\"icon\":\"peoples\",\"id\":3,\"menuName\":\"角色管理\",\"menuType\":\"C\",\"meta\":{\"icon\":\"peoples\",\"noCache\"', 1, '2026-06-11 23:41:26');
INSERT INTO `sys_operation_log` VALUES (720546238155456512, '进入系统', 1, 'com.moli.system.controller.SystemController.enter()', 'POST', 'test', '127.0.0.1', '/system/enter', '{\"systemId\":1}', '{\"code\":200,\"data\":{\"currentSystem\":{\"baseUrl\":\"http://localhost:9528\",\"icon\":\"system\",\"id\":1,\"isDefault\":true,\"sort\":1,\"ssoMode\":\"INTERNAL\",\"systemCode\":\"moli-admin\",\"systemGroup\":\"governance\",\"systemName\":\"moli-admin 管理后台\"},\"fullPermission\":false,\"hubToken\":\"login_token_09316b77-a0c1-4be9-800f-d506d3a69f33\",\"menuVoList\":[{\"alwaysShow\":true,\"children\":[{\"component\":\"system/system/index\",\"createId\":1,\"createTime\":1781108375000,\"hidden\":false,\"icon\":\"system\",\"id\":720069615614427136,\"menuName\":\"系统注册\",\"menuType\":\"C\",\"meta\":{\"icon\":\"system\",\"noCache\":false,\"title\":\"系统注册\"},\"name\":\"SystemRegistry\",\"orderNum\":1,\"parentId\":800,\"path\":\"system\",\"perms\":\"system:system:list\",\"redirect\":\"noRedirect\",\"routeName\":\"SystemRegistry\",\"status\":1,\"updateId\":1,\"updateTime\":1781108397000},{\"component\":\"system/system-user/index\",\"createId\":1,\"createTime\":1781113852000,\"hidden\":false,\"icon\":\"system\",\"id\":720092589008617472,\"menuName\":\"分配系统\",\"menuType\":\"C\",\"meta\":{\"icon\":\"system\",\"noCache\":false,\"title\":\"分配系统\"},\"name\":\"SystemUserAssign\",\"orderNum\":2,\"parentId\":800,\"path\":\"system-user\",\"perms\":\"system:user:list\",\"redirect\":\"noRedirect\",\"routeName\":\"SystemUserAssign\",\"status\":1,\"updateId\":1,\"updateTime\":1781113884000}],\"component\":\"Layout\",\"createId\":1,\"createTime\":1781119018000,\"hidden\":false,\"icon\":\"guide\",\"id\":800,\"menuName\":\"身份与门户\",\"menuType\":\"M\",\"meta\":{\"icon\":\"guide\",\"noCache\":false,\"title\":\"身份与门户\"},\"name\":\"Portal\",\"orderNum\":1,\"parentId\":0,\"path\":\"/portal\",\"redirect\":\"noRedirect\",\"routeName\":\"Portal\",\"status\":1,\"updateId\":1,\"updateTime\":1781119018000},{\"alwaysShow\":true,\"children\":[{\"component\":\"system/user/index\",\"hidden\":false,\"icon\":\"user\",\"id\":2,\"menuName\":\"用户管理\",\"menuType\":\"C\",\"meta\":{\"icon\":\"user\",\"noCache\":false,\"title\":\"用户管理\"},\"name\":\"User\",\"orderNum\":1,\"parentId\":1,\"path\":\"user\",\"perms\":\"system:user:list\",\"redirect\":\"noRedirect\",\"status\":1},{\"component\":\"system/role/index\",\"hidden\":false,\"icon\":\"peoples\",\"id\":3,\"menuName\":\"角色管理\",\"menuType\":\"C\",\"meta\":{\"icon\":\"peoples\",\"noCache\"', 1, '2026-06-12 07:53:30');
INSERT INTO `sys_operation_log` VALUES (720642027296915456, '进入系统', 1, 'com.moli.system.controller.SystemController.enter()', 'POST', 'test', '127.0.0.1', '/system/enter', '{\"systemId\":1}', '{\"code\":200,\"data\":{\"currentSystem\":{\"baseUrl\":\"http://localhost:9528\",\"icon\":\"system\",\"id\":1,\"isDefault\":true,\"sort\":1,\"ssoMode\":\"INTERNAL\",\"systemCode\":\"moli-admin\",\"systemGroup\":\"governance\",\"systemName\":\"moli-admin 管理后台\"},\"fullPermission\":false,\"hubToken\":\"login_token_f8d1b8fd-d4f9-4b1f-9ed5-bbb18eb284fe\",\"menuVoList\":[{\"alwaysShow\":true,\"children\":[{\"component\":\"system/system/index\",\"createId\":1,\"createTime\":1781108375000,\"hidden\":false,\"icon\":\"system\",\"id\":720069615614427136,\"menuName\":\"系统注册\",\"menuType\":\"C\",\"meta\":{\"icon\":\"system\",\"noCache\":false,\"title\":\"系统注册\"},\"name\":\"SystemRegistry\",\"orderNum\":1,\"parentId\":800,\"path\":\"system\",\"perms\":\"system:system:list\",\"redirect\":\"noRedirect\",\"routeName\":\"SystemRegistry\",\"status\":1,\"updateId\":1,\"updateTime\":1781108397000},{\"component\":\"system/system-user/index\",\"createId\":1,\"createTime\":1781113852000,\"hidden\":false,\"icon\":\"system\",\"id\":720092589008617472,\"menuName\":\"分配系统\",\"menuType\":\"C\",\"meta\":{\"icon\":\"system\",\"noCache\":false,\"title\":\"分配系统\"},\"name\":\"SystemUserAssign\",\"orderNum\":2,\"parentId\":800,\"path\":\"system-user\",\"perms\":\"system:user:list\",\"redirect\":\"noRedirect\",\"routeName\":\"SystemUserAssign\",\"status\":1,\"updateId\":1,\"updateTime\":1781113884000}],\"component\":\"Layout\",\"createId\":1,\"createTime\":1781119018000,\"hidden\":false,\"icon\":\"guide\",\"id\":800,\"menuName\":\"身份与门户\",\"menuType\":\"M\",\"meta\":{\"icon\":\"guide\",\"noCache\":false,\"title\":\"身份与门户\"},\"name\":\"Portal\",\"orderNum\":1,\"parentId\":0,\"path\":\"/portal\",\"redirect\":\"noRedirect\",\"routeName\":\"Portal\",\"status\":1,\"updateId\":1,\"updateTime\":1781119018000},{\"alwaysShow\":true,\"children\":[{\"component\":\"system/user/index\",\"hidden\":false,\"icon\":\"user\",\"id\":2,\"menuName\":\"用户管理\",\"menuType\":\"C\",\"meta\":{\"icon\":\"user\",\"noCache\":false,\"title\":\"用户管理\"},\"name\":\"User\",\"orderNum\":1,\"parentId\":1,\"path\":\"user\",\"perms\":\"system:user:list\",\"redirect\":\"noRedirect\",\"status\":1},{\"component\":\"system/role/index\",\"hidden\":false,\"icon\":\"peoples\",\"id\":3,\"menuName\":\"角色管理\",\"menuType\":\"C\",\"meta\":{\"icon\":\"peoples\",\"noCache\"', 1, '2026-06-12 14:14:08');
INSERT INTO `sys_operation_log` VALUES (720690203097825280, '进入系统', 1, 'com.moli.system.controller.SystemController.enter()', 'POST', 'test', '127.0.0.1', '/system/enter', '{\"systemId\":1}', '{\"code\":200,\"data\":{\"currentSystem\":{\"baseUrl\":\"http://localhost:9528\",\"icon\":\"system\",\"id\":1,\"isDefault\":true,\"sort\":1,\"ssoMode\":\"INTERNAL\",\"systemCode\":\"moli-admin\",\"systemGroup\":\"governance\",\"systemName\":\"moli-admin 管理后台\"},\"fullPermission\":false,\"hubToken\":\"login_token_f8d1b8fd-d4f9-4b1f-9ed5-bbb18eb284fe\",\"menuVoList\":[{\"alwaysShow\":true,\"children\":[{\"component\":\"system/system/index\",\"createId\":1,\"createTime\":1781108375000,\"hidden\":false,\"icon\":\"system\",\"id\":720069615614427136,\"menuName\":\"系统注册\",\"menuType\":\"C\",\"meta\":{\"icon\":\"system\",\"noCache\":false,\"title\":\"系统注册\"},\"name\":\"SystemRegistry\",\"orderNum\":1,\"parentId\":800,\"path\":\"system\",\"perms\":\"system:system:list\",\"redirect\":\"noRedirect\",\"routeName\":\"SystemRegistry\",\"status\":1,\"updateId\":1,\"updateTime\":1781108397000},{\"component\":\"system/system-user/index\",\"createId\":1,\"createTime\":1781113852000,\"hidden\":false,\"icon\":\"system\",\"id\":720092589008617472,\"menuName\":\"分配系统\",\"menuType\":\"C\",\"meta\":{\"icon\":\"system\",\"noCache\":false,\"title\":\"分配系统\"},\"name\":\"SystemUserAssign\",\"orderNum\":2,\"parentId\":800,\"path\":\"system-user\",\"perms\":\"system:user:list\",\"redirect\":\"noRedirect\",\"routeName\":\"SystemUserAssign\",\"status\":1,\"updateId\":1,\"updateTime\":1781113884000}],\"component\":\"Layout\",\"createId\":1,\"createTime\":1781119018000,\"hidden\":false,\"icon\":\"guide\",\"id\":800,\"menuName\":\"身份与门户\",\"menuType\":\"M\",\"meta\":{\"icon\":\"guide\",\"noCache\":false,\"title\":\"身份与门户\"},\"name\":\"Portal\",\"orderNum\":1,\"parentId\":0,\"path\":\"/portal\",\"redirect\":\"noRedirect\",\"routeName\":\"Portal\",\"status\":1,\"updateId\":1,\"updateTime\":1781119018000},{\"alwaysShow\":true,\"children\":[{\"component\":\"system/user/index\",\"hidden\":false,\"icon\":\"user\",\"id\":2,\"menuName\":\"用户管理\",\"menuType\":\"C\",\"meta\":{\"icon\":\"user\",\"noCache\":false,\"title\":\"用户管理\"},\"name\":\"User\",\"orderNum\":1,\"parentId\":1,\"path\":\"user\",\"perms\":\"system:user:list\",\"redirect\":\"noRedirect\",\"status\":1},{\"component\":\"system/role/index\",\"hidden\":false,\"icon\":\"peoples\",\"id\":3,\"menuName\":\"角色管理\",\"menuType\":\"C\",\"meta\":{\"icon\":\"peoples\",\"noCache\"', 1, '2026-06-12 17:25:34');
INSERT INTO `sys_operation_log` VALUES (722981844663926784, '进入系统', 1, 'com.moli.system.controller.SystemController.enter()', 'POST', 'superadmin', '127.0.0.1', '/system/enter', '{\"systemId\":1}', '{\"code\":200,\"data\":{\"currentSystem\":{\"baseUrl\":\"http://localhost:9528\",\"icon\":\"system\",\"id\":1,\"isDefault\":true,\"sort\":1,\"ssoMode\":\"INTERNAL\",\"systemCode\":\"moli-admin\",\"systemGroup\":\"governance\",\"systemName\":\"moli-admin 管理后台\"},\"fullPermission\":true,\"hubToken\":\"login_token_1da6da35-6a8f-452a-9f20-43580f0ef00b\",\"menuVoList\":[{\"alwaysShow\":true,\"children\":[{\"component\":\"system/system/index\",\"createId\":1,\"createTime\":1781108375000,\"hidden\":false,\"icon\":\"system\",\"id\":720069615614427136,\"menuName\":\"系统注册\",\"menuType\":\"C\",\"meta\":{\"icon\":\"system\",\"noCache\":false,\"title\":\"系统注册\"},\"name\":\"SystemRegistry\",\"orderNum\":1,\"parentId\":800,\"path\":\"system\",\"perms\":\"system:system:list\",\"redirect\":\"noRedirect\",\"routeName\":\"SystemRegistry\",\"status\":1,\"updateId\":1,\"updateTime\":1781108397000},{\"component\":\"system/system-user/index\",\"createId\":1,\"createTime\":1781113852000,\"hidden\":false,\"icon\":\"system\",\"id\":720092589008617472,\"menuName\":\"分配系统\",\"menuType\":\"C\",\"meta\":{\"icon\":\"system\",\"noCache\":false,\"title\":\"分配系统\"},\"name\":\"SystemUserAssign\",\"orderNum\":2,\"parentId\":800,\"path\":\"system-user\",\"perms\":\"system:user:list\",\"redirect\":\"noRedirect\",\"routeName\":\"SystemUserAssign\",\"status\":1,\"updateId\":1,\"updateTime\":1781113884000}],\"component\":\"Layout\",\"createId\":1,\"createTime\":1781119018000,\"hidden\":false,\"icon\":\"guide\",\"id\":800,\"menuName\":\"身份与门户\",\"menuType\":\"M\",\"meta\":{\"icon\":\"guide\",\"noCache\":false,\"title\":\"身份与门户\"},\"name\":\"Portal\",\"orderNum\":1,\"parentId\":0,\"path\":\"/portal\",\"redirect\":\"noRedirect\",\"routeName\":\"Portal\",\"status\":1,\"updateId\":1,\"updateTime\":1781119018000},{\"alwaysShow\":true,\"children\":[{\"component\":\"system/user/index\",\"hidden\":false,\"icon\":\"user\",\"id\":2,\"menuName\":\"用户管理\",\"menuType\":\"C\",\"meta\":{\"icon\":\"user\",\"noCache\":false,\"title\":\"用户管理\"},\"name\":\"User\",\"orderNum\":1,\"parentId\":1,\"path\":\"user\",\"perms\":\"system:user:list\",\"redirect\":\"noRedirect\",\"status\":1},{\"component\":\"system/role/index\",\"hidden\":false,\"icon\":\"peoples\",\"id\":3,\"menuName\":\"角色管理\",\"menuType\":\"C\",\"meta\":{\"icon\":\"peoples\",\"noCache\":', 1, '2026-06-19 01:11:44');
INSERT INTO `sys_operation_log` VALUES (722981923395207168, '角色菜单授权', 2, 'com.moli.system.controller.RoleController.update()', 'PUT', 'superadmin', '127.0.0.1', '/role', '{\"updateId\":1,\"createTime\":1781176232000,\"createId\":1,\"roleName\":\"test\",\"actionCodes\":[\"system:system:add\",\"system:system:edit\",\"system:system:remove\",\"system:user:add\",\"system:user:edit\",\"system:user:remove\",\"system:user:resetPwd\",\"system:user:assignRole\",\"system:user:assignSystem\",\"system:role:add\",\"system:role:edit\",\"system:role:remove\",\"system:role:assignPerm\",\"system:role:assignUser\",\"system:menu:add\",\"system:menu:edit\",\"system:menu:remove\",\"system:dept:add\",\"system:dept:edit\",\"system:dept:remove\",\"system:post:add\",\"system:post:edit\",\"system:post:remove\",\"system:dict:add\",\"system:dict:edit\",\"system:dict:remove\",\"operation:project:add\",\"operation:project:edit\",\"operation:project:remove\",\"operation:server:add\",\"operation:server:edit\",\"operation:server:remove\",\"operation:platform:add\",\"operation:platform:edit\",\"operation:platform:remove\",\"operation:component:add\",\"operation:component:edit\",\"operation:component:remove\",\"system:operlog:remove\",\"system:loginlog:remove\"],\"orderNum\":\"19\",\"updateTime\":1781177001000,\"id\":720354230530998272,\"menuIds\":[1,2,3,4,5,6,7,8,9,400,401,402,403,404,500,501,600,601,602,603,700,701,702,703,800,810,719698282376331264,719706422979330048,720069615614427136,720092589008617472,720092589008617473],\"status\":1}', '{\"code\":200,\"data\":true,\"msg\":\"角色授权已更新，请通知相关用户刷新页面后查看新菜单\"}', 1, '2026-06-19 01:12:03');
INSERT INTO `sys_operation_log` VALUES (722982098557730816, '角色菜单授权', 2, 'com.moli.system.controller.RoleController.update()', 'PUT', 'superadmin', '127.0.0.1', '/role', '{\"updateId\":1,\"createTime\":1781176232000,\"createId\":1,\"roleName\":\"test\",\"actionCodes\":[\"operation:platform:add\",\"system:system:remove\",\"operation:project:add\",\"system:dept:remove\",\"system:menu:add\",\"system:dict:remove\",\"system:dict:edit\",\"system:role:edit\",\"system:system:edit\",\"operation:platform:edit\",\"operation:project:remove\",\"system:role:add\",\"system:dict:add\",\"operation:component:edit\",\"system:dept:edit\",\"system:post:add\",\"operation:component:add\",\"system:loginlog:remove\",\"operation:server:remove\",\"system:post:edit\",\"operation:platform:remove\",\"system:system:add\",\"operation:server:add\",\"operation:component:remove\",\"system:post:remove\",\"system:operlog:remove\",\"operation:server:edit\",\"operation:project:edit\",\"system:menu:edit\",\"system:dept:add\",\"system:user:add\",\"system:user:edit\",\"system:user:resetPwd\",\"system:role:remove\",\"system:role:assignPerm\",\"system:role:assignUser\",\"system:menu:remove\"],\"orderNum\":\"19\",\"updateTime\":1781177001000,\"id\":720354230530998272,\"menuIds\":[1,3,4,5,6,7,8,9,400,401,402,403,404,500,501,600,601,602,603,700,701,702,703,800,810,719698282376331264,719706422979330048,720069615614427136,720092589008617472,720092589008617473,2],\"status\":1}', '{\"code\":200,\"data\":true,\"msg\":\"角色授权已更新，请通知相关用户刷新页面后查看新菜单\"}', 1, '2026-06-19 01:12:45');
INSERT INTO `sys_operation_log` VALUES (722982329781321728, '角色菜单授权', 2, 'com.moli.system.controller.RoleController.update()', 'PUT', 'superadmin', '127.0.0.1', '/role', '{\"updateId\":1,\"createTime\":1781176232000,\"createId\":1,\"roleName\":\"test\",\"actionCodes\":[\"system:user:resetPwd\",\"operation:platform:add\",\"system:system:remove\",\"operation:project:add\",\"system:dept:remove\",\"system:menu:add\",\"system:dict:remove\",\"system:dict:edit\",\"system:user:edit\",\"system:role:edit\",\"system:user:add\",\"system:system:edit\",\"operation:platform:edit\",\"operation:project:remove\",\"system:role:add\",\"system:menu:remove\",\"system:dict:add\",\"operation:component:edit\",\"system:dept:edit\",\"system:post:add\",\"operation:component:add\",\"system:loginlog:remove\",\"operation:server:remove\",\"system:post:edit\",\"operation:platform:remove\",\"system:system:add\",\"operation:server:add\",\"operation:component:remove\",\"system:post:remove\",\"system:operlog:remove\",\"operation:server:edit\",\"operation:project:edit\",\"system:menu:edit\",\"system:dept:add\"],\"orderNum\":\"19\",\"updateTime\":1781177001000,\"id\":720354230530998272,\"menuIds\":[1,2,3,4,5,6,7,8,9,400,401,402,403,404,500,501,600,601,602,603,700,701,702,703,800,810,719698282376331264,719706422979330048,720069615614427136,720092589008617472,720092589008617473],\"status\":1}', '{\"code\":200,\"data\":true,\"msg\":\"角色授权已更新，请通知相关用户刷新页面后查看新菜单\"}', 1, '2026-06-19 01:13:40');
INSERT INTO `sys_operation_log` VALUES (723631029440479232, '进入系统', 1, 'com.moli.user.center.server.controller.SystemController.enter()', 'POST', 'test', '127.0.0.1', '/system/enter', '{\"systemId\":1}', '{\"code\":200,\"data\":{\"currentSystem\":{\"baseUrl\":\"http://localhost:9528\",\"icon\":\"system\",\"id\":1,\"isDefault\":true,\"sort\":1,\"ssoMode\":\"INTERNAL\",\"systemCode\":\"moli-admin\",\"systemGroup\":\"governance\",\"systemName\":\"moli-admin 管理后台\"},\"fullPermission\":false,\"hubToken\":\"login_token_c85a12ca-ac37-4958-aa90-a078d1e6f92e\",\"menuVoList\":[{\"alwaysShow\":true,\"children\":[{\"component\":\"system/system/index\",\"createId\":1,\"createTime\":1781108375000,\"hidden\":false,\"icon\":\"system\",\"id\":720069615614427136,\"menuName\":\"系统注册\",\"menuType\":\"C\",\"meta\":{\"icon\":\"system\",\"noCache\":false,\"title\":\"系统注册\"},\"name\":\"SystemRegistry\",\"orderNum\":1,\"parentId\":800,\"path\":\"system\",\"perms\":\"system:system:list\",\"redirect\":\"noRedirect\",\"routeName\":\"SystemRegistry\",\"status\":1,\"updateId\":1,\"updateTime\":1781108397000},{\"component\":\"system/system-user/index\",\"createId\":1,\"createTime\":1781113852000,\"hidden\":false,\"icon\":\"system\",\"id\":720092589008617472,\"menuName\":\"分配系统\",\"menuType\":\"C\",\"meta\":{\"icon\":\"system\",\"noCache\":false,\"title\":\"分配系统\"},\"name\":\"SystemUserAssign\",\"orderNum\":2,\"parentId\":800,\"path\":\"system-user\",\"perms\":\"system:user:list\",\"redirect\":\"noRedirect\",\"routeName\":\"SystemUserAssign\",\"status\":1,\"updateId\":1,\"updateTime\":1781113884000}],\"component\":\"Layout\",\"createId\":1,\"createTime\":1781119018000,\"hidden\":false,\"icon\":\"guide\",\"id\":800,\"menuName\":\"身份与门户\",\"menuType\":\"M\",\"meta\":{\"icon\":\"guide\",\"noCache\":false,\"title\":\"身份与门户\"},\"name\":\"Portal\",\"orderNum\":1,\"parentId\":0,\"path\":\"/portal\",\"redirect\":\"noRedirect\",\"routeName\":\"Portal\",\"status\":1,\"updateId\":1,\"updateTime\":1781119018000},{\"alwaysShow\":true,\"children\":[{\"component\":\"system/user/index\",\"hidden\":false,\"icon\":\"user\",\"id\":2,\"menuName\":\"用户管理\",\"menuType\":\"C\",\"meta\":{\"icon\":\"user\",\"noCache\":false,\"title\":\"用户管理\"},\"name\":\"User\",\"orderNum\":1,\"parentId\":1,\"path\":\"user\",\"perms\":\"system:user:list\",\"redirect\":\"noRedirect\",\"status\":1},{\"component\":\"system/role/index\",\"hidden\":false,\"icon\":\"peoples\",\"id\":3,\"menuName\":\"角色管理\",\"menuType\":\"C\",\"meta\":{\"icon\":\"peoples\",\"noCache\"', 1, '2026-06-20 20:11:22');
INSERT INTO `sys_operation_log` VALUES (723640970242949120, '进入系统', 1, 'com.moli.user.center.server.controller.SystemController.enter()', 'POST', 'test', '127.0.0.1', '/system/enter', '{\"systemId\":1}', '{\"code\":200,\"data\":{\"currentSystem\":{\"baseUrl\":\"http://localhost:9528\",\"icon\":\"system\",\"id\":1,\"isDefault\":true,\"sort\":1,\"ssoMode\":\"INTERNAL\",\"systemCode\":\"moli-admin\",\"systemGroup\":\"governance\",\"systemName\":\"moli-admin 管理后台\"},\"fullPermission\":false,\"hubToken\":\"login_token_c85a12ca-ac37-4958-aa90-a078d1e6f92e\",\"menuVoList\":[{\"alwaysShow\":true,\"children\":[{\"component\":\"system/system/index\",\"createId\":1,\"createTime\":1781108375000,\"hidden\":false,\"icon\":\"system\",\"id\":720069615614427136,\"menuName\":\"系统注册\",\"menuType\":\"C\",\"meta\":{\"icon\":\"system\",\"noCache\":false,\"title\":\"系统注册\"},\"name\":\"SystemRegistry\",\"orderNum\":1,\"parentId\":800,\"path\":\"system\",\"perms\":\"system:system:list\",\"redirect\":\"noRedirect\",\"routeName\":\"SystemRegistry\",\"status\":1,\"updateId\":1,\"updateTime\":1781108397000},{\"component\":\"system/system-user/index\",\"createId\":1,\"createTime\":1781113852000,\"hidden\":false,\"icon\":\"system\",\"id\":720092589008617472,\"menuName\":\"分配系统\",\"menuType\":\"C\",\"meta\":{\"icon\":\"system\",\"noCache\":false,\"title\":\"分配系统\"},\"name\":\"SystemUserAssign\",\"orderNum\":2,\"parentId\":800,\"path\":\"system-user\",\"perms\":\"system:user:list\",\"redirect\":\"noRedirect\",\"routeName\":\"SystemUserAssign\",\"status\":1,\"updateId\":1,\"updateTime\":1781113884000}],\"component\":\"Layout\",\"createId\":1,\"createTime\":1781119018000,\"hidden\":false,\"icon\":\"guide\",\"id\":800,\"menuName\":\"身份与门户\",\"menuType\":\"M\",\"meta\":{\"icon\":\"guide\",\"noCache\":false,\"title\":\"身份与门户\"},\"name\":\"Portal\",\"orderNum\":1,\"parentId\":0,\"path\":\"/portal\",\"redirect\":\"noRedirect\",\"routeName\":\"Portal\",\"status\":1,\"updateId\":1,\"updateTime\":1781119018000},{\"alwaysShow\":true,\"children\":[{\"component\":\"system/user/index\",\"hidden\":false,\"icon\":\"user\",\"id\":2,\"menuName\":\"用户管理\",\"menuType\":\"C\",\"meta\":{\"icon\":\"user\",\"noCache\":false,\"title\":\"用户管理\"},\"name\":\"User\",\"orderNum\":1,\"parentId\":1,\"path\":\"user\",\"perms\":\"system:user:list\",\"redirect\":\"noRedirect\",\"status\":1},{\"component\":\"system/role/index\",\"hidden\":false,\"icon\":\"peoples\",\"id\":3,\"menuName\":\"角色管理\",\"menuType\":\"C\",\"meta\":{\"icon\":\"peoples\",\"noCache\"', 1, '2026-06-20 20:50:52');
INSERT INTO `sys_operation_log` VALUES (723641105047879680, '切换系统', 1, 'com.moli.user.center.server.controller.SystemController.switchSystem()', 'POST', 'test', '127.0.0.1', '/system/switch', '{\"systemId\":9}', '{\"code\":200,\"data\":{\"currentSystem\":{\"baseUrl\":\"http://127.0.0.1:9002\",\"icon\":\"clipboard-list\",\"id\":9,\"isDefault\":false,\"sort\":12,\"ssoMode\":\"EXTERNAL\",\"systemCode\":\"ecom-order\",\"systemGroup\":\"business\",\"systemName\":\"订单中心\"},\"fullPermission\":false,\"hubToken\":\"login_token_c85a12ca-ac37-4958-aa90-a078d1e6f92e\",\"menuVoList\":[],\"permissions\":[],\"redirectUrl\":\"http://127.0.0.1:9002/sso/login?ticket=5c5e8a7183e74316af3eccb0791ad553&systemCode=ecom-order\"}}', 1, '2026-06-20 20:51:24');
INSERT INTO `sys_operation_log` VALUES (723641132512182272, '切换系统', 1, 'com.moli.user.center.server.controller.SystemController.switchSystem()', 'POST', 'test', '127.0.0.1', '/system/switch', '{\"systemId\":3}', '{\"code\":200,\"data\":{\"currentSystem\":{\"baseUrl\":\"http://127.0.0.1:9000\",\"icon\":\"guide\",\"id\":3,\"isDefault\":false,\"sort\":10,\"ssoMode\":\"EXTERNAL\",\"systemCode\":\"crm-demo\",\"systemGroup\":\"business\",\"systemName\":\"CRM 客户管理\"},\"fullPermission\":false,\"hubToken\":\"login_token_c85a12ca-ac37-4958-aa90-a078d1e6f92e\",\"menuVoList\":[],\"permissions\":[],\"redirectUrl\":\"http://127.0.0.1:9000/sso/login?ticket=e00afb2bde4a4e92a35f4d146e899ead&systemCode=crm-demo\"}}', 1, '2026-06-20 20:51:31');
INSERT INTO `sys_operation_log` VALUES (723653604778442752, '进入系统', 1, 'com.moli.user.center.server.controller.SystemController.enter()', 'POST', 'test', '127.0.0.1', '/system/enter', '{\"systemId\":1}', '{\"code\":200,\"data\":{\"currentSystem\":{\"baseUrl\":\"http://localhost:9528\",\"icon\":\"system\",\"id\":1,\"isDefault\":true,\"sort\":1,\"ssoMode\":\"INTERNAL\",\"systemCode\":\"moli-admin\",\"systemGroup\":\"governance\",\"systemName\":\"moli-admin 管理后台\"},\"fullPermission\":false,\"hubToken\":\"login_token_c85a12ca-ac37-4958-aa90-a078d1e6f92e\",\"menuVoList\":[{\"alwaysShow\":true,\"children\":[{\"component\":\"system/system/index\",\"createId\":1,\"createTime\":1781108375000,\"hidden\":false,\"icon\":\"system\",\"id\":720069615614427136,\"menuName\":\"系统注册\",\"menuType\":\"C\",\"meta\":{\"icon\":\"system\",\"noCache\":false,\"title\":\"系统注册\"},\"name\":\"SystemRegistry\",\"orderNum\":1,\"parentId\":800,\"path\":\"system\",\"perms\":\"system:system:list\",\"redirect\":\"noRedirect\",\"routeName\":\"SystemRegistry\",\"status\":1,\"updateId\":1,\"updateTime\":1781108397000},{\"component\":\"system/system-user/index\",\"createId\":1,\"createTime\":1781113852000,\"hidden\":false,\"icon\":\"system\",\"id\":720092589008617472,\"menuName\":\"分配系统\",\"menuType\":\"C\",\"meta\":{\"icon\":\"system\",\"noCache\":false,\"title\":\"分配系统\"},\"name\":\"SystemUserAssign\",\"orderNum\":2,\"parentId\":800,\"path\":\"system-user\",\"perms\":\"system:user:list\",\"redirect\":\"noRedirect\",\"routeName\":\"SystemUserAssign\",\"status\":1,\"updateId\":1,\"updateTime\":1781113884000}],\"component\":\"Layout\",\"createId\":1,\"createTime\":1781119018000,\"hidden\":false,\"icon\":\"guide\",\"id\":800,\"menuName\":\"身份与门户\",\"menuType\":\"M\",\"meta\":{\"icon\":\"guide\",\"noCache\":false,\"title\":\"身份与门户\"},\"name\":\"Portal\",\"orderNum\":1,\"parentId\":0,\"path\":\"/portal\",\"redirect\":\"noRedirect\",\"routeName\":\"Portal\",\"status\":1,\"updateId\":1,\"updateTime\":1781119018000},{\"alwaysShow\":true,\"children\":[{\"component\":\"system/user/index\",\"hidden\":false,\"icon\":\"user\",\"id\":2,\"menuName\":\"用户管理\",\"menuType\":\"C\",\"meta\":{\"icon\":\"user\",\"noCache\":false,\"title\":\"用户管理\"},\"name\":\"User\",\"orderNum\":1,\"parentId\":1,\"path\":\"user\",\"perms\":\"system:user:list\",\"redirect\":\"noRedirect\",\"status\":1},{\"component\":\"system/role/index\",\"hidden\":false,\"icon\":\"peoples\",\"id\":3,\"menuName\":\"角色管理\",\"menuType\":\"C\",\"meta\":{\"icon\":\"peoples\",\"noCache\"', 1, '2026-06-20 21:41:04');

-- ----------------------------
-- Table structure for sys_post
-- ----------------------------
DROP TABLE IF EXISTS `sys_post`;
CREATE TABLE `sys_post`  (
  `id` bigint NOT NULL COMMENT '主键',
  `create_id` bigint NULL DEFAULT NULL COMMENT '创建人',
  `create_time` datetime NULL DEFAULT NULL COMMENT '创建时间',
  `update_id` bigint NULL DEFAULT NULL COMMENT '修改人',
  `update_time` datetime NULL DEFAULT NULL COMMENT '修改时间',
  `post_code` varchar(64) CHARACTER SET utf8mb4 COLLATE utf8mb4_general_ci NULL DEFAULT NULL COMMENT '岗位编码',
  `post_name` varchar(128) CHARACTER SET utf8mb4 COLLATE utf8mb4_general_ci NULL DEFAULT NULL COMMENT '岗位名称',
  `status` int NULL DEFAULT NULL COMMENT '1正常 0停用',
  `sort` int NULL DEFAULT NULL COMMENT '排序',
  PRIMARY KEY (`id`) USING BTREE,
  INDEX `idx_sys_post_post_code`(`post_code` ASC) USING BTREE
) ENGINE = InnoDB CHARACTER SET = utf8mb4 COLLATE = utf8mb4_general_ci COMMENT = '岗位' ROW_FORMAT = Dynamic;

-- ----------------------------
-- Records of sys_post
-- ----------------------------
INSERT INTO `sys_post` VALUES (1, 1, '2026-06-10 00:22:40', 1, '2026-06-10 00:22:40', 'ceo', '首席执行官', 1, 1);
INSERT INTO `sys_post` VALUES (2, 1, '2026-06-10 00:22:40', 1, '2026-06-10 00:22:40', 'cto', '首席技术官', 1, 2);
INSERT INTO `sys_post` VALUES (3, 1, '2026-06-10 00:22:40', 1, '2026-06-10 00:22:40', 'coo', '首席运营官', 1, 3);
INSERT INTO `sys_post` VALUES (4, 1, '2026-06-10 00:22:40', 1, '2026-06-10 00:22:40', 'dept_mgr', '部门经理', 1, 4);
INSERT INTO `sys_post` VALUES (5, 1, '2026-06-10 00:22:40', 1, '2026-06-10 00:22:40', 'team_lead', '团队负责人', 1, 5);
INSERT INTO `sys_post` VALUES (10, 1, '2026-06-10 00:22:40', 1, '2026-06-10 00:22:40', 'architect', '架构师', 1, 10);
INSERT INTO `sys_post` VALUES (11, 1, '2026-06-10 00:22:40', 1, '2026-06-10 00:22:40', 'dev_fe', '前端工程师', 1, 11);
INSERT INTO `sys_post` VALUES (12, 1, '2026-06-10 00:22:40', 1, '2026-06-10 00:22:40', 'dev_be', '后端工程师', 1, 12);
INSERT INTO `sys_post` VALUES (13, 1, '2026-06-10 00:22:40', 1, '2026-06-10 00:22:40', 'dev_java', 'Java开发工程师', 1, 13);
INSERT INTO `sys_post` VALUES (14, 1, '2026-06-10 00:22:40', 1, '2026-06-10 00:22:40', 'dev_mobile', '移动端工程师', 1, 14);
INSERT INTO `sys_post` VALUES (15, 1, '2026-06-10 00:22:40', 1, '2026-06-10 00:22:40', 'qa', '测试工程师', 1, 15);
INSERT INTO `sys_post` VALUES (16, 1, '2026-06-10 00:22:40', 1, '2026-06-10 00:22:40', 'qa_auto', '自动化测试工程师', 1, 16);
INSERT INTO `sys_post` VALUES (17, 1, '2026-06-10 00:22:40', 1, '2026-06-10 00:22:40', 'ops', '运维工程师', 1, 17);
INSERT INTO `sys_post` VALUES (18, 1, '2026-06-10 00:22:40', 1, '2026-06-10 00:22:40', 'devops', 'DevOps工程师', 1, 18);
INSERT INTO `sys_post` VALUES (19, 1, '2026-06-10 00:22:40', 1, '2026-06-10 00:22:40', 'it_support', 'IT支持工程师', 1, 19);
INSERT INTO `sys_post` VALUES (20, 1, '2026-06-10 00:22:40', 1, '2026-06-10 00:22:40', 'data_eng', '数据工程师', 1, 20);
INSERT INTO `sys_post` VALUES (21, 1, '2026-06-10 00:22:40', 1, '2026-06-10 00:22:40', 'algo_eng', '算法工程师', 1, 21);
INSERT INTO `sys_post` VALUES (22, 1, '2026-06-10 00:22:40', 1, '2026-06-10 00:22:40', 'sec_eng', '安全工程师', 1, 22);
INSERT INTO `sys_post` VALUES (30, 1, '2026-06-10 00:22:40', 1, '2026-06-10 00:22:40', 'pm', '产品经理', 1, 30);
INSERT INTO `sys_post` VALUES (31, 1, '2026-06-10 00:22:40', 1, '2026-06-10 00:22:40', 'pm_assistant', '产品助理', 1, 31);
INSERT INTO `sys_post` VALUES (32, 1, '2026-06-10 00:22:40', 1, '2026-06-10 00:22:40', 'po', '产品负责人', 1, 32);
INSERT INTO `sys_post` VALUES (33, 1, '2026-06-10 00:22:40', 1, '2026-06-10 00:22:40', 'project_mgr', '项目经理', 1, 33);
INSERT INTO `sys_post` VALUES (34, 1, '2026-06-10 00:22:40', 1, '2026-06-10 00:22:40', 'user_research', '用户研究员', 1, 34);
INSERT INTO `sys_post` VALUES (40, 1, '2026-06-10 00:22:40', 1, '2026-06-10 00:22:40', 'ui_designer', 'UI设计师', 1, 40);
INSERT INTO `sys_post` VALUES (41, 1, '2026-06-10 00:22:40', 1, '2026-06-10 00:22:40', 'ux_designer', 'UX设计师', 1, 41);
INSERT INTO `sys_post` VALUES (42, 1, '2026-06-10 00:22:40', 1, '2026-06-10 00:22:40', 'visual_design', '视觉设计师', 1, 42);
INSERT INTO `sys_post` VALUES (50, 1, '2026-06-10 00:22:40', 1, '2026-06-10 00:22:40', 'ops_specialist', '运营专员', 1, 50);
INSERT INTO `sys_post` VALUES (51, 1, '2026-06-10 00:22:40', 1, '2026-06-10 00:22:40', 'content_ops', '内容运营', 1, 51);
INSERT INTO `sys_post` VALUES (52, 1, '2026-06-10 00:22:40', 1, '2026-06-10 00:22:40', 'user_ops', '用户运营', 1, 52);
INSERT INTO `sys_post` VALUES (53, 1, '2026-06-10 00:22:40', 1, '2026-06-10 00:22:40', 'growth_ops', '增长运营', 1, 53);
INSERT INTO `sys_post` VALUES (54, 1, '2026-06-10 00:22:40', 1, '2026-06-10 00:22:40', 'marketing', '市场专员', 1, 54);
INSERT INTO `sys_post` VALUES (55, 1, '2026-06-10 00:22:40', 1, '2026-06-10 00:22:40', 'brand_mgr', '品牌经理', 1, 55);
INSERT INTO `sys_post` VALUES (56, 1, '2026-06-10 00:22:40', 1, '2026-06-10 00:22:40', 'bd', '商务拓展', 1, 56);
INSERT INTO `sys_post` VALUES (60, 1, '2026-06-10 00:22:40', 1, '2026-06-10 00:22:40', 'hr', '人力资源专员', 1, 60);
INSERT INTO `sys_post` VALUES (61, 1, '2026-06-10 00:22:40', 1, '2026-06-10 00:22:40', 'finance', '财务专员', 1, 61);
INSERT INTO `sys_post` VALUES (62, 1, '2026-06-10 00:22:40', 1, '2026-06-10 00:22:40', 'admin_staff', '行政专员', 1, 62);
INSERT INTO `sys_post` VALUES (63, 1, '2026-06-10 00:22:40', 1, '2026-06-10 00:22:40', 'legal', '法务专员', 1, 63);
INSERT INTO `sys_post` VALUES (64, 1, '2026-06-10 00:22:40', 1, '2026-06-10 00:22:40', 'cs', '客服专员', 1, 64);
INSERT INTO `sys_post` VALUES (65, 1, '2026-06-10 00:22:40', 1, '2026-06-10 00:22:40', 'intern', '实习生', 1, 65);

-- ----------------------------
-- Table structure for sys_role
-- ----------------------------
DROP TABLE IF EXISTS `sys_role`;
CREATE TABLE `sys_role`  (
  `id` bigint NOT NULL COMMENT '主键',
  `create_id` bigint NULL DEFAULT NULL COMMENT '创建人',
  `create_time` datetime NULL DEFAULT NULL COMMENT '创建时间',
  `update_id` bigint NULL DEFAULT NULL COMMENT '修改人',
  `update_time` datetime NULL DEFAULT NULL COMMENT '修改时间',
  `role_name` varchar(128) CHARACTER SET utf8mb4 COLLATE utf8mb4_general_ci NULL DEFAULT NULL COMMENT '角色名称',
  `order_num` varchar(32) CHARACTER SET utf8mb4 COLLATE utf8mb4_general_ci NULL DEFAULT NULL COMMENT '排序(实体为 String)',
  `remark` varchar(512) CHARACTER SET utf8mb4 COLLATE utf8mb4_general_ci NULL DEFAULT NULL COMMENT '备注',
  `status` int NULL DEFAULT NULL COMMENT '1正常 0停用',
  PRIMARY KEY (`id`) USING BTREE
) ENGINE = InnoDB CHARACTER SET = utf8mb4 COLLATE = utf8mb4_general_ci COMMENT = '角色' ROW_FORMAT = Dynamic;

-- ----------------------------
-- Records of sys_role
-- ----------------------------
INSERT INTO `sys_role` VALUES (1, 1, '2026-06-10 00:21:59', 1, '2026-06-10 00:21:59', '超级管理员', '1', '拥有全部菜单权限，系统内置角色', 1);
INSERT INTO `sys_role` VALUES (2, 1, '2026-06-10 00:21:59', 1, '2026-06-10 00:21:59', '系统管理员', '2', '负责用户、角色、菜单、部门等系统配置', 1);
INSERT INTO `sys_role` VALUES (3, 1, '2026-06-10 00:21:59', 1, '2026-06-10 00:21:59', '研发工程师', '3', '研发与运维相关功能权限', 1);
INSERT INTO `sys_role` VALUES (4, 1, '2026-06-10 00:21:59', 1, '2026-06-10 00:21:59', '产品经理', '4', '产品与数据分析相关权限', 1);
INSERT INTO `sys_role` VALUES (5, 1, '2026-06-10 00:21:59', 1, '2026-06-10 00:21:59', '运营人员', '5', '运营管理模块权限', 1);
INSERT INTO `sys_role` VALUES (6, 1, '2026-06-10 00:21:59', 1, '2026-06-10 00:21:59', '数据分析师', '6', '烛龙数据 / BI 分析权限', 1);
INSERT INTO `sys_role` VALUES (7, 1, '2026-06-10 00:21:59', 1, '2026-06-10 00:21:59', '普通员工', '7', '基础功能权限（如 ChatGPT 对话）', 1);
INSERT INTO `sys_role` VALUES (8, 1, '2026-06-10 00:21:59', 1, '2026-06-10 00:21:59', '部门经理', '8', '系统查看 + 运营管理权限', 1);
INSERT INTO `sys_role` VALUES (9, NULL, '2026-06-11 18:48:02', NULL, NULL, 'dict_list_only_smoke', '99', 'smoke: dict list only, no add/edit/remove', 1);
INSERT INTO `sys_role` VALUES (720354230530998272, 1, '2026-06-11 19:10:32', 1, '2026-06-11 19:23:21', 'test', '19', NULL, 1);

-- ----------------------------
-- Table structure for sys_role_action
-- ----------------------------
DROP TABLE IF EXISTS `sys_role_action`;
CREATE TABLE `sys_role_action`  (
  `role_id` bigint NOT NULL COMMENT '角色ID',
  `perm_code` varchar(100) CHARACTER SET utf8mb4 COLLATE utf8mb4_general_ci NOT NULL COMMENT '权限码',
  PRIMARY KEY (`role_id`, `perm_code`) USING BTREE,
  INDEX `idx_perm_code`(`perm_code` ASC) USING BTREE
) ENGINE = InnoDB CHARACTER SET = utf8mb4 COLLATE = utf8mb4_general_ci COMMENT = '角色-动作权限' ROW_FORMAT = Dynamic;

-- ----------------------------
-- Records of sys_role_action
-- ----------------------------
INSERT INTO `sys_role_action` VALUES (1, 'operation:component:add');
INSERT INTO `sys_role_action` VALUES (720354230530998272, 'operation:component:add');
INSERT INTO `sys_role_action` VALUES (1, 'operation:component:edit');
INSERT INTO `sys_role_action` VALUES (720354230530998272, 'operation:component:edit');
INSERT INTO `sys_role_action` VALUES (1, 'operation:component:remove');
INSERT INTO `sys_role_action` VALUES (720354230530998272, 'operation:component:remove');
INSERT INTO `sys_role_action` VALUES (1, 'operation:platform:add');
INSERT INTO `sys_role_action` VALUES (720354230530998272, 'operation:platform:add');
INSERT INTO `sys_role_action` VALUES (1, 'operation:platform:edit');
INSERT INTO `sys_role_action` VALUES (720354230530998272, 'operation:platform:edit');
INSERT INTO `sys_role_action` VALUES (1, 'operation:platform:remove');
INSERT INTO `sys_role_action` VALUES (720354230530998272, 'operation:platform:remove');
INSERT INTO `sys_role_action` VALUES (1, 'operation:project:add');
INSERT INTO `sys_role_action` VALUES (720354230530998272, 'operation:project:add');
INSERT INTO `sys_role_action` VALUES (1, 'operation:project:edit');
INSERT INTO `sys_role_action` VALUES (720354230530998272, 'operation:project:edit');
INSERT INTO `sys_role_action` VALUES (1, 'operation:project:remove');
INSERT INTO `sys_role_action` VALUES (720354230530998272, 'operation:project:remove');
INSERT INTO `sys_role_action` VALUES (1, 'operation:server:add');
INSERT INTO `sys_role_action` VALUES (720354230530998272, 'operation:server:add');
INSERT INTO `sys_role_action` VALUES (1, 'operation:server:edit');
INSERT INTO `sys_role_action` VALUES (720354230530998272, 'operation:server:edit');
INSERT INTO `sys_role_action` VALUES (1, 'operation:server:remove');
INSERT INTO `sys_role_action` VALUES (720354230530998272, 'operation:server:remove');
INSERT INTO `sys_role_action` VALUES (1, 'system:dept:add');
INSERT INTO `sys_role_action` VALUES (3, 'system:dept:add');
INSERT INTO `sys_role_action` VALUES (720354230530998272, 'system:dept:add');
INSERT INTO `sys_role_action` VALUES (1, 'system:dept:edit');
INSERT INTO `sys_role_action` VALUES (3, 'system:dept:edit');
INSERT INTO `sys_role_action` VALUES (720354230530998272, 'system:dept:edit');
INSERT INTO `sys_role_action` VALUES (1, 'system:dept:remove');
INSERT INTO `sys_role_action` VALUES (3, 'system:dept:remove');
INSERT INTO `sys_role_action` VALUES (720354230530998272, 'system:dept:remove');
INSERT INTO `sys_role_action` VALUES (1, 'system:dict:add');
INSERT INTO `sys_role_action` VALUES (720354230530998272, 'system:dict:add');
INSERT INTO `sys_role_action` VALUES (1, 'system:dict:edit');
INSERT INTO `sys_role_action` VALUES (720354230530998272, 'system:dict:edit');
INSERT INTO `sys_role_action` VALUES (1, 'system:dict:remove');
INSERT INTO `sys_role_action` VALUES (720354230530998272, 'system:dict:remove');
INSERT INTO `sys_role_action` VALUES (1, 'system:loginlog:remove');
INSERT INTO `sys_role_action` VALUES (720354230530998272, 'system:loginlog:remove');
INSERT INTO `sys_role_action` VALUES (1, 'system:menu:add');
INSERT INTO `sys_role_action` VALUES (3, 'system:menu:add');
INSERT INTO `sys_role_action` VALUES (720354230530998272, 'system:menu:add');
INSERT INTO `sys_role_action` VALUES (1, 'system:menu:edit');
INSERT INTO `sys_role_action` VALUES (3, 'system:menu:edit');
INSERT INTO `sys_role_action` VALUES (720354230530998272, 'system:menu:edit');
INSERT INTO `sys_role_action` VALUES (1, 'system:menu:remove');
INSERT INTO `sys_role_action` VALUES (3, 'system:menu:remove');
INSERT INTO `sys_role_action` VALUES (720354230530998272, 'system:menu:remove');
INSERT INTO `sys_role_action` VALUES (1, 'system:operlog:remove');
INSERT INTO `sys_role_action` VALUES (720354230530998272, 'system:operlog:remove');
INSERT INTO `sys_role_action` VALUES (1, 'system:post:add');
INSERT INTO `sys_role_action` VALUES (3, 'system:post:add');
INSERT INTO `sys_role_action` VALUES (720354230530998272, 'system:post:add');
INSERT INTO `sys_role_action` VALUES (1, 'system:post:edit');
INSERT INTO `sys_role_action` VALUES (3, 'system:post:edit');
INSERT INTO `sys_role_action` VALUES (720354230530998272, 'system:post:edit');
INSERT INTO `sys_role_action` VALUES (1, 'system:post:remove');
INSERT INTO `sys_role_action` VALUES (3, 'system:post:remove');
INSERT INTO `sys_role_action` VALUES (720354230530998272, 'system:post:remove');
INSERT INTO `sys_role_action` VALUES (1, 'system:role:add');
INSERT INTO `sys_role_action` VALUES (3, 'system:role:add');
INSERT INTO `sys_role_action` VALUES (720354230530998272, 'system:role:add');
INSERT INTO `sys_role_action` VALUES (1, 'system:role:assignPerm');
INSERT INTO `sys_role_action` VALUES (3, 'system:role:assignPerm');
INSERT INTO `sys_role_action` VALUES (1, 'system:role:assignUser');
INSERT INTO `sys_role_action` VALUES (3, 'system:role:assignUser');
INSERT INTO `sys_role_action` VALUES (1, 'system:role:edit');
INSERT INTO `sys_role_action` VALUES (3, 'system:role:edit');
INSERT INTO `sys_role_action` VALUES (720354230530998272, 'system:role:edit');
INSERT INTO `sys_role_action` VALUES (1, 'system:role:remove');
INSERT INTO `sys_role_action` VALUES (3, 'system:role:remove');
INSERT INTO `sys_role_action` VALUES (1, 'system:system:add');
INSERT INTO `sys_role_action` VALUES (720354230530998272, 'system:system:add');
INSERT INTO `sys_role_action` VALUES (1, 'system:system:edit');
INSERT INTO `sys_role_action` VALUES (720354230530998272, 'system:system:edit');
INSERT INTO `sys_role_action` VALUES (1, 'system:system:remove');
INSERT INTO `sys_role_action` VALUES (720354230530998272, 'system:system:remove');
INSERT INTO `sys_role_action` VALUES (1, 'system:user:add');
INSERT INTO `sys_role_action` VALUES (3, 'system:user:add');
INSERT INTO `sys_role_action` VALUES (720354230530998272, 'system:user:add');
INSERT INTO `sys_role_action` VALUES (1, 'system:user:assignRole');
INSERT INTO `sys_role_action` VALUES (3, 'system:user:assignRole');
INSERT INTO `sys_role_action` VALUES (1, 'system:user:assignSystem');
INSERT INTO `sys_role_action` VALUES (3, 'system:user:assignSystem');
INSERT INTO `sys_role_action` VALUES (1, 'system:user:edit');
INSERT INTO `sys_role_action` VALUES (3, 'system:user:edit');
INSERT INTO `sys_role_action` VALUES (720354230530998272, 'system:user:edit');
INSERT INTO `sys_role_action` VALUES (1, 'system:user:remove');
INSERT INTO `sys_role_action` VALUES (3, 'system:user:remove');
INSERT INTO `sys_role_action` VALUES (1, 'system:user:resetPwd');
INSERT INTO `sys_role_action` VALUES (3, 'system:user:resetPwd');
INSERT INTO `sys_role_action` VALUES (720354230530998272, 'system:user:resetPwd');

-- ----------------------------
-- Table structure for sys_role_menu
-- ----------------------------
DROP TABLE IF EXISTS `sys_role_menu`;
CREATE TABLE `sys_role_menu`  (
  `id` bigint NOT NULL COMMENT '主键',
  `role_id` bigint NULL DEFAULT NULL COMMENT '角色ID',
  `menu_id` bigint NULL DEFAULT NULL COMMENT '菜单ID',
  PRIMARY KEY (`id`) USING BTREE,
  INDEX `idx_sys_role_menu_role_id`(`role_id` ASC) USING BTREE,
  INDEX `idx_sys_role_menu_menu_id`(`menu_id` ASC) USING BTREE
) ENGINE = InnoDB CHARACTER SET = utf8mb4 COLLATE = utf8mb4_general_ci COMMENT = '角色-菜单' ROW_FORMAT = Dynamic;

-- ----------------------------
-- Records of sys_role_menu
-- ----------------------------
INSERT INTO `sys_role_menu` VALUES (10800, 1, 800);
INSERT INTO `sys_role_menu` VALUES (10810, 1, 810);
INSERT INTO `sys_role_menu` VALUES (719738275010445313, 1, 720069615614427136);
INSERT INTO `sys_role_menu` VALUES (719738275010445314, 1, 720092589008617472);
INSERT INTO `sys_role_menu` VALUES (720294418770296832, 5, 1);
INSERT INTO `sys_role_menu` VALUES (720294418774491136, 5, 2);
INSERT INTO `sys_role_menu` VALUES (720333119000936448, 3, 1);
INSERT INTO `sys_role_menu` VALUES (720333119005130752, 3, 2);
INSERT INTO `sys_role_menu` VALUES (720333119005130753, 3, 3);
INSERT INTO `sys_role_menu` VALUES (720333119009325056, 3, 4);
INSERT INTO `sys_role_menu` VALUES (720333119009325057, 3, 5);
INSERT INTO `sys_role_menu` VALUES (720333119013519360, 3, 6);
INSERT INTO `sys_role_menu` VALUES (720333119013519361, 3, 7);
INSERT INTO `sys_role_menu` VALUES (720333119013519362, 9, 7);
INSERT INTO `sys_role_menu` VALUES (722982329647104000, 720354230530998272, 1);
INSERT INTO `sys_role_menu` VALUES (722982329647104001, 720354230530998272, 2);
INSERT INTO `sys_role_menu` VALUES (722982329651298304, 720354230530998272, 3);
INSERT INTO `sys_role_menu` VALUES (722982329651298305, 720354230530998272, 4);
INSERT INTO `sys_role_menu` VALUES (722982329655492608, 720354230530998272, 5);
INSERT INTO `sys_role_menu` VALUES (722982329655492609, 720354230530998272, 6);
INSERT INTO `sys_role_menu` VALUES (722982329659686912, 720354230530998272, 7);
INSERT INTO `sys_role_menu` VALUES (722982329659686913, 720354230530998272, 8);
INSERT INTO `sys_role_menu` VALUES (722982329659686914, 720354230530998272, 9);
INSERT INTO `sys_role_menu` VALUES (722982329663881216, 720354230530998272, 400);
INSERT INTO `sys_role_menu` VALUES (722982329663881217, 720354230530998272, 401);
INSERT INTO `sys_role_menu` VALUES (722982329668075520, 720354230530998272, 402);
INSERT INTO `sys_role_menu` VALUES (722982329668075521, 720354230530998272, 403);
INSERT INTO `sys_role_menu` VALUES (722982329672269824, 720354230530998272, 404);
INSERT INTO `sys_role_menu` VALUES (722982329672269825, 720354230530998272, 500);
INSERT INTO `sys_role_menu` VALUES (722982329672269826, 720354230530998272, 501);
INSERT INTO `sys_role_menu` VALUES (722982329676464128, 720354230530998272, 600);
INSERT INTO `sys_role_menu` VALUES (722982329676464129, 720354230530998272, 601);
INSERT INTO `sys_role_menu` VALUES (722982329680658432, 720354230530998272, 602);
INSERT INTO `sys_role_menu` VALUES (722982329680658433, 720354230530998272, 603);
INSERT INTO `sys_role_menu` VALUES (722982329680658434, 720354230530998272, 700);
INSERT INTO `sys_role_menu` VALUES (722982329684852736, 720354230530998272, 701);
INSERT INTO `sys_role_menu` VALUES (722982329684852737, 720354230530998272, 702);
INSERT INTO `sys_role_menu` VALUES (722982329689047040, 720354230530998272, 703);
INSERT INTO `sys_role_menu` VALUES (722982329689047041, 720354230530998272, 800);
INSERT INTO `sys_role_menu` VALUES (722982329689047042, 720354230530998272, 810);
INSERT INTO `sys_role_menu` VALUES (722982329693241344, 720354230530998272, 719698282376331264);
INSERT INTO `sys_role_menu` VALUES (722982329693241345, 720354230530998272, 719706422979330048);
INSERT INTO `sys_role_menu` VALUES (722982329697435648, 720354230530998272, 720069615614427136);
INSERT INTO `sys_role_menu` VALUES (722982329697435649, 720354230530998272, 720092589008617472);
INSERT INTO `sys_role_menu` VALUES (722982329701629952, 720354230530998272, 720092589008617473);

-- ----------------------------
-- Table structure for sys_system
-- ----------------------------
DROP TABLE IF EXISTS `sys_system`;
CREATE TABLE `sys_system`  (
  `id` bigint NOT NULL COMMENT '主键',
  `create_id` bigint NULL DEFAULT NULL COMMENT '创建人',
  `create_time` datetime NULL DEFAULT NULL COMMENT '创建时间',
  `update_id` bigint NULL DEFAULT NULL COMMENT '修改人',
  `update_time` datetime NULL DEFAULT NULL COMMENT '修改时间',
  `system_code` varchar(64) CHARACTER SET utf8mb4 COLLATE utf8mb4_general_ci NOT NULL COMMENT '系统编码',
  `system_name` varchar(128) CHARACTER SET utf8mb4 COLLATE utf8mb4_general_ci NOT NULL COMMENT '系统名称',
  `base_url` varchar(512) CHARACTER SET utf8mb4 COLLATE utf8mb4_general_ci NULL DEFAULT NULL COMMENT '访问根 URL',
  `icon` varchar(256) CHARACTER SET utf8mb4 COLLATE utf8mb4_general_ci NULL DEFAULT NULL COMMENT '图标',
  `sort` int NULL DEFAULT 0 COMMENT '排序',
  `status` int NULL DEFAULT 1 COMMENT '1启用 0停用',
  `sso_mode` varchar(16) CHARACTER SET utf8mb4 COLLATE utf8mb4_general_ci NULL DEFAULT 'INTERNAL' COMMENT 'INTERNAL/EXTERNAL',
  `entry_path` varchar(128) CHARACTER SET utf8mb4 COLLATE utf8mb4_general_ci NULL DEFAULT '/sso/login' COMMENT 'SSO 入口路径',
  `remark` varchar(512) CHARACTER SET utf8mb4 COLLATE utf8mb4_general_ci NULL DEFAULT NULL COMMENT '备注',
  `system_group` varchar(32) CHARACTER SET utf8mb4 COLLATE utf8mb4_general_ci NULL DEFAULT 'business' COMMENT '门户分组',
  PRIMARY KEY (`id`) USING BTREE,
  UNIQUE INDEX `uk_sys_system_code`(`system_code` ASC) USING BTREE
) ENGINE = InnoDB CHARACTER SET = utf8mb4 COLLATE = utf8mb4_general_ci COMMENT = '业务系统' ROW_FORMAT = Dynamic;

-- ----------------------------
-- Records of sys_system
-- ----------------------------
INSERT INTO `sys_system` VALUES (1, 1, '2026-06-11 00:29:47', 1, '2026-06-11 10:19:03', 'moli-admin', 'moli-admin 管理后台', 'http://localhost:9528', 'system', 1, 1, 'INTERNAL', '/sso/login', '本项目', 'governance');
INSERT INTO `sys_system` VALUES (2, 1, '2026-06-11 00:29:47', 1, '2026-06-11 10:19:04', 'moli-ops', '运维总控台', 'http://localhost:9528', 'server', 51, 1, 'EXTERNAL', '/sso/login', '运维门户总入口', 'ops');
INSERT INTO `sys_system` VALUES (3, 1, '2026-06-11 03:31:47', 1, '2026-06-11 10:19:03', 'crm-demo', 'CRM 客户管理', 'http://127.0.0.1:9000', 'guide', 10, 1, 'EXTERNAL', '/sso/login', '业务应用演示', 'business');
INSERT INTO `sys_system` VALUES (4, 1, '2026-06-11 10:09:11', 1, '2026-06-11 10:19:03', 'ai-copilot', 'AI 智能助手', 'http://127.0.0.1:9010', 'sparkles', 20, 1, 'EXTERNAL', '/sso/login', 'AI 应用示例：大模型/Copilot 门户', 'ai');
INSERT INTO `sys_system` VALUES (5, 1, '2026-06-11 10:09:11', 1, '2026-06-11 10:19:04', 'api-portal', 'API 开放平台', 'http://127.0.0.1:9020', 'code', 31, 1, 'EXTERNAL', '/sso/login', '技术类平台示例：API 网关/开放能力', 'tech');
INSERT INTO `sys_system` VALUES (6, 1, '2026-06-11 10:09:11', 1, '2026-06-11 10:19:03', 'bi-report', 'BI 报表中心', 'http://127.0.0.1:9030', 'file-chart-column', 41, 1, 'EXTERNAL', '/sso/login', '数据平台示例：BI/指标/数仓门户', 'data');
INSERT INTO `sys_system` VALUES (7, 1, '2026-06-11 10:09:11', 1, '2026-06-11 10:19:03', 'oa-office', 'OA 办公协同', 'http://127.0.0.1:9040', 'calendar', 60, 1, 'EXTERNAL', '/sso/login', '办公协同示例：审批/日程/邮件', 'office');
INSERT INTO `sys_system` VALUES (8, 1, '2026-06-11 10:16:40', 1, '2026-06-11 10:19:03', 'ecom-mall', '电商商城', 'http://127.0.0.1:9001', 'shopping-cart', 11, 1, 'EXTERNAL', '/sso/login', '交易前台/店铺', 'business');
INSERT INTO `sys_system` VALUES (9, 1, '2026-06-11 10:16:40', 1, '2026-06-11 10:19:03', 'ecom-order', '订单中心', 'http://127.0.0.1:9002', 'clipboard-list', 12, 1, 'EXTERNAL', '/sso/login', 'OMS 订单履约', 'business');
INSERT INTO `sys_system` VALUES (10, 1, '2026-06-11 10:16:40', 1, '2026-06-11 10:19:03', 'ecom-product', '商品中心', 'http://127.0.0.1:9003', 'package', 13, 1, 'EXTERNAL', '/sso/login', 'SPU/SKU/类目', 'business');
INSERT INTO `sys_system` VALUES (11, 1, '2026-06-11 10:16:40', 1, '2026-06-11 10:19:03', 'ecom-inventory', '库存中心', 'http://127.0.0.1:9004', 'warehouse', 14, 1, 'EXTERNAL', '/sso/login', 'WMS 仓储库存', 'business');
INSERT INTO `sys_system` VALUES (12, 1, '2026-06-11 10:16:40', 1, '2026-06-11 10:19:03', 'ecom-payment', '支付中心', 'http://127.0.0.1:9005', 'credit-card', 15, 1, 'EXTERNAL', '/sso/login', '收单/退款/对账', 'business');
INSERT INTO `sys_system` VALUES (13, 1, '2026-06-11 10:16:40', 1, '2026-06-11 10:19:03', 'member-center', '会员中心', 'http://127.0.0.1:9006', 'users', 16, 1, 'EXTERNAL', '/sso/login', '等级/权益/会员卡', 'business');
INSERT INTO `sys_system` VALUES (14, 1, '2026-06-11 10:16:40', 1, '2026-06-11 10:19:03', 'points-center', '积分中心', 'http://127.0.0.1:9007', 'coins', 17, 1, 'EXTERNAL', '/sso/login', '积分发放/兑换/规则', 'business');
INSERT INTO `sys_system` VALUES (15, 1, '2026-06-11 10:16:40', 1, '2026-06-11 10:19:03', 'cs-ticket', '客服系统', 'http://127.0.0.1:9008', 'headphones', 18, 1, 'EXTERNAL', '/sso/login', '在线客服/工单/IM', 'business');
INSERT INTO `sys_system` VALUES (16, 1, '2026-06-11 10:16:40', 1, '2026-06-11 10:19:03', 'user-growth', '用户增长平台', 'http://127.0.0.1:9009', 'trending-up', 19, 1, 'EXTERNAL', '/sso/login', '拉新留存/活动/投放/A-B（业务运营）', 'business');
INSERT INTO `sys_system` VALUES (17, 1, '2026-06-11 10:16:40', 1, '2026-06-11 10:19:03', 'metric-platform', '指标平台', 'http://127.0.0.1:9031', 'gauge', 42, 1, 'EXTERNAL', '/sso/login', '指标定义/看板/告警', 'data');
INSERT INTO `sys_system` VALUES (18, 1, '2026-06-11 10:16:40', 1, '2026-06-11 10:19:03', 'data-map', '数据地图', 'http://127.0.0.1:9032', 'map', 43, 1, 'EXTERNAL', '/sso/login', '元数据/血缘/资产目录', 'data');
INSERT INTO `sys_system` VALUES (19, 1, '2026-06-11 10:16:40', 1, '2026-06-11 10:19:03', 'user-cdp', '用户画像 CDP', 'http://127.0.0.1:9033', 'user-round', 44, 1, 'EXTERNAL', '/sso/login', '标签/人群/圈选', 'data');
INSERT INTO `sys_system` VALUES (20, 1, '2026-06-11 10:16:40', 1, '2026-06-11 10:19:03', 'data-warehouse', '离线数仓', 'http://127.0.0.1:9034', 'database', 45, 1, 'EXTERNAL', '/sso/login', 'Hive/Spark 数仓建模', 'data');
INSERT INTO `sys_system` VALUES (21, 1, '2026-06-11 10:16:40', 1, '2026-06-11 10:19:03', 'data-dev', '数据开发平台', 'http://127.0.0.1:9035', 'terminal', 46, 1, 'EXTERNAL', '/sso/login', '离线任务编排/SQL 开发', 'data');
INSERT INTO `sys_system` VALUES (22, 1, '2026-06-11 10:16:40', 1, '2026-06-11 10:19:03', 'flink-studio', 'Flink 实时开发', 'http://127.0.0.1:9036', 'zap', 47, 1, 'EXTERNAL', '/sso/login', '流计算作业开发运维', 'data');
INSERT INTO `sys_system` VALUES (23, 1, '2026-06-11 10:16:40', 1, '2026-06-11 10:19:03', 'data-quality', '数据质量', 'http://127.0.0.1:9037', 'shield-check', 48, 1, 'EXTERNAL', '/sso/login', '质量规则/稽核/监控', 'data');
INSERT INTO `sys_system` VALUES (24, 1, '2026-06-11 10:16:40', 1, '2026-06-11 10:19:03', 'data-governance', '数据治理', 'http://127.0.0.1:9038', 'scale', 49, 1, 'EXTERNAL', '/sso/login', '标准/主数据/权限合规', 'data');
INSERT INTO `sys_system` VALUES (25, 1, '2026-06-11 10:16:40', 1, '2026-06-11 10:19:03', 'realtime-lake', '实时湖仓', 'http://127.0.0.1:9039', 'waves', 50, 1, 'EXTERNAL', '/sso/login', '实时入湖/湖仓一体查询', 'data');
INSERT INTO `sys_system` VALUES (26, 1, '2026-06-11 10:16:40', 1, '2026-06-11 10:19:04', 'api-gateway', 'API 网关', 'http://127.0.0.1:9021', 'layers', 32, 1, 'EXTERNAL', '/sso/login', '路由、限流、鉴权', 'tech');
INSERT INTO `sys_system` VALUES (27, 1, '2026-06-11 10:16:40', 1, '2026-06-11 10:19:04', 'ms-governance', '微服务治理', 'http://127.0.0.1:9022', 'network', 33, 1, 'EXTERNAL', '/sso/login', '服务发现、熔断、限流治理', 'tech');
INSERT INTO `sys_system` VALUES (28, 1, '2026-06-11 10:16:40', 1, '2026-06-11 10:19:04', 'svc-registry', '注册配置中心', 'http://127.0.0.1:9023', 'database', 34, 1, 'EXTERNAL', '/sso/login', 'Nacos/Consul 类配置注册', 'tech');
INSERT INTO `sys_system` VALUES (29, 1, '2026-06-11 10:16:40', 1, '2026-06-11 10:19:04', 'lowcode-studio', '低代码平台', 'http://127.0.0.1:9024', 'layout-grid', 35, 1, 'EXTERNAL', '/sso/login', '表单流程、页面搭建', 'tech');
INSERT INTO `sys_system` VALUES (30, 1, '2026-06-11 10:16:40', 1, '2026-06-11 10:19:04', 'devops-cicd', 'CI/CD 流水线', 'http://127.0.0.1:9025', 'git-branch', 36, 1, 'EXTERNAL', '/sso/login', '构建、测试、部署流水线', 'tech');
INSERT INTO `sys_system` VALUES (31, 1, '2026-06-11 10:16:40', 1, '2026-06-11 10:19:04', 'artifact-repo', '制品库', 'http://127.0.0.1:9026', 'package', 37, 1, 'EXTERNAL', '/sso/login', 'Maven/NPM/Docker 制品', 'tech');
INSERT INTO `sys_system` VALUES (32, 1, '2026-06-11 10:16:40', 1, '2026-06-11 10:19:04', 'code-repo', '代码仓库', 'http://127.0.0.1:9027', 'folder-git', 38, 1, 'EXTERNAL', '/sso/login', 'GitLab/GitHub 企业版', 'tech');
INSERT INTO `sys_system` VALUES (33, 1, '2026-06-11 10:16:40', 1, '2026-06-11 10:19:04', 'monitor-alert', '监控告警中心', 'http://127.0.0.1:9051', 'bell', 52, 1, 'EXTERNAL', '/sso/login', 'Prometheus/Grafana 告警', 'ops');
INSERT INTO `sys_system` VALUES (34, 1, '2026-06-11 10:16:40', 1, '2026-06-11 10:19:04', 'log-platform', '日志检索平台', 'http://127.0.0.1:9052', 'search', 53, 1, 'EXTERNAL', '/sso/login', 'ELK/Loki 日志查询', 'ops');
INSERT INTO `sys_system` VALUES (35, 1, '2026-06-11 10:16:40', 1, '2026-06-11 10:19:04', 'release-platform', '发布部署平台', 'http://127.0.0.1:9053', 'rocket', 54, 1, 'EXTERNAL', '/sso/login', '灰度、回滚、发布编排', 'ops');
INSERT INTO `sys_system` VALUES (36, 1, '2026-06-11 10:16:40', 1, '2026-06-11 10:19:04', 'cmdb-platform', 'CMDB 配置管理', 'http://127.0.0.1:9054', 'database', 55, 1, 'EXTERNAL', '/sso/login', '资产、拓扑、配置项', 'ops');
INSERT INTO `sys_system` VALUES (37, 1, '2026-06-11 10:16:40', 1, '2026-06-11 10:19:04', 'trace-platform', '链路追踪平台', 'http://127.0.0.1:9055', 'activity', 56, 1, 'EXTERNAL', '/sso/login', 'APM、调用链分析', 'ops');
INSERT INTO `sys_system` VALUES (38, 1, '2026-06-11 10:16:40', 1, '2026-06-11 10:19:04', 'k8s-console', '容器云管控', 'http://127.0.0.1:9056', 'boxes', 57, 1, 'EXTERNAL', '/sso/login', 'K8s 集群与资源管理', 'ops');

-- ----------------------------
-- Table structure for sys_user
-- ----------------------------
DROP TABLE IF EXISTS `sys_user`;
CREATE TABLE `sys_user`  (
  `id` bigint NOT NULL COMMENT '主键',
  `create_id` bigint NULL DEFAULT NULL COMMENT '创建人',
  `create_time` datetime NULL DEFAULT NULL COMMENT '创建时间',
  `update_id` bigint NULL DEFAULT NULL COMMENT '修改人',
  `update_time` datetime NULL DEFAULT NULL COMMENT '修改时间',
  `dept_id` bigint NULL DEFAULT NULL COMMENT '部门ID',
  `work_no` varchar(64) CHARACTER SET utf8mb4 COLLATE utf8mb4_general_ci NULL DEFAULT NULL COMMENT '工号',
  `nick_name` varchar(128) CHARACTER SET utf8mb4 COLLATE utf8mb4_general_ci NULL DEFAULT NULL COMMENT '姓名',
  `user_name` varchar(128) CHARACTER SET utf8mb4 COLLATE utf8mb4_general_ci NOT NULL COMMENT '用户名',
  `password` varchar(256) CHARACTER SET utf8mb4 COLLATE utf8mb4_general_ci NULL DEFAULT NULL COMMENT '密码',
  `identity_card` varchar(32) CHARACTER SET utf8mb4 COLLATE utf8mb4_general_ci NULL DEFAULT NULL COMMENT '身份证',
  `sex` int NULL DEFAULT NULL COMMENT '性别',
  `telephone` varchar(32) CHARACTER SET utf8mb4 COLLATE utf8mb4_general_ci NULL DEFAULT NULL COMMENT '电话(业务上唯一)',
  `address` varchar(512) CHARACTER SET utf8mb4 COLLATE utf8mb4_general_ci NULL DEFAULT NULL COMMENT '地址',
  `email` varchar(128) CHARACTER SET utf8mb4 COLLATE utf8mb4_general_ci NULL DEFAULT NULL COMMENT '邮箱',
  `work_time` datetime NULL DEFAULT NULL COMMENT '入职日期',
  `is_job` int NULL DEFAULT NULL COMMENT '是否在职 0在职 1离职',
  `status` int NULL DEFAULT NULL COMMENT '是否锁定 0未锁 1已锁',
  `error_num` int NULL DEFAULT NULL COMMENT '密码错误次数',
  `avatar` varchar(512) CHARACTER SET utf8mb4 COLLATE utf8mb4_general_ci NULL DEFAULT NULL COMMENT '头像',
  `language` varchar(16) CHARACTER SET utf8mb4 COLLATE utf8mb4_general_ci NULL DEFAULT 'zh-CN' COMMENT '界面语言',
  `salt` varchar(128) CHARACTER SET utf8mb4 COLLATE utf8mb4_general_ci NULL DEFAULT NULL COMMENT '盐',
  `is_delete` int NULL DEFAULT 0 COMMENT '是否删除 0未删 1已删',
  PRIMARY KEY (`id`) USING BTREE,
  UNIQUE INDEX `uk_sys_user_user_name`(`user_name` ASC) USING BTREE,
  UNIQUE INDEX `uk_sys_user_telephone`(`telephone` ASC) USING BTREE,
  INDEX `idx_sys_user_dept_id`(`dept_id` ASC) USING BTREE,
  INDEX `idx_sys_user_is_delete`(`is_delete` ASC) USING BTREE
) ENGINE = InnoDB CHARACTER SET = utf8mb4 COLLATE = utf8mb4_general_ci COMMENT = '用户' ROW_FORMAT = Dynamic;

-- ----------------------------
-- Records of sys_user
-- ----------------------------
INSERT INTO `sys_user` VALUES (1, NULL, NULL, 1, '2026-06-07 19:58:48', NULL, NULL, NULL, 'superadmin', '757d15f071152d54a2fe7f8416aba2b25f5939ac3a5b78e5c493bea8fcd356f7', NULL, NULL, NULL, NULL, NULL, NULL, NULL, NULL, NULL, NULL, 'zh-CN', 'moli', 0);
INSERT INTO `sys_user` VALUES (2, NULL, NULL, 1, '2026-06-09 22:06:50', NULL, NULL, NULL, 'admin', 'c4bc9714ddb1992322bf7520bd6e09a0439d1fdcabbb5bc5a869a7128fb5f256', NULL, NULL, NULL, NULL, NULL, NULL, NULL, 1, NULL, NULL, 'zh-CN', 'moli', 0);
INSERT INTO `sys_user` VALUES (719712653013942272, 1, '2026-06-10 00:41:08', 1, '2026-06-11 13:52:35', 100, NULL, '张三', 'zhangsan', 'c4bc9714ddb1992322bf7520bd6e09a0439d1fdcabbb5bc5a869a7128fb5f256', NULL, 0, '13800001001', NULL, 'zhangsan@demo.local', NULL, NULL, 1, NULL, NULL, 'zh-CN', 'moli', 0);
INSERT INTO `sys_user` VALUES (720000000000000002, 1, '2026-06-11 13:52:35', 1, '2026-06-11 13:52:35', 101, NULL, '李四', 'lisi', 'c4bc9714ddb1992322bf7520bd6e09a0439d1fdcabbb5bc5a869a7128fb5f256', NULL, 1, '13800001002', NULL, 'lisi@demo.local', NULL, NULL, 1, NULL, NULL, 'zh-CN', 'moli', 0);
INSERT INTO `sys_user` VALUES (720000000000000003, 1, '2026-06-11 13:52:35', 1, '2026-06-11 13:52:35', 102, NULL, '王五', 'wangwu', 'c4bc9714ddb1992322bf7520bd6e09a0439d1fdcabbb5bc5a869a7128fb5f256', NULL, 0, '13800001003', NULL, 'wangwu@demo.local', NULL, NULL, 1, NULL, NULL, 'zh-CN', 'moli', 0);
INSERT INTO `sys_user` VALUES (720000000000000004, 1, '2026-06-11 13:52:35', 1, '2026-06-11 13:52:35', 103, NULL, '赵六', 'zhaoliu', 'c4bc9714ddb1992322bf7520bd6e09a0439d1fdcabbb5bc5a869a7128fb5f256', NULL, 1, '13800001004', NULL, 'zhaoliu@demo.local', NULL, NULL, 1, NULL, NULL, 'zh-CN', 'moli', 0);
INSERT INTO `sys_user` VALUES (720000000000000005, 1, '2026-06-11 13:52:35', 1, '2026-06-11 13:52:35', 104, NULL, '钱七', 'qianqi', 'c4bc9714ddb1992322bf7520bd6e09a0439d1fdcabbb5bc5a869a7128fb5f256', NULL, 0, '13800001005', NULL, 'qianqi@demo.local', NULL, NULL, 1, NULL, NULL, 'zh-CN', 'moli', 0);
INSERT INTO `sys_user` VALUES (720000000000000006, 1, '2026-06-11 13:52:35', 1, '2026-06-11 13:52:35', 105, NULL, '孙八', 'sunba', 'c4bc9714ddb1992322bf7520bd6e09a0439d1fdcabbb5bc5a869a7128fb5f256', NULL, 1, '13800001006', NULL, 'sunba@demo.local', NULL, NULL, 1, NULL, NULL, 'zh-CN', 'moli', 0);
INSERT INTO `sys_user` VALUES (720000000000000007, 1, '2026-06-11 13:52:35', 1, '2026-06-11 13:52:35', 106, NULL, '周九', 'zhoujiu', 'c4bc9714ddb1992322bf7520bd6e09a0439d1fdcabbb5bc5a869a7128fb5f256', NULL, 0, '13800001007', NULL, 'zhoujiu@demo.local', NULL, NULL, 1, NULL, NULL, 'zh-CN', 'moli', 0);
INSERT INTO `sys_user` VALUES (720000000000000008, 1, '2026-06-11 13:52:35', 1, '2026-06-11 13:52:35', 200, NULL, '吴十', 'wushi', 'c4bc9714ddb1992322bf7520bd6e09a0439d1fdcabbb5bc5a869a7128fb5f256', NULL, 1, '13800001008', NULL, 'wushi@demo.local', NULL, NULL, 1, NULL, NULL, 'zh-CN', 'moli', 0);
INSERT INTO `sys_user` VALUES (720000000000000009, 1, '2026-06-11 13:52:35', 1, '2026-06-11 13:52:35', 201, NULL, '郑十一', 'zheng11', 'c4bc9714ddb1992322bf7520bd6e09a0439d1fdcabbb5bc5a869a7128fb5f256', NULL, 0, '13800001009', NULL, 'zheng11@demo.local', NULL, NULL, 1, NULL, NULL, 'zh-CN', 'moli', 0);
INSERT INTO `sys_user` VALUES (720000000000000010, 1, '2026-06-11 13:52:35', 1, '2026-06-11 13:52:35', 202, NULL, '王小明', 'wangxm', 'c4bc9714ddb1992322bf7520bd6e09a0439d1fdcabbb5bc5a869a7128fb5f256', NULL, 1, '13800001010', NULL, 'wangxm@demo.local', NULL, NULL, 1, NULL, NULL, 'zh-CN', 'moli', 0);
INSERT INTO `sys_user` VALUES (720000000000000011, 1, '2026-06-11 13:52:35', 1, '2026-06-11 13:52:35', 203, NULL, '李小红', 'lixh', 'c4bc9714ddb1992322bf7520bd6e09a0439d1fdcabbb5bc5a869a7128fb5f256', NULL, 0, '13800001011', NULL, 'lixh@demo.local', NULL, NULL, 1, NULL, NULL, 'zh-CN', 'moli', 0);
INSERT INTO `sys_user` VALUES (720000000000000012, 1, '2026-06-11 13:52:35', 1, '2026-06-11 13:52:35', 300, NULL, '张伟', 'zhangw', 'c4bc9714ddb1992322bf7520bd6e09a0439d1fdcabbb5bc5a869a7128fb5f256', NULL, 1, '13800001012', NULL, 'zhangw@demo.local', NULL, NULL, 1, NULL, NULL, 'zh-CN', 'moli', 0);
INSERT INTO `sys_user` VALUES (720000000000000013, 1, '2026-06-11 13:52:35', 1, '2026-06-11 13:52:35', 301, NULL, '刘洋', 'liuyang', 'c4bc9714ddb1992322bf7520bd6e09a0439d1fdcabbb5bc5a869a7128fb5f256', NULL, 0, '13800001013', NULL, 'liuyang@demo.local', NULL, NULL, 1, NULL, NULL, 'zh-CN', 'moli', 0);
INSERT INTO `sys_user` VALUES (720000000000000014, 1, '2026-06-11 13:52:35', 1, '2026-06-11 13:52:35', 302, NULL, '陈静', 'chenjing', 'c4bc9714ddb1992322bf7520bd6e09a0439d1fdcabbb5bc5a869a7128fb5f256', NULL, 1, '13800001014', NULL, 'chenjing@demo.local', NULL, NULL, 1, NULL, NULL, 'zh-CN', 'moli', 0);
INSERT INTO `sys_user` VALUES (720000000000000015, 1, '2026-06-11 13:52:35', 1, '2026-06-11 13:52:35', 303, NULL, '杨帆', 'yangfan', 'c4bc9714ddb1992322bf7520bd6e09a0439d1fdcabbb5bc5a869a7128fb5f256', NULL, 0, '13800001015', NULL, 'yangfan@demo.local', NULL, NULL, 1, NULL, NULL, 'zh-CN', 'moli', 0);
INSERT INTO `sys_user` VALUES (720000000000000016, 1, '2026-06-11 13:52:35', 1, '2026-06-11 13:52:35', 100, NULL, '黄丽', 'huangli', 'c4bc9714ddb1992322bf7520bd6e09a0439d1fdcabbb5bc5a869a7128fb5f256', NULL, 1, '13800001016', NULL, 'huangli@demo.local', NULL, NULL, 1, NULL, NULL, 'zh-CN', 'moli', 0);
INSERT INTO `sys_user` VALUES (720000000000000017, 1, '2026-06-11 13:52:35', 1, '2026-06-11 13:52:35', 101, NULL, '林峰', 'linfeng', 'c4bc9714ddb1992322bf7520bd6e09a0439d1fdcabbb5bc5a869a7128fb5f256', NULL, 0, '13800001017', NULL, 'linfeng@demo.local', NULL, NULL, 1, NULL, NULL, 'zh-CN', 'moli', 0);
INSERT INTO `sys_user` VALUES (720000000000000018, 1, '2026-06-11 13:52:35', 1, '2026-06-11 13:52:35', 102, NULL, '何敏', 'hemin', 'c4bc9714ddb1992322bf7520bd6e09a0439d1fdcabbb5bc5a869a7128fb5f256', NULL, 1, '13800001018', NULL, 'hemin@demo.local', NULL, NULL, 1, NULL, NULL, 'zh-CN', 'moli', 0);
INSERT INTO `sys_user` VALUES (720000000000000019, 1, '2026-06-11 13:52:35', 1, '2026-06-11 13:52:35', 103, NULL, '高明', 'gaoming', 'c4bc9714ddb1992322bf7520bd6e09a0439d1fdcabbb5bc5a869a7128fb5f256', NULL, 0, '13800001019', NULL, 'gaoming@demo.local', NULL, NULL, 1, NULL, NULL, 'zh-CN', 'moli', 0);
INSERT INTO `sys_user` VALUES (720000000000000020, 1, '2026-06-11 13:52:35', 1, '2026-06-11 13:52:35', 104, NULL, '罗强', 'luoqiang', 'c4bc9714ddb1992322bf7520bd6e09a0439d1fdcabbb5bc5a869a7128fb5f256', NULL, 1, '13800001020', NULL, 'luoqiang@demo.local', NULL, NULL, 1, NULL, NULL, 'zh-CN', 'moli', 0);
INSERT INTO `sys_user` VALUES (720000000000000021, 1, '2026-06-11 13:52:35', 1, '2026-06-11 13:52:35', 105, NULL, '梁艳', 'liangyan', 'c4bc9714ddb1992322bf7520bd6e09a0439d1fdcabbb5bc5a869a7128fb5f256', NULL, 0, '13800001021', NULL, 'liangyan@demo.local', NULL, NULL, 1, NULL, NULL, 'zh-CN', 'moli', 0);
INSERT INTO `sys_user` VALUES (720000000000000022, 1, '2026-06-11 13:52:35', 1, '2026-06-11 13:52:35', 106, NULL, '宋磊', 'songlei', 'c4bc9714ddb1992322bf7520bd6e09a0439d1fdcabbb5bc5a869a7128fb5f256', NULL, 1, '13800001022', NULL, 'songlei@demo.local', NULL, NULL, 1, NULL, NULL, 'zh-CN', 'moli', 0);
INSERT INTO `sys_user` VALUES (720000000000000023, 1, '2026-06-11 13:52:35', 1, '2026-06-11 13:52:35', 200, NULL, '唐娟', 'tangjuan', 'c4bc9714ddb1992322bf7520bd6e09a0439d1fdcabbb5bc5a869a7128fb5f256', NULL, 0, '13800001023', NULL, 'tangjuan@demo.local', NULL, NULL, 1, NULL, NULL, 'zh-CN', 'moli', 0);
INSERT INTO `sys_user` VALUES (720000000000000024, 1, '2026-06-11 13:52:35', 1, '2026-06-11 13:52:35', 201, NULL, '韩雪', 'hanxue', 'c4bc9714ddb1992322bf7520bd6e09a0439d1fdcabbb5bc5a869a7128fb5f256', NULL, 1, '13800001024', NULL, 'hanxue@demo.local', NULL, NULL, 1, NULL, NULL, 'zh-CN', 'moli', 0);
INSERT INTO `sys_user` VALUES (720000000000000025, 1, '2026-06-11 13:52:35', 1, '2026-06-11 13:52:35', 202, NULL, '冯涛', 'fengtao', 'c4bc9714ddb1992322bf7520bd6e09a0439d1fdcabbb5bc5a869a7128fb5f256', NULL, 0, '13800001025', NULL, 'fengtao@demo.local', NULL, NULL, 1, NULL, NULL, 'zh-CN', 'moli', 0);
INSERT INTO `sys_user` VALUES (720000000000000026, 1, '2026-06-11 13:52:35', 1, '2026-06-11 13:52:35', 203, NULL, '董娜', 'dongna', 'c4bc9714ddb1992322bf7520bd6e09a0439d1fdcabbb5bc5a869a7128fb5f256', NULL, 1, '13800001026', NULL, 'dongna@demo.local', NULL, NULL, 1, NULL, NULL, 'zh-CN', 'moli', 0);
INSERT INTO `sys_user` VALUES (720000000000000027, 1, '2026-06-11 13:52:35', 1, '2026-06-11 13:52:35', 300, NULL, '萧勇', 'xiaoyong', 'c4bc9714ddb1992322bf7520bd6e09a0439d1fdcabbb5bc5a869a7128fb5f256', NULL, 0, '13800001027', NULL, 'xiaoyong@demo.local', NULL, NULL, 1, NULL, NULL, 'zh-CN', 'moli', 0);
INSERT INTO `sys_user` VALUES (720000000000000028, 1, '2026-06-11 13:52:35', 1, '2026-06-11 13:52:35', 301, NULL, '程琳', 'chenglin', 'c4bc9714ddb1992322bf7520bd6e09a0439d1fdcabbb5bc5a869a7128fb5f256', NULL, 1, '13800001028', NULL, 'chenglin@demo.local', NULL, NULL, 1, NULL, NULL, 'zh-CN', 'moli', 0);
INSERT INTO `sys_user` VALUES (720000000000000029, 1, '2026-06-11 13:52:35', 1, '2026-06-11 13:52:35', 302, NULL, '曹杰', 'caojie', 'c4bc9714ddb1992322bf7520bd6e09a0439d1fdcabbb5bc5a869a7128fb5f256', NULL, 0, '13800001029', NULL, 'caojie@demo.local', NULL, NULL, 1, NULL, NULL, 'zh-CN', 'moli', 0);
INSERT INTO `sys_user` VALUES (720000000000000030, 1, '2026-06-11 13:52:35', 1, '2026-06-11 13:52:35', 303, NULL, '袁芳', 'yuanfang', 'c4bc9714ddb1992322bf7520bd6e09a0439d1fdcabbb5bc5a869a7128fb5f256', NULL, 1, '13800001030', NULL, 'yuanfang@demo.local', NULL, NULL, 1, NULL, NULL, 'zh-CN', 'moli', 0);
INSERT INTO `sys_user` VALUES (720351341083361280, 1, '2026-06-11 18:59:03', NULL, NULL, NULL, NULL, 'test', 'test', 'a7917efb0e543c470f9a78a12e73f7d7802e589f4133cc83e29b83d54efef169', NULL, 0, NULL, NULL, NULL, NULL, NULL, 1, NULL, NULL, 'zh-CN', 'moli', 0);

-- ----------------------------
-- Table structure for sys_user_post
-- ----------------------------
DROP TABLE IF EXISTS `sys_user_post`;
CREATE TABLE `sys_user_post`  (
  `id` bigint NOT NULL COMMENT '主键',
  `user_id` bigint NULL DEFAULT NULL COMMENT '用户ID',
  `post_id` bigint NULL DEFAULT NULL COMMENT '岗位ID',
  PRIMARY KEY (`id`) USING BTREE,
  INDEX `idx_sys_user_post_user_id`(`user_id` ASC) USING BTREE,
  INDEX `idx_sys_user_post_post_id`(`post_id` ASC) USING BTREE
) ENGINE = InnoDB CHARACTER SET = utf8mb4 COLLATE = utf8mb4_general_ci COMMENT = '用户-岗位' ROW_FORMAT = Dynamic;

-- ----------------------------
-- Records of sys_user_post
-- ----------------------------
INSERT INTO `sys_user_post` VALUES (719717712137289728, 719712653013942272, 12);

-- ----------------------------
-- Table structure for sys_user_role
-- ----------------------------
DROP TABLE IF EXISTS `sys_user_role`;
CREATE TABLE `sys_user_role`  (
  `id` bigint NOT NULL COMMENT '主键',
  `user_id` bigint NULL DEFAULT NULL COMMENT '用户ID',
  `role_id` bigint NULL DEFAULT NULL COMMENT '角色ID',
  PRIMARY KEY (`id`) USING BTREE,
  INDEX `idx_sys_user_role_user_id`(`user_id` ASC) USING BTREE,
  INDEX `idx_sys_user_role_role_id`(`role_id` ASC) USING BTREE
) ENGINE = InnoDB CHARACTER SET = utf8mb4 COLLATE = utf8mb4_general_ci COMMENT = '用户-角色' ROW_FORMAT = Dynamic;

-- ----------------------------
-- Records of sys_user_role
-- ----------------------------
INSERT INTO `sys_user_role` VALUES (720100000000000002, 720000000000000002, 2);
INSERT INTO `sys_user_role` VALUES (720100000000000003, 720000000000000003, 2);
INSERT INTO `sys_user_role` VALUES (720100000000000004, 720000000000000004, 2);
INSERT INTO `sys_user_role` VALUES (720100000000000005, 720000000000000005, 2);
INSERT INTO `sys_user_role` VALUES (720100000000000006, 720000000000000006, 3);
INSERT INTO `sys_user_role` VALUES (720100000000000007, 720000000000000007, 3);
INSERT INTO `sys_user_role` VALUES (720100000000000008, 720000000000000008, 3);
INSERT INTO `sys_user_role` VALUES (720100000000000009, 720000000000000009, 3);
INSERT INTO `sys_user_role` VALUES (720100000000000010, 720000000000000010, 3);
INSERT INTO `sys_user_role` VALUES (720100000000000011, 720000000000000011, 4);
INSERT INTO `sys_user_role` VALUES (720100000000000012, 720000000000000012, 4);
INSERT INTO `sys_user_role` VALUES (720100000000000013, 720000000000000013, 4);
INSERT INTO `sys_user_role` VALUES (720100000000000014, 720000000000000014, 4);
INSERT INTO `sys_user_role` VALUES (720100000000000015, 720000000000000015, 5);
INSERT INTO `sys_user_role` VALUES (720100000000000016, 720000000000000016, 5);
INSERT INTO `sys_user_role` VALUES (720100000000000017, 720000000000000017, 5);
INSERT INTO `sys_user_role` VALUES (720100000000000018, 720000000000000018, 5);
INSERT INTO `sys_user_role` VALUES (720100000000000019, 720000000000000019, 6);
INSERT INTO `sys_user_role` VALUES (720100000000000020, 720000000000000020, 6);
INSERT INTO `sys_user_role` VALUES (720100000000000021, 720000000000000021, 6);
INSERT INTO `sys_user_role` VALUES (720100000000000022, 720000000000000022, 6);
INSERT INTO `sys_user_role` VALUES (720100000000000023, 720000000000000023, 7);
INSERT INTO `sys_user_role` VALUES (720100000000000024, 720000000000000024, 7);
INSERT INTO `sys_user_role` VALUES (720100000000000025, 720000000000000025, 7);
INSERT INTO `sys_user_role` VALUES (720100000000000026, 720000000000000026, 7);
INSERT INTO `sys_user_role` VALUES (720100000000000027, 720000000000000027, 8);
INSERT INTO `sys_user_role` VALUES (720100000000000028, 720000000000000028, 8);
INSERT INTO `sys_user_role` VALUES (720100000000000029, 720000000000000029, 8);
INSERT INTO `sys_user_role` VALUES (720100000000000030, 720000000000000030, 8);
INSERT INTO `sys_user_role` VALUES (720352608136462336, 719712653013942272, 9);
INSERT INTO `sys_user_role` VALUES (720357353446178816, 720351341083361280, 720354230530998272);

-- ----------------------------
-- Table structure for sys_user_system
-- ----------------------------
DROP TABLE IF EXISTS `sys_user_system`;
CREATE TABLE `sys_user_system`  (
  `id` bigint NOT NULL COMMENT '主键',
  `user_id` bigint NOT NULL COMMENT '用户ID',
  `system_id` bigint NOT NULL COMMENT '系统ID',
  `is_default` int NULL DEFAULT 0 COMMENT '1默认 0否',
  PRIMARY KEY (`id`) USING BTREE,
  INDEX `idx_sys_user_system_user_id`(`user_id` ASC) USING BTREE,
  INDEX `idx_sys_user_system_system_id`(`system_id` ASC) USING BTREE
) ENGINE = InnoDB CHARACTER SET = utf8mb4 COLLATE = utf8mb4_general_ci COMMENT = '用户-系统' ROW_FORMAT = Dynamic;

-- ----------------------------
-- Records of sys_user_system
-- ----------------------------
INSERT INTO `sys_user_system` VALUES (50001, 1, 1, 1);
INSERT INTO `sys_user_system` VALUES (50002, 2, 1, 1);
INSERT INTO `sys_user_system` VALUES (720262872218730496, 720000000000000019, 1, 1);
INSERT INTO `sys_user_system` VALUES (720262872357142528, 720000000000000020, 1, 1);
INSERT INTO `sys_user_system` VALUES (720262872491360256, 720000000000000021, 1, 1);
INSERT INTO `sys_user_system` VALUES (720358244278599680, 720000000000000022, 1, 1);
INSERT INTO `sys_user_system` VALUES (720358244467343360, 720000000000000023, 1, 1);
INSERT INTO `sys_user_system` VALUES (720358555630174208, 719712653013942272, 2, 1);
INSERT INTO `sys_user_system` VALUES (720358555634368512, 719712653013942272, 10, 0);
INSERT INTO `sys_user_system` VALUES (720358555638562816, 719712653013942272, 1, 0);
INSERT INTO `sys_user_system` VALUES (720358555818917888, 720000000000000002, 1, 1);
INSERT INTO `sys_user_system` VALUES (720358555995078656, 720000000000000003, 1, 1);
INSERT INTO `sys_user_system` VALUES (720358556221571072, 720000000000000004, 1, 1);
INSERT INTO `sys_user_system` VALUES (720358556397731840, 720000000000000005, 1, 1);
INSERT INTO `sys_user_system` VALUES (720358556569698304, 720000000000000006, 1, 1);
INSERT INTO `sys_user_system` VALUES (720358556766830592, 720000000000000007, 1, 1);
INSERT INTO `sys_user_system` VALUES (720358556972351488, 720000000000000008, 1, 1);
INSERT INTO `sys_user_system` VALUES (720358557131735040, 720000000000000009, 1, 1);
INSERT INTO `sys_user_system` VALUES (720358557509222400, 720000000000000010, 1, 1);
INSERT INTO `sys_user_system` VALUES (720358557702160384, 720000000000000011, 1, 1);
INSERT INTO `sys_user_system` VALUES (720358557861543936, 720000000000000012, 1, 1);
INSERT INTO `sys_user_system` VALUES (720358558008344576, 720000000000000013, 1, 1);
INSERT INTO `sys_user_system` VALUES (720358558226448384, 720000000000000014, 1, 1);
INSERT INTO `sys_user_system` VALUES (720358558402609152, 720000000000000015, 1, 1);
INSERT INTO `sys_user_system` VALUES (720358558582964224, 720000000000000016, 1, 1);
INSERT INTO `sys_user_system` VALUES (720358558738153472, 720000000000000017, 1, 1);
INSERT INTO `sys_user_system` VALUES (720358558914314240, 720000000000000018, 1, 1);
INSERT INTO `sys_user_system` VALUES (720358559170166784, 720000000000000024, 1, 1);
INSERT INTO `sys_user_system` VALUES (720358559375687680, 720000000000000025, 1, 1);
INSERT INTO `sys_user_system` VALUES (720358596507860992, 720000000000000026, 1, 1);
INSERT INTO `sys_user_system` VALUES (720358596784685056, 720000000000000027, 1, 1);
INSERT INTO `sys_user_system` VALUES (720358596998594560, 720000000000000028, 1, 1);
INSERT INTO `sys_user_system` VALUES (720358597225086976, 720000000000000029, 1, 1);
INSERT INTO `sys_user_system` VALUES (720358597531271168, 720000000000000030, 1, 1);
INSERT INTO `sys_user_system` VALUES (720358942684741632, 720351341083361280, 1, 1);
INSERT INTO `sys_user_system` VALUES (720358942693130240, 720351341083361280, 3, 0);
INSERT INTO `sys_user_system` VALUES (720358942697324544, 720351341083361280, 8, 0);
INSERT INTO `sys_user_system` VALUES (720358942701518848, 720351341083361280, 9, 0);
INSERT INTO `sys_user_system` VALUES (720358942705713152, 720351341083361280, 10, 0);
INSERT INTO `sys_user_system` VALUES (720358942709907456, 720351341083361280, 11, 0);
INSERT INTO `sys_user_system` VALUES (720358942714101760, 720351341083361280, 12, 0);
INSERT INTO `sys_user_system` VALUES (720358942718296064, 720351341083361280, 13, 0);
INSERT INTO `sys_user_system` VALUES (720358942722490368, 720351341083361280, 14, 0);
INSERT INTO `sys_user_system` VALUES (720358942722490369, 720351341083361280, 15, 0);
INSERT INTO `sys_user_system` VALUES (720358942726684672, 720351341083361280, 16, 0);
INSERT INTO `sys_user_system` VALUES (720358942730878976, 720351341083361280, 4, 0);
INSERT INTO `sys_user_system` VALUES (720358942735073280, 720351341083361280, 5, 0);
INSERT INTO `sys_user_system` VALUES (720358942735073281, 720351341083361280, 26, 0);
INSERT INTO `sys_user_system` VALUES (720358942739267584, 720351341083361280, 27, 0);
INSERT INTO `sys_user_system` VALUES (720358942743461888, 720351341083361280, 28, 0);
INSERT INTO `sys_user_system` VALUES (720358942747656192, 720351341083361280, 29, 0);
INSERT INTO `sys_user_system` VALUES (720358942751850496, 720351341083361280, 30, 0);
INSERT INTO `sys_user_system` VALUES (720358942760239104, 720351341083361280, 31, 0);
INSERT INTO `sys_user_system` VALUES (720358942764433408, 720351341083361280, 32, 0);
INSERT INTO `sys_user_system` VALUES (720358942768627712, 720351341083361280, 6, 0);
INSERT INTO `sys_user_system` VALUES (720358942772822016, 720351341083361280, 17, 0);
INSERT INTO `sys_user_system` VALUES (720358942772822017, 720351341083361280, 18, 0);
INSERT INTO `sys_user_system` VALUES (720358942777016320, 720351341083361280, 19, 0);
INSERT INTO `sys_user_system` VALUES (720358942781210624, 720351341083361280, 20, 0);
INSERT INTO `sys_user_system` VALUES (720358942785404928, 720351341083361280, 21, 0);
INSERT INTO `sys_user_system` VALUES (720358942785404929, 720351341083361280, 22, 0);
INSERT INTO `sys_user_system` VALUES (720358942789599232, 720351341083361280, 23, 0);
INSERT INTO `sys_user_system` VALUES (720358942793793536, 720351341083361280, 24, 0);
INSERT INTO `sys_user_system` VALUES (720358942797987840, 720351341083361280, 25, 0);
INSERT INTO `sys_user_system` VALUES (720358942797987841, 720351341083361280, 2, 0);
INSERT INTO `sys_user_system` VALUES (720358942802182144, 720351341083361280, 33, 0);
INSERT INTO `sys_user_system` VALUES (720358942806376448, 720351341083361280, 34, 0);
INSERT INTO `sys_user_system` VALUES (720358942810570752, 720351341083361280, 35, 0);
INSERT INTO `sys_user_system` VALUES (720358942814765056, 720351341083361280, 36, 0);
INSERT INTO `sys_user_system` VALUES (720358942814765057, 720351341083361280, 37, 0);
INSERT INTO `sys_user_system` VALUES (720358942823153664, 720351341083361280, 38, 0);
INSERT INTO `sys_user_system` VALUES (720358942827347968, 720351341083361280, 7, 0);

SET FOREIGN_KEY_CHECKS = 1;
